record_id,window_id,observation_date,event_date,source_type,industry,region,signal_text,source_signal_score,disruption_imminent,disruption_category,severity,lead_time_days,split,synthetic,annotation_basis
SCW-0001-1,SCW-0001,2025-01-01,,news,Logistics,Southeast Asia,Manufacturers reported routine operations and balanced inventory positions across major distribution channels. Sector context: logistics; region: southeast asia.,0.237,0,none,none,,train,1,template-generated synthetic scenario
SCW-0001-2,SCW-0001,2025-01-01,,social_media,Logistics,Southeast Asia,Procurement discussions show typical lead times and stable availability for most monitored inputs. Sector context: logistics; region: southeast asia.,0.372,0,none,none,,train,1,template-generated synthetic scenario
SCW-0001-3,SCW-0001,2025-01-01,,supplier_communication,Logistics,Southeast Asia,Vendor communication confirms normal operating capacity and standard lead times for current purchase orders. Sector context: logistics; region: southeast asia.,0.02,0,none,none,,train,1,template-generated synthetic scenario
SCW-0001-4,SCW-0001,2025-01-01,,financial_report,Logistics,Southeast Asia,Management reported stable operations and no material supply interruptions during the current reporting period. Sector context: logistics; region: southeast asia.,0.086,0,none,none,,train,1,template-generated synthetic scenario
SCW-0002-1,SCW-0002,2025-01-02,,news,Consumer Electronics,South Asia,Manufacturers reported routine operations and balanced inventory positions across major distribution channels. Sector context: consumer electronics; region: south asia.,0.288,0,none,none,,train,1,template-generated synthetic scenario
SCW-0002-2,SCW-0002,2025-01-02,,social_media,Consumer Electronics,South Asia,Routine logistics updates indicate normal transit times and no unusual capacity constraints across key lanes. Sector context: consumer electronics; region: south asia.,0.32,0,none,none,,train,1,template-generated synthetic scenario
SCW-0002-3,SCW-0002,2025-01-02,,supplier_communication,Consumer Electronics,South Asia,Vendor communication confirms normal operating capacity and standard lead times for current purchase orders. Sector context: consumer electronics; region: south asia.,0.253,0,none,none,,train,1,template-generated synthetic scenario
SCW-0002-4,SCW-0002,2025-01-02,,financial_report,Consumer Electronics,South Asia,Management reported stable operations and no material supply interruptions during the current reporting period. Sector context: consumer electronics; region: south asia.,0.272,0,none,none,,train,1,template-generated synthetic scenario
SCW-0003-1,SCW-0003,2025-01-03,2025-01-07,news,Aerospace,Latin America,"A manufacturing network is experiencing system outages following a cybersecurity event, affecting production scheduling. Sector context: aerospace; region: latin america.",0.841,1,cyber_incident,high,4,train,1,template-generated synthetic scenario
SCW-0003-2,SCW-0003,2025-01-03,2025-01-07,social_media,Aerospace,Latin America,Operations teams are sharing reports of unavailable planning systems and delayed warehouse transactions. Sector context: aerospace; region: latin america.,0.886,1,cyber_incident,high,4,train,1,template-generated synthetic scenario
SCW-0003-3,SCW-0003,2025-01-03,2025-01-07,supplier_communication,Aerospace,Latin America,"Vendor advisory states that manual processes are in place while systems are restored, potentially affecting shipment confirmation. Sector context: aerospace; region: latin america.",0.802,1,cyber_incident,high,4,train,1,template-generated synthetic scenario
SCW-0003-4,SCW-0003,2025-01-03,2025-01-07,financial_report,Aerospace,Latin America,Management noted business-continuity risk from recent system disruption and ongoing remediation activities. Sector context: aerospace; region: latin america.,0.776,1,cyber_incident,high,4,train,1,template-generated synthetic scenario
SCW-0004-1,SCW-0004,2025-01-04,,news,Pharmaceuticals,Latin America,"Industry output remained broadly stable this week, with normal freight flows and no material production interruptions reported. Sector context: pharmaceuticals; region: latin america.",0.221,0,none,none,,train,1,template-generated synthetic scenario
SCW-0004-2,SCW-0004,2025-01-04,,social_media,Pharmaceuticals,Latin America,Routine logistics updates indicate normal transit times and no unusual capacity constraints across key lanes. Sector context: pharmaceuticals; region: latin america.,0.148,0,none,none,,train,1,template-generated synthetic scenario
SCW-0004-3,SCW-0004,2025-01-04,,supplier_communication,Pharmaceuticals,Latin America,Vendor communication confirms normal operating capacity and standard lead times for current purchase orders. Sector context: pharmaceuticals; region: latin america.,0.18,0,none,none,,train,1,template-generated synthetic scenario
SCW-0004-4,SCW-0004,2025-01-04,,financial_report,Pharmaceuticals,Latin America,Risk commentary indicates standard operating conditions with no significant new supply constraints. Sector context: pharmaceuticals; region: latin america.,0.224,0,none,none,,train,1,template-generated synthetic scenario
SCW-0005-1,SCW-0005,2025-01-05,,news,Consumer Electronics,North America,"Industry output remained broadly stable this week, with normal freight flows and no material production interruptions reported. Sector context: consumer electronics; region: north america.",0.297,0,none,none,,train,1,template-generated synthetic scenario
SCW-0005-2,SCW-0005,2025-01-05,,social_media,Consumer Electronics,North America,Procurement discussions show typical lead times and stable availability for most monitored inputs. Sector context: consumer electronics; region: north america.,0.223,0,none,none,,train,1,template-generated synthetic scenario
SCW-0005-3,SCW-0005,2025-01-05,,supplier_communication,Consumer Electronics,North America,"Supplier update: production and shipment schedules remain on plan, with no material changes to committed delivery dates. Sector context: consumer electronics; region: north america.",0.244,0,none,none,,train,1,template-generated synthetic scenario
SCW-0005-4,SCW-0005,2025-01-05,,financial_report,Consumer Electronics,North America,Risk commentary indicates standard operating conditions with no significant new supply constraints. Sector context: consumer electronics; region: north america.,0.206,0,none,none,,train,1,template-generated synthetic scenario
SCW-0006-1,SCW-0006,2025-01-06,2025-01-08,news,Industrial Manufacturing,Latin America,A key component producer is reportedly facing liquidity pressure and has reduced output at several facilities. Sector context: industrial manufacturing; region: latin america.,0.799,1,supplier_failure,high,2,train,1,template-generated synthetic scenario
SCW-0006-2,SCW-0006,2025-01-06,2025-01-08,social_media,Industrial Manufacturing,Latin America,"Channel checks suggest recurring shipment delays from a component supplier, with buyers searching for alternate sources. Sector context: industrial manufacturing; region: latin america.",0.78,1,supplier_failure,high,2,train,1,template-generated synthetic scenario
SCW-0006-3,SCW-0006,2025-01-06,2025-01-08,supplier_communication,Industrial Manufacturing,Latin America,Vendor communication states that production throughput has declined and allocation controls may be introduced. Sector context: industrial manufacturing; region: latin america.,0.806,1,supplier_failure,high,2,train,1,template-generated synthetic scenario
SCW-0006-4,SCW-0006,2025-01-06,2025-01-08,financial_report,Industrial Manufacturing,Latin America,Financial commentary identifies liquidity and capacity constraints that could affect fulfillment of customer orders. Sector context: industrial manufacturing; region: latin america.,0.785,1,supplier_failure,high,2,train,1,template-generated synthetic scenario
SCW-0007-1,SCW-0007,2025-01-07,,news,Medical Devices,East Asia,"Industry output remained broadly stable this week, with normal freight flows and no material production interruptions reported. Sector context: medical devices; region: east asia.",0.435,0,none,none,,train,1,template-generated synthetic scenario
SCW-0007-2,SCW-0007,2025-01-07,,social_media,Medical Devices,East Asia,Routine logistics updates indicate normal transit times and no unusual capacity constraints across key lanes. Sector context: medical devices; region: east asia.,0.357,0,none,none,,train,1,template-generated synthetic scenario
SCW-0007-3,SCW-0007,2025-01-07,,supplier_communication,Medical Devices,East Asia,"Supplier update: production and shipment schedules remain on plan, with no material changes to committed delivery dates. Sector context: medical devices; region: east asia.",0.34,0,none,none,,train,1,template-generated synthetic scenario
SCW-0007-4,SCW-0007,2025-01-07,,financial_report,Medical Devices,East Asia,Risk commentary indicates standard operating conditions with no significant new supply constraints. Sector context: medical devices; region: east asia.,0.272,0,none,none,,train,1,template-generated synthetic scenario
SCW-0008-1,SCW-0008,2025-01-08,2025-01-19,news,Medical Devices,Middle East,A key component producer is reportedly facing liquidity pressure and has reduced output at several facilities. Sector context: medical devices; region: middle east.,0.58,1,supplier_failure,medium,11,train,1,template-generated synthetic scenario
SCW-0008-2,SCW-0008,2025-01-08,2025-01-19,social_media,Medical Devices,Middle East,Multiple procurement discussions mention missed commitments and reduced availability from a shared upstream supplier. Sector context: medical devices; region: middle east.,0.541,1,supplier_failure,medium,11,train,1,template-generated synthetic scenario
SCW-0008-3,SCW-0008,2025-01-08,2025-01-19,supplier_communication,Medical Devices,Middle East,Supplier advisory: capacity is temporarily constrained and certain purchase orders may be delayed beyond contractual dates. Sector context: medical devices; region: middle east.,0.658,1,supplier_failure,medium,11,train,1,template-generated synthetic scenario
SCW-0008-4,SCW-0008,2025-01-08,2025-01-19,financial_report,Medical Devices,Middle East,The supplier disclosed elevated working-capital pressure and uncertainty regarding near-term production continuity. Sector context: medical devices; region: middle east.,0.74,1,supplier_failure,medium,11,train,1,template-generated synthetic scenario
SCW-0009-1,SCW-0009,2025-01-09,2025-01-10,news,Aerospace,East Asia,Authorities announced revised product-origin requirements that may delay cross-border shipments during the transition period. Sector context: aerospace; region: east asia.,0.728,1,regulatory_policy,medium,1,train,1,template-generated synthetic scenario
SCW-0009-2,SCW-0009,2025-01-09,2025-01-10,social_media,Aerospace,East Asia,Trade groups are discussing new customs rules and warning members to prepare for documentation and clearance delays. Sector context: aerospace; region: east asia.,0.699,1,regulatory_policy,medium,1,train,1,template-generated synthetic scenario
SCW-0009-3,SCW-0009,2025-01-09,2025-01-10,supplier_communication,Aerospace,East Asia,Supplier notice: updated environmental compliance requirements may affect export documentation and lead times for upcoming orders. Sector context: aerospace; region: east asia.,0.672,1,regulatory_policy,medium,1,train,1,template-generated synthetic scenario
SCW-0009-4,SCW-0009,2025-01-09,2025-01-10,financial_report,Aerospace,East Asia,Risk factors note uncertainty from changing product-origin rules and possible delays in international supply flows. Sector context: aerospace; region: east asia.,0.599,1,regulatory_policy,medium,1,train,1,template-generated synthetic scenario
SCW-0010-1,SCW-0010,2025-01-10,,news,Logistics,South Asia,Manufacturers reported routine operations and balanced inventory positions across major distribution channels. Sector context: logistics; region: south asia.,0.421,0,none,none,,train,1,template-generated synthetic scenario
SCW-0010-2,SCW-0010,2025-01-10,,social_media,Logistics,South Asia,Routine logistics updates indicate normal transit times and no unusual capacity constraints across key lanes. Sector context: logistics; region: south asia.,0.218,0,none,none,,train,1,template-generated synthetic scenario
SCW-0010-3,SCW-0010,2025-01-10,,supplier_communication,Logistics,South Asia,"Supplier update: production and shipment schedules remain on plan, with no material changes to committed delivery dates. Sector context: logistics; region: south asia.",0.197,0,none,none,,train,1,template-generated synthetic scenario
SCW-0010-4,SCW-0010,2025-01-10,,financial_report,Logistics,South Asia,Risk commentary indicates standard operating conditions with no significant new supply constraints. Sector context: logistics; region: south asia.,0.37,0,none,none,,train,1,template-generated synthetic scenario
SCW-0011-1,SCW-0011,2025-01-11,,news,Semiconductors,North America,"Industry output remained broadly stable this week, with normal freight flows and no material production interruptions reported. Sector context: semiconductors; region: north america.",0.252,0,none,none,,train,1,template-generated synthetic scenario
SCW-0011-2,SCW-0011,2025-01-11,,social_media,Semiconductors,North America,Procurement discussions show typical lead times and stable availability for most monitored inputs. Sector context: semiconductors; region: north america.,0.222,0,none,none,,train,1,template-generated synthetic scenario
SCW-0011-3,SCW-0011,2025-01-11,,supplier_communication,Semiconductors,North America,Vendor communication confirms normal operating capacity and standard lead times for current purchase orders. Sector context: semiconductors; region: north america.,0.206,0,none,none,,train,1,template-generated synthetic scenario
SCW-0011-4,SCW-0011,2025-01-11,,financial_report,Semiconductors,North America,Risk commentary indicates standard operating conditions with no significant new supply constraints. Sector context: semiconductors; region: north america.,0.337,0,none,none,,train,1,template-generated synthetic scenario
SCW-0012-1,SCW-0012,2025-01-12,,news,Retail,Latin America,Manufacturers reported routine operations and balanced inventory positions across major distribution channels. Sector context: retail; region: latin america.,0.084,0,none,none,,train,1,template-generated synthetic scenario
SCW-0012-2,SCW-0012,2025-01-12,,social_media,Retail,Latin America,Procurement discussions show typical lead times and stable availability for most monitored inputs. Sector context: retail; region: latin america.,0.293,0,none,none,,train,1,template-generated synthetic scenario
SCW-0012-3,SCW-0012,2025-01-12,,supplier_communication,Retail,Latin America,Vendor communication confirms normal operating capacity and standard lead times for current purchase orders. Sector context: retail; region: latin america.,0.264,0,none,none,,train,1,template-generated synthetic scenario
SCW-0012-4,SCW-0012,2025-01-12,,financial_report,Retail,Latin America,Risk commentary indicates standard operating conditions with no significant new supply constraints. Sector context: retail; region: latin america.,0.068,0,none,none,,train,1,template-generated synthetic scenario
SCW-0013-1,SCW-0013,2025-01-13,,news,Pharmaceuticals,Global,Manufacturers reported routine operations and balanced inventory positions across major distribution channels. Sector context: pharmaceuticals; region: global.,0.12,0,none,none,,train,1,template-generated synthetic scenario
SCW-0013-2,SCW-0013,2025-01-13,,social_media,Pharmaceuticals,Global,Procurement discussions show typical lead times and stable availability for most monitored inputs. Sector context: pharmaceuticals; region: global.,0.264,0,none,none,,train,1,template-generated synthetic scenario
SCW-0013-3,SCW-0013,2025-01-13,,supplier_communication,Pharmaceuticals,Global,"Supplier update: production and shipment schedules remain on plan, with no material changes to committed delivery dates. Sector context: pharmaceuticals; region: global.",0.318,0,none,none,,train,1,template-generated synthetic scenario
SCW-0013-4,SCW-0013,2025-01-13,,financial_report,Pharmaceuticals,Global,Risk commentary indicates standard operating conditions with no significant new supply constraints. Sector context: pharmaceuticals; region: global.,0.02,0,none,none,,train,1,template-generated synthetic scenario
SCW-0014-1,SCW-0014,2025-01-14,,news,Consumer Electronics,Global,"Industry output remained broadly stable this week, with normal freight flows and no material production interruptions reported. Sector context: consumer electronics; region: global.",0.261,0,none,none,,train,1,template-generated synthetic scenario
SCW-0014-2,SCW-0014,2025-01-14,,social_media,Consumer Electronics,Global,Routine logistics updates indicate normal transit times and no unusual capacity constraints across key lanes. Sector context: consumer electronics; region: global.,0.227,0,none,none,,train,1,template-generated synthetic scenario
SCW-0014-3,SCW-0014,2025-01-14,,supplier_communication,Consumer Electronics,Global,"Supplier update: production and shipment schedules remain on plan, with no material changes to committed delivery dates. Sector context: consumer electronics; region: global.",0.152,0,none,none,,train,1,template-generated synthetic scenario
SCW-0014-4,SCW-0014,2025-01-14,,financial_report,Consumer Electronics,Global,Risk commentary indicates standard operating conditions with no significant new supply constraints. Sector context: consumer electronics; region: global.,0.275,0,none,none,,train,1,template-generated synthetic scenario
SCW-0015-1,SCW-0015,2025-01-15,,news,Logistics,Europe,Manufacturers reported routine operations and balanced inventory positions across major distribution channels. Sector context: logistics; region: europe.,0.291,0,none,none,,train,1,template-generated synthetic scenario
SCW-0015-2,SCW-0015,2025-01-15,,social_media,Logistics,Europe,Routine logistics updates indicate normal transit times and no unusual capacity constraints across key lanes. Sector context: logistics; region: europe.,0.229,0,none,none,,train,1,template-generated synthetic scenario
SCW-0015-3,SCW-0015,2025-01-15,,supplier_communication,Logistics,Europe,"Supplier update: production and shipment schedules remain on plan, with no material changes to committed delivery dates. Sector context: logistics; region: europe.",0.407,0,none,none,,train,1,template-generated synthetic scenario
SCW-0015-4,SCW-0015,2025-01-15,,financial_report,Logistics,Europe,Management reported stable operations and no material supply interruptions during the current reporting period. Sector context: logistics; region: europe.,0.298,0,none,none,,train,1,template-generated synthetic scenario
SCW-0016-1,SCW-0016,2025-01-16,,news,Semiconductors,Southeast Asia,"Industry output remained broadly stable this week, with normal freight flows and no material production interruptions reported. Sector context: semiconductors; region: southeast asia.",0.02,0,none,none,,train,1,template-generated synthetic scenario
SCW-0016-2,SCW-0016,2025-01-16,,social_media,Semiconductors,Southeast Asia,Procurement discussions show typical lead times and stable availability for most monitored inputs. Sector context: semiconductors; region: southeast asia.,0.341,0,none,none,,train,1,template-generated synthetic scenario
SCW-0016-3,SCW-0016,2025-01-16,,supplier_communication,Semiconductors,Southeast Asia,Vendor communication confirms normal operating capacity and standard lead times for current purchase orders. Sector context: semiconductors; region: southeast asia.,0.23,0,none,none,,train,1,template-generated synthetic scenario
SCW-0016-4,SCW-0016,2025-01-16,,financial_report,Semiconductors,Southeast Asia,Risk commentary indicates standard operating conditions with no significant new supply constraints. Sector context: semiconductors; region: southeast asia.,0.212,0,none,none,,train,1,template-generated synthetic scenario
SCW-0017-1,SCW-0017,2025-01-17,2025-01-29,news,Aerospace,North America,"Escalating regional tensions are affecting shipping routes and insurance costs, with carriers considering alternate corridors. Sector context: aerospace; region: north america.",0.784,1,geopolitical,medium,12,train,1,template-generated synthetic scenario
SCW-0017-2,SCW-0017,2025-01-17,2025-01-29,social_media,Aerospace,North America,Freight forums report route diversions and rising spot rates as carriers avoid a high-risk corridor. Sector context: aerospace; region: north america.,0.597,1,geopolitical,medium,12,train,1,template-generated synthetic scenario
SCW-0017-3,SCW-0017,2025-01-17,2025-01-29,supplier_communication,Aerospace,North America,"Supplier update: geopolitical conditions may affect transit routes, lead times, and availability of selected inputs. Sector context: aerospace; region: north america.",0.711,1,geopolitical,medium,12,train,1,template-generated synthetic scenario
SCW-0017-4,SCW-0017,2025-01-17,2025-01-29,financial_report,Aerospace,North America,"Management identified geopolitical instability as a material risk to sourcing continuity, freight costs, and supplier availability. Sector context: aerospace; region: north america.",0.671,1,geopolitical,medium,12,train,1,template-generated synthetic scenario
SCW-0018-1,SCW-0018,2025-01-18,,news,Semiconductors,East Asia,Manufacturers reported routine operations and balanced inventory positions across major distribution channels. Sector context: semiconductors; region: east asia.,0.123,0,none,none,,train,1,template-generated synthetic scenario
SCW-0018-2,SCW-0018,2025-01-18,,social_media,Semiconductors,East Asia,Procurement discussions show typical lead times and stable availability for most monitored inputs. Sector context: semiconductors; region: east asia.,0.258,0,none,none,,train,1,template-generated synthetic scenario
SCW-0018-3,SCW-0018,2025-01-18,,supplier_communication,Semiconductors,East Asia,Vendor communication confirms normal operating capacity and standard lead times for current purchase orders. Sector context: semiconductors; region: east asia.,0.17,0,none,none,,train,1,template-generated synthetic scenario
SCW-0018-4,SCW-0018,2025-01-18,,financial_report,Semiconductors,East Asia,Risk commentary indicates standard operating conditions with no significant new supply constraints. Sector context: semiconductors; region: east asia.,0.286,0,none,none,,train,1,template-generated synthetic scenario
SCW-0019-1,SCW-0019,2025-01-19,,news,Semiconductors,Global,"Industry output remained broadly stable this week, with normal freight flows and no material production interruptions reported. Sector context: semiconductors; region: global.",0.326,0,none,none,,train,1,template-generated synthetic scenario
SCW-0019-2,SCW-0019,2025-01-19,,social_media,Semiconductors,Global,Routine logistics updates indicate normal transit times and no unusual capacity constraints across key lanes. Sector context: semiconductors; region: global.,0.177,0,none,none,,train,1,template-generated synthetic scenario
SCW-0019-3,SCW-0019,2025-01-19,,supplier_communication,Semiconductors,Global,Vendor communication confirms normal operating capacity and standard lead times for current purchase orders. Sector context: semiconductors; region: global.,0.259,0,none,none,,train,1,template-generated synthetic scenario
SCW-0019-4,SCW-0019,2025-01-19,,financial_report,Semiconductors,Global,Management reported stable operations and no material supply interruptions during the current reporting period. Sector context: semiconductors; region: global.,0.261,0,none,none,,train,1,template-generated synthetic scenario
SCW-0020-1,SCW-0020,2025-01-20,,news,Food & Beverage,Latin America,"Industry output remained broadly stable this week, with normal freight flows and no material production interruptions reported. Sector context: food & beverage; region: latin america.",0.204,0,none,none,,train,1,template-generated synthetic scenario
SCW-0020-2,SCW-0020,2025-01-20,,social_media,Food & Beverage,Latin America,Procurement discussions show typical lead times and stable availability for most monitored inputs. Sector context: food & beverage; region: latin america.,0.211,0,none,none,,train,1,template-generated synthetic scenario
SCW-0020-3,SCW-0020,2025-01-20,,supplier_communication,Food & Beverage,Latin America,"Supplier update: production and shipment schedules remain on plan, with no material changes to committed delivery dates. Sector context: food & beverage; region: latin america.",0.368,0,none,none,,train,1,template-generated synthetic scenario
SCW-0020-4,SCW-0020,2025-01-20,,financial_report,Food & Beverage,Latin America,Management reported stable operations and no material supply interruptions during the current reporting period. Sector context: food & beverage; region: latin america.,0.095,0,none,none,,train,1,template-generated synthetic scenario
SCW-0021-1,SCW-0021,2025-01-21,,news,Industrial Manufacturing,Latin America,Manufacturers reported routine operations and balanced inventory positions across major distribution channels. Sector context: industrial manufacturing; region: latin america.,0.248,0,none,none,,train,1,template-generated synthetic scenario
SCW-0021-2,SCW-0021,2025-01-21,,social_media,Industrial Manufacturing,Latin America,Routine logistics updates indicate normal transit times and no unusual capacity constraints across key lanes. Sector context: industrial manufacturing; region: latin america.,0.343,0,none,none,,train,1,template-generated synthetic scenario
SCW-0021-3,SCW-0021,2025-01-21,,supplier_communication,Industrial Manufacturing,Latin America,Vendor communication confirms normal operating capacity and standard lead times for current purchase orders. Sector context: industrial manufacturing; region: latin america.,0.17,0,none,none,,train,1,template-generated synthetic scenario
SCW-0021-4,SCW-0021,2025-01-21,,financial_report,Industrial Manufacturing,Latin America,Management reported stable operations and no material supply interruptions during the current reporting period. Sector context: industrial manufacturing; region: latin america.,0.384,0,none,none,,train,1,template-generated synthetic scenario
SCW-0022-1,SCW-0022,2025-01-22,,news,Energy,North America,Manufacturers reported routine operations and balanced inventory positions across major distribution channels. Sector context: energy; region: north america.,0.201,0,none,none,,train,1,template-generated synthetic scenario
SCW-0022-2,SCW-0022,2025-01-22,,social_media,Energy,North America,Procurement discussions show typical lead times and stable availability for most monitored inputs. Sector context: energy; region: north america.,0.196,0,none,none,,train,1,template-generated synthetic scenario
SCW-0022-3,SCW-0022,2025-01-22,,supplier_communication,Energy,North America,"Supplier update: production and shipment schedules remain on plan, with no material changes to committed delivery dates. Sector context: energy; region: north america.",0.218,0,none,none,,train,1,template-generated synthetic scenario
SCW-0022-4,SCW-0022,2025-01-22,,financial_report,Energy,North America,Risk commentary indicates standard operating conditions with no significant new supply constraints. Sector context: energy; region: north america.,0.272,0,none,none,,train,1,template-generated synthetic scenario
SCW-0023-1,SCW-0023,2025-01-23,2025-01-30,news,Automotive,Global,Port congestion and equipment shortages are increasing vessel dwell times and delaying container availability. Sector context: automotive; region: global.,0.881,1,logistics_transport,high,7,train,1,template-generated synthetic scenario
SCW-0023-2,SCW-0023,2025-01-23,2025-01-30,social_media,Automotive,Global,"Freight updates show growing queues, missed connections, and limited equipment availability at a major gateway. Sector context: automotive; region: global.",0.627,1,logistics_transport,high,7,train,1,template-generated synthetic scenario
SCW-0023-3,SCW-0023,2025-01-23,2025-01-30,supplier_communication,Automotive,Global,Logistics update: current carrier capacity constraints are expected to extend delivery lead times for upcoming shipments. Sector context: automotive; region: global.,0.675,1,logistics_transport,high,7,train,1,template-generated synthetic scenario
SCW-0023-4,SCW-0023,2025-01-23,2025-01-30,financial_report,Automotive,Global,Risk commentary cites persistent logistics congestion and constrained carrier capacity. Sector context: automotive; region: global.,0.662,1,logistics_transport,high,7,train,1,template-generated synthetic scenario
SCW-0024-1,SCW-0024,2025-01-24,,news,Pharmaceuticals,East Asia,"Industry output remained broadly stable this week, with normal freight flows and no material production interruptions reported. Sector context: pharmaceuticals; region: east asia.",0.162,0,none,none,,train,1,template-generated synthetic scenario
SCW-0024-2,SCW-0024,2025-01-24,,social_media,Pharmaceuticals,East Asia,Procurement discussions show typical lead times and stable availability for most monitored inputs. Sector context: pharmaceuticals; region: east asia.,0.118,0,none,none,,train,1,template-generated synthetic scenario
SCW-0024-3,SCW-0024,2025-01-24,,supplier_communication,Pharmaceuticals,East Asia,"Supplier update: production and shipment schedules remain on plan, with no material changes to committed delivery dates. Sector context: pharmaceuticals; region: east asia.",0.384,0,none,none,,train,1,template-generated synthetic scenario
SCW-0024-4,SCW-0024,2025-01-24,,financial_report,Pharmaceuticals,East Asia,Management reported stable operations and no material supply interruptions during the current reporting period. Sector context: pharmaceuticals; region: east asia.,0.123,0,none,none,,train,1,template-generated synthetic scenario
SCW-0025-1,SCW-0025,2025-01-25,,news,Automotive,East Asia,Manufacturers reported routine operations and balanced inventory positions across major distribution channels. Sector context: automotive; region: east asia.,0.195,0,none,none,,train,1,template-generated synthetic scenario
SCW-0025-2,SCW-0025,2025-01-25,,social_media,Automotive,East Asia,Routine logistics updates indicate normal transit times and no unusual capacity constraints across key lanes. Sector context: automotive; region: east asia.,0.206,0,none,none,,train,1,template-generated synthetic scenario
SCW-0025-3,SCW-0025,2025-01-25,,supplier_communication,Automotive,East Asia,Vendor communication confirms normal operating capacity and standard lead times for current purchase orders. Sector context: automotive; region: east asia.,0.308,0,none,none,,train,1,template-generated synthetic scenario
SCW-0025-4,SCW-0025,2025-01-25,,financial_report,Automotive,East Asia,Management reported stable operations and no material supply interruptions during the current reporting period. Sector context: automotive; region: east asia.,0.077,0,none,none,,train,1,template-generated synthetic scenario
SCW-0026-1,SCW-0026,2025-01-26,,news,Automotive,North America,"Industry output remained broadly stable this week, with normal freight flows and no material production interruptions reported. Sector context: automotive; region: north america.",0.204,0,none,none,,train,1,template-generated synthetic scenario
SCW-0026-2,SCW-0026,2025-01-26,,social_media,Automotive,North America,Procurement discussions show typical lead times and stable availability for most monitored inputs. Sector context: automotive; region: north america.,0.251,0,none,none,,train,1,template-generated synthetic scenario
SCW-0026-3,SCW-0026,2025-01-26,,supplier_communication,Automotive,North America,"Supplier update: production and shipment schedules remain on plan, with no material changes to committed delivery dates. Sector context: automotive; region: north america.",0.414,0,none,none,,train,1,template-generated synthetic scenario
SCW-0026-4,SCW-0026,2025-01-26,,financial_report,Automotive,North America,Risk commentary indicates standard operating conditions with no significant new supply constraints. Sector context: automotive; region: north america.,0.047,0,none,none,,train,1,template-generated synthetic scenario
SCW-0027-1,SCW-0027,2025-01-27,2025-02-07,news,Aerospace,Europe,"Labor negotiations remain unresolved at a critical logistics hub, raising the risk of temporary shutdowns. Sector context: aerospace; region: europe.",0.735,1,labor_disruption,medium,11,train,1,template-generated synthetic scenario
SCW-0027-2,SCW-0027,2025-01-27,2025-02-07,social_media,Aerospace,Europe,Local updates indicate staffing shortages and reduced shifts at a major warehouse and transport facility. Sector context: aerospace; region: europe.,0.653,1,labor_disruption,medium,11,train,1,template-generated synthetic scenario
SCW-0027-3,SCW-0027,2025-01-27,2025-02-07,supplier_communication,Aerospace,Europe,Vendor advises of potential schedule disruption due to ongoing labor negotiations and reduced shift coverage. Sector context: aerospace; region: europe.,0.743,1,labor_disruption,medium,11,train,1,template-generated synthetic scenario
SCW-0027-4,SCW-0027,2025-01-27,2025-02-07,financial_report,Aerospace,Europe,Management identified labor availability and industrial relations as near-term operational risks. Sector context: aerospace; region: europe.,0.768,1,labor_disruption,medium,11,train,1,template-generated synthetic scenario
SCW-0028-1,SCW-0028,2025-01-28,,news,Automotive,North America,Manufacturers reported routine operations and balanced inventory positions across major distribution channels. Sector context: automotive; region: north america.,0.143,0,none,none,,train,1,template-generated synthetic scenario
SCW-0028-2,SCW-0028,2025-01-28,,social_media,Automotive,North America,Routine logistics updates indicate normal transit times and no unusual capacity constraints across key lanes. Sector context: automotive; region: north america.,0.346,0,none,none,,train,1,template-generated synthetic scenario
SCW-0028-3,SCW-0028,2025-01-28,,supplier_communication,Automotive,North America,Vendor communication confirms normal operating capacity and standard lead times for current purchase orders. Sector context: automotive; region: north america.,0.109,0,none,none,,train,1,template-generated synthetic scenario
SCW-0028-4,SCW-0028,2025-01-28,,financial_report,Automotive,North America,Management reported stable operations and no material supply interruptions during the current reporting period. Sector context: automotive; region: north america.,0.349,0,none,none,,train,1,template-generated synthetic scenario
SCW-0029-1,SCW-0029,2025-01-29,,news,Food & Beverage,North America,"Industry output remained broadly stable this week, with normal freight flows and no material production interruptions reported. Sector context: food & beverage; region: north america.",0.333,0,none,none,,train,1,template-generated synthetic scenario
SCW-0029-2,SCW-0029,2025-01-29,,social_media,Food & Beverage,North America,Routine logistics updates indicate normal transit times and no unusual capacity constraints across key lanes. Sector context: food & beverage; region: north america.,0.092,0,none,none,,train,1,template-generated synthetic scenario
SCW-0029-3,SCW-0029,2025-01-29,,supplier_communication,Food & Beverage,North America,Vendor communication confirms normal operating capacity and standard lead times for current purchase orders. Sector context: food & beverage; region: north america.,0.17,0,none,none,,train,1,template-generated synthetic scenario
SCW-0029-4,SCW-0029,2025-01-29,,financial_report,Food & Beverage,North America,Risk commentary indicates standard operating conditions with no significant new supply constraints. Sector context: food & beverage; region: north america.,0.335,0,none,none,,train,1,template-generated synthetic scenario
SCW-0030-1,SCW-0030,2025-01-30,,news,Automotive,Latin America,Manufacturers reported routine operations and balanced inventory positions across major distribution channels. Sector context: automotive; region: latin america.,0.338,0,none,none,,train,1,template-generated synthetic scenario
SCW-0030-2,SCW-0030,2025-01-30,,social_media,Automotive,Latin America,Procurement discussions show typical lead times and stable availability for most monitored inputs. Sector context: automotive; region: latin america.,0.133,0,none,none,,train,1,template-generated synthetic scenario
SCW-0030-3,SCW-0030,2025-01-30,,supplier_communication,Automotive,Latin America,"Supplier update: production and shipment schedules remain on plan, with no material changes to committed delivery dates. Sector context: automotive; region: latin america.",0.357,0,none,none,,train,1,template-generated synthetic scenario
SCW-0030-4,SCW-0030,2025-01-30,,financial_report,Automotive,Latin America,Management reported stable operations and no material supply interruptions during the current reporting period. Sector context: automotive; region: latin america.,0.185,0,none,none,,train,1,template-generated synthetic scenario
SCW-0031-1,SCW-0031,2025-01-31,,news,Industrial Manufacturing,Latin America,"Industry output remained broadly stable this week, with normal freight flows and no material production interruptions reported. Sector context: industrial manufacturing; region: latin america.",0.239,0,none,none,,train,1,template-generated synthetic scenario
SCW-0031-2,SCW-0031,2025-01-31,,social_media,Industrial Manufacturing,Latin America,Procurement discussions show typical lead times and stable availability for most monitored inputs. Sector context: industrial manufacturing; region: latin america.,0.174,0,none,none,,train,1,template-generated synthetic scenario
SCW-0031-3,SCW-0031,2025-01-31,,supplier_communication,Industrial Manufacturing,Latin America,Vendor communication confirms normal operating capacity and standard lead times for current purchase orders. Sector context: industrial manufacturing; region: latin america.,0.229,0,none,none,,train,1,template-generated synthetic scenario
SCW-0031-4,SCW-0031,2025-01-31,,financial_report,Industrial Manufacturing,Latin America,Management reported stable operations and no material supply interruptions during the current reporting period. Sector context: industrial manufacturing; region: latin america.,0.02,0,none,none,,train,1,template-generated synthetic scenario
SCW-0032-1,SCW-0032,2025-02-01,,news,Automotive,Europe,"Industry output remained broadly stable this week, with normal freight flows and no material production interruptions reported. Sector context: automotive; region: europe.",0.225,0,none,none,,train,1,template-generated synthetic scenario
SCW-0032-2,SCW-0032,2025-02-01,,social_media,Automotive,Europe,Routine logistics updates indicate normal transit times and no unusual capacity constraints across key lanes. Sector context: automotive; region: europe.,0.127,0,none,none,,train,1,template-generated synthetic scenario
SCW-0032-3,SCW-0032,2025-02-01,,supplier_communication,Automotive,Europe,Vendor communication confirms normal operating capacity and standard lead times for current purchase orders. Sector context: automotive; region: europe.,0.503,0,none,none,,train,1,template-generated synthetic scenario
SCW-0032-4,SCW-0032,2025-02-01,,financial_report,Automotive,Europe,Risk commentary indicates standard operating conditions with no significant new supply constraints. Sector context: automotive; region: europe.,0.083,0,none,none,,train,1,template-generated synthetic scenario
SCW-0033-1,SCW-0033,2025-02-02,,news,Semiconductors,North America,Manufacturers reported routine operations and balanced inventory positions across major distribution channels. Sector context: semiconductors; region: north america.,0.224,0,none,none,,train,1,template-generated synthetic scenario
SCW-0033-2,SCW-0033,2025-02-02,,social_media,Semiconductors,North America,Routine logistics updates indicate normal transit times and no unusual capacity constraints across key lanes. Sector context: semiconductors; region: north america.,0.241,0,none,none,,train,1,template-generated synthetic scenario
SCW-0033-3,SCW-0033,2025-02-02,,supplier_communication,Semiconductors,North America,"Supplier update: production and shipment schedules remain on plan, with no material changes to committed delivery dates. Sector context: semiconductors; region: north america.",0.13,0,none,none,,train,1,template-generated synthetic scenario
SCW-0033-4,SCW-0033,2025-02-02,,financial_report,Semiconductors,North America,Risk commentary indicates standard operating conditions with no significant new supply constraints. Sector context: semiconductors; region: north america.,0.267,0,none,none,,train,1,template-generated synthetic scenario
SCW-0034-1,SCW-0034,2025-02-03,,news,Industrial Manufacturing,Latin America,"Industry output remained broadly stable this week, with normal freight flows and no material production interruptions reported. Sector context: industrial manufacturing; region: latin america.",0.165,0,none,none,,train,1,template-generated synthetic scenario
SCW-0034-2,SCW-0034,2025-02-03,,social_media,Industrial Manufacturing,Latin America,Procurement discussions show typical lead times and stable availability for most monitored inputs. Sector context: industrial manufacturing; region: latin america.,0.349,0,none,none,,train,1,template-generated synthetic scenario
SCW-0034-3,SCW-0034,2025-02-03,,supplier_communication,Industrial Manufacturing,Latin America,Vendor communication confirms normal operating capacity and standard lead times for current purchase orders. Sector context: industrial manufacturing; region: latin america.,0.165,0,none,none,,train,1,template-generated synthetic scenario
SCW-0034-4,SCW-0034,2025-02-03,,financial_report,Industrial Manufacturing,Latin America,Risk commentary indicates standard operating conditions with no significant new supply constraints. Sector context: industrial manufacturing; region: latin america.,0.137,0,none,none,,train,1,template-generated synthetic scenario
SCW-0035-1,SCW-0035,2025-02-04,,news,Retail,Southeast Asia,"Industry output remained broadly stable this week, with normal freight flows and no material production interruptions reported. Sector context: retail; region: southeast asia.",0.159,0,none,none,,train,1,template-generated synthetic scenario
SCW-0035-2,SCW-0035,2025-02-04,,social_media,Retail,Southeast Asia,Routine logistics updates indicate normal transit times and no unusual capacity constraints across key lanes. Sector context: retail; region: southeast asia.,0.111,0,none,none,,train,1,template-generated synthetic scenario
SCW-0035-3,SCW-0035,2025-02-04,,supplier_communication,Retail,Southeast Asia,Vendor communication confirms normal operating capacity and standard lead times for current purchase orders. Sector context: retail; region: southeast asia.,0.225,0,none,none,,train,1,template-generated synthetic scenario
SCW-0035-4,SCW-0035,2025-02-04,,financial_report,Retail,Southeast Asia,Risk commentary indicates standard operating conditions with no significant new supply constraints. Sector context: retail; region: southeast asia.,0.461,0,none,none,,train,1,template-generated synthetic scenario
SCW-0036-1,SCW-0036,2025-02-05,,news,Energy,Europe,"Industry output remained broadly stable this week, with normal freight flows and no material production interruptions reported. Sector context: energy; region: europe.",0.163,0,none,none,,train,1,template-generated synthetic scenario
SCW-0036-2,SCW-0036,2025-02-05,,social_media,Energy,Europe,Procurement discussions show typical lead times and stable availability for most monitored inputs. Sector context: energy; region: europe.,0.184,0,none,none,,train,1,template-generated synthetic scenario
SCW-0036-3,SCW-0036,2025-02-05,,supplier_communication,Energy,Europe,"Supplier update: production and shipment schedules remain on plan, with no material changes to committed delivery dates. Sector context: energy; region: europe.",0.13,0,none,none,,train,1,template-generated synthetic scenario
SCW-0036-4,SCW-0036,2025-02-05,,financial_report,Energy,Europe,Management reported stable operations and no material supply interruptions during the current reporting period. Sector context: energy; region: europe.,0.34,0,none,none,,train,1,template-generated synthetic scenario
SCW-0037-1,SCW-0037,2025-02-06,,news,Pharmaceuticals,Latin America,Manufacturers reported routine operations and balanced inventory positions across major distribution channels. Sector context: pharmaceuticals; region: latin america.,0.184,0,none,none,,train,1,template-generated synthetic scenario
SCW-0037-2,SCW-0037,2025-02-06,,social_media,Pharmaceuticals,Latin America,Routine logistics updates indicate normal transit times and no unusual capacity constraints across key lanes. Sector context: pharmaceuticals; region: latin america.,0.147,0,none,none,,train,1,template-generated synthetic scenario
SCW-0037-3,SCW-0037,2025-02-06,,supplier_communication,Pharmaceuticals,Latin America,"Supplier update: production and shipment schedules remain on plan, with no material changes to committed delivery dates. Sector context: pharmaceuticals; region: latin america.",0.282,0,none,none,,train,1,template-generated synthetic scenario
SCW-0037-4,SCW-0037,2025-02-06,,financial_report,Pharmaceuticals,Latin America,Risk commentary indicates standard operating conditions with no significant new supply constraints. Sector context: pharmaceuticals; region: latin america.,0.049,0,none,none,,train,1,template-generated synthetic scenario
SCW-0038-1,SCW-0038,2025-02-07,,news,Semiconductors,Latin America,"Industry output remained broadly stable this week, with normal freight flows and no material production interruptions reported. Sector context: semiconductors; region: latin america.",0.076,0,none,none,,train,1,template-generated synthetic scenario
SCW-0038-2,SCW-0038,2025-02-07,,social_media,Semiconductors,Latin America,Routine logistics updates indicate normal transit times and no unusual capacity constraints across key lanes. Sector context: semiconductors; region: latin america.,0.396,0,none,none,,train,1,template-generated synthetic scenario
SCW-0038-3,SCW-0038,2025-02-07,,supplier_communication,Semiconductors,Latin America,"Supplier update: production and shipment schedules remain on plan, with no material changes to committed delivery dates. Sector context: semiconductors; region: latin america.",0.335,0,none,none,,train,1,template-generated synthetic scenario
SCW-0038-4,SCW-0038,2025-02-07,,financial_report,Semiconductors,Latin America,Management reported stable operations and no material supply interruptions during the current reporting period. Sector context: semiconductors; region: latin america.,0.189,0,none,none,,train,1,template-generated synthetic scenario
SCW-0039-1,SCW-0039,2025-02-08,,news,Energy,Europe,Manufacturers reported routine operations and balanced inventory positions across major distribution channels. Sector context: energy; region: europe.,0.327,0,none,none,,train,1,template-generated synthetic scenario
SCW-0039-2,SCW-0039,2025-02-08,,social_media,Energy,Europe,Routine logistics updates indicate normal transit times and no unusual capacity constraints across key lanes. Sector context: energy; region: europe.,0.263,0,none,none,,train,1,template-generated synthetic scenario
SCW-0039-3,SCW-0039,2025-02-08,,supplier_communication,Energy,Europe,Vendor communication confirms normal operating capacity and standard lead times for current purchase orders. Sector context: energy; region: europe.,0.146,0,none,none,,train,1,template-generated synthetic scenario
SCW-0039-4,SCW-0039,2025-02-08,,financial_report,Energy,Europe,Risk commentary indicates standard operating conditions with no significant new supply constraints. Sector context: energy; region: europe.,0.172,0,none,none,,train,1,template-generated synthetic scenario
SCW-0040-1,SCW-0040,2025-02-09,,news,Semiconductors,Middle East,"Industry output remained broadly stable this week, with normal freight flows and no material production interruptions reported. Sector context: semiconductors; region: middle east.",0.363,0,none,none,,train,1,template-generated synthetic scenario
SCW-0040-2,SCW-0040,2025-02-09,,social_media,Semiconductors,Middle East,Routine logistics updates indicate normal transit times and no unusual capacity constraints across key lanes. Sector context: semiconductors; region: middle east.,0.203,0,none,none,,train,1,template-generated synthetic scenario
SCW-0040-3,SCW-0040,2025-02-09,,supplier_communication,Semiconductors,Middle East,"Supplier update: production and shipment schedules remain on plan, with no material changes to committed delivery dates. Sector context: semiconductors; region: middle east.",0.081,0,none,none,,train,1,template-generated synthetic scenario
SCW-0040-4,SCW-0040,2025-02-09,,financial_report,Semiconductors,Middle East,Risk commentary indicates standard operating conditions with no significant new supply constraints. Sector context: semiconductors; region: middle east.,0.296,0,none,none,,train,1,template-generated synthetic scenario
SCW-0041-1,SCW-0041,2025-02-10,,news,Semiconductors,Southeast Asia,"Industry output remained broadly stable this week, with normal freight flows and no material production interruptions reported. Sector context: semiconductors; region: southeast asia.",0.05,0,none,none,,train,1,template-generated synthetic scenario
SCW-0041-2,SCW-0041,2025-02-10,,social_media,Semiconductors,Southeast Asia,Routine logistics updates indicate normal transit times and no unusual capacity constraints across key lanes. Sector context: semiconductors; region: southeast asia.,0.293,0,none,none,,train,1,template-generated synthetic scenario
SCW-0041-3,SCW-0041,2025-02-10,,supplier_communication,Semiconductors,Southeast Asia,Vendor communication confirms normal operating capacity and standard lead times for current purchase orders. Sector context: semiconductors; region: southeast asia.,0.306,0,none,none,,train,1,template-generated synthetic scenario
SCW-0041-4,SCW-0041,2025-02-10,,financial_report,Semiconductors,Southeast Asia,Management reported stable operations and no material supply interruptions during the current reporting period. Sector context: semiconductors; region: southeast asia.,0.186,0,none,none,,train,1,template-generated synthetic scenario
SCW-0042-1,SCW-0042,2025-02-11,2025-02-23,news,Energy,East Asia,"A new regulatory rule affecting trade documentation is expected to take effect soon, requiring changes to sourcing and documentation. Sector context: energy; region: east asia.",0.732,1,regulatory_policy,medium,12,train,1,template-generated synthetic scenario
SCW-0042-2,SCW-0042,2025-02-11,2025-02-23,social_media,Energy,East Asia,Trade groups are discussing new export-control rules and warning members to prepare for documentation and clearance delays. Sector context: energy; region: east asia.,0.636,1,regulatory_policy,medium,12,train,1,template-generated synthetic scenario
SCW-0042-3,SCW-0042,2025-02-11,2025-02-23,supplier_communication,Energy,East Asia,Vendor compliance team advises that new export-control controls could temporarily slow order processing and customs clearance. Sector context: energy; region: east asia.,0.727,1,regulatory_policy,medium,12,train,1,template-generated synthetic scenario
SCW-0042-4,SCW-0042,2025-02-11,2025-02-23,financial_report,Energy,East Asia,Risk factors note uncertainty from changing trade documentation rules and possible delays in international supply flows. Sector context: energy; region: east asia.,0.671,1,regulatory_policy,medium,12,train,1,template-generated synthetic scenario
SCW-0043-1,SCW-0043,2025-02-12,2025-02-16,news,Aerospace,East Asia,"Severe extreme weather has disrupted transport corridors near a major production hub, with local authorities warning of extended closures. Sector context: aerospace; region: east asia.",0.686,1,natural_disaster,medium,4,train,1,template-generated synthetic scenario
SCW-0043-2,SCW-0043,2025-02-12,2025-02-16,social_media,Aerospace,East Asia,Local posts report road closures and power interruptions after an earthquake; trucks are being rerouted around the affected area. Sector context: aerospace; region: east asia.,0.7,1,natural_disaster,medium,4,train,1,template-generated synthetic scenario
SCW-0043-3,SCW-0043,2025-02-12,2025-02-16,supplier_communication,Aerospace,East Asia,"Vendor update indicates temporary production disruption related to an earthquake, with revised delivery commitments expected shortly. Sector context: aerospace; region: east asia.",0.719,1,natural_disaster,medium,4,train,1,template-generated synthetic scenario
SCW-0043-4,SCW-0043,2025-02-12,2025-02-16,financial_report,Aerospace,East Asia,Risk disclosure highlights possible supply interruption from flooding affecting facilities and third-party transportation. Sector context: aerospace; region: east asia.,0.768,1,natural_disaster,medium,4,train,1,template-generated synthetic scenario
SCW-0044-1,SCW-0044,2025-02-13,,news,Aerospace,North America,"Industry output remained broadly stable this week, with normal freight flows and no material production interruptions reported. Sector context: aerospace; region: north america.",0.256,0,none,none,,train,1,template-generated synthetic scenario
SCW-0044-2,SCW-0044,2025-02-13,,social_media,Aerospace,North America,Procurement discussions show typical lead times and stable availability for most monitored inputs. Sector context: aerospace; region: north america.,0.352,0,none,none,,train,1,template-generated synthetic scenario
SCW-0044-3,SCW-0044,2025-02-13,,supplier_communication,Aerospace,North America,Vendor communication confirms normal operating capacity and standard lead times for current purchase orders. Sector context: aerospace; region: north america.,0.377,0,none,none,,train,1,template-generated synthetic scenario
SCW-0044-4,SCW-0044,2025-02-13,,financial_report,Aerospace,North America,Management reported stable operations and no material supply interruptions during the current reporting period. Sector context: aerospace; region: north america.,0.387,0,none,none,,train,1,template-generated synthetic scenario
SCW-0045-1,SCW-0045,2025-02-14,,news,Aerospace,Latin America,"Industry output remained broadly stable this week, with normal freight flows and no material production interruptions reported. Sector context: aerospace; region: latin america.",0.351,0,none,none,,train,1,template-generated synthetic scenario
SCW-0045-2,SCW-0045,2025-02-14,,social_media,Aerospace,Latin America,Procurement discussions show typical lead times and stable availability for most monitored inputs. Sector context: aerospace; region: latin america.,0.233,0,none,none,,train,1,template-generated synthetic scenario
SCW-0045-3,SCW-0045,2025-02-14,,supplier_communication,Aerospace,Latin America,Vendor communication confirms normal operating capacity and standard lead times for current purchase orders. Sector context: aerospace; region: latin america.,0.357,0,none,none,,train,1,template-generated synthetic scenario
SCW-0045-4,SCW-0045,2025-02-14,,financial_report,Aerospace,Latin America,Risk commentary indicates standard operating conditions with no significant new supply constraints. Sector context: aerospace; region: latin america.,0.319,0,none,none,,train,1,template-generated synthetic scenario
SCW-0046-1,SCW-0046,2025-02-15,,news,Medical Devices,Latin America,"Industry output remained broadly stable this week, with normal freight flows and no material production interruptions reported. Sector context: medical devices; region: latin america.",0.204,0,none,none,,train,1,template-generated synthetic scenario
SCW-0046-2,SCW-0046,2025-02-15,,social_media,Medical Devices,Latin America,Procurement discussions show typical lead times and stable availability for most monitored inputs. Sector context: medical devices; region: latin america.,0.126,0,none,none,,train,1,template-generated synthetic scenario
SCW-0046-3,SCW-0046,2025-02-15,,supplier_communication,Medical Devices,Latin America,Vendor communication confirms normal operating capacity and standard lead times for current purchase orders. Sector context: medical devices; region: latin america.,0.299,0,none,none,,train,1,template-generated synthetic scenario
SCW-0046-4,SCW-0046,2025-02-15,,financial_report,Medical Devices,Latin America,Management reported stable operations and no material supply interruptions during the current reporting period. Sector context: medical devices; region: latin america.,0.177,0,none,none,,train,1,template-generated synthetic scenario
SCW-0047-1,SCW-0047,2025-02-16,,news,Aerospace,Latin America,"Industry output remained broadly stable this week, with normal freight flows and no material production interruptions reported. Sector context: aerospace; region: latin america.",0.154,0,none,none,,train,1,template-generated synthetic scenario
SCW-0047-2,SCW-0047,2025-02-16,,social_media,Aerospace,Latin America,Routine logistics updates indicate normal transit times and no unusual capacity constraints across key lanes. Sector context: aerospace; region: latin america.,0.115,0,none,none,,train,1,template-generated synthetic scenario
SCW-0047-3,SCW-0047,2025-02-16,,supplier_communication,Aerospace,Latin America,"Supplier update: production and shipment schedules remain on plan, with no material changes to committed delivery dates. Sector context: aerospace; region: latin america.",0.125,0,none,none,,train,1,template-generated synthetic scenario
SCW-0047-4,SCW-0047,2025-02-16,,financial_report,Aerospace,Latin America,Management reported stable operations and no material supply interruptions during the current reporting period. Sector context: aerospace; region: latin america.,0.204,0,none,none,,train,1,template-generated synthetic scenario
SCW-0048-1,SCW-0048,2025-02-17,,news,Aerospace,East Asia,Manufacturers reported routine operations and balanced inventory positions across major distribution channels. Sector context: aerospace; region: east asia.,0.183,0,none,none,,train,1,template-generated synthetic scenario
SCW-0048-2,SCW-0048,2025-02-17,,social_media,Aerospace,East Asia,Procurement discussions show typical lead times and stable availability for most monitored inputs. Sector context: aerospace; region: east asia.,0.195,0,none,none,,train,1,template-generated synthetic scenario
SCW-0048-3,SCW-0048,2025-02-17,,supplier_communication,Aerospace,East Asia,"Supplier update: production and shipment schedules remain on plan, with no material changes to committed delivery dates. Sector context: aerospace; region: east asia.",0.14,0,none,none,,train,1,template-generated synthetic scenario
SCW-0048-4,SCW-0048,2025-02-17,,financial_report,Aerospace,East Asia,Risk commentary indicates standard operating conditions with no significant new supply constraints. Sector context: aerospace; region: east asia.,0.235,0,none,none,,train,1,template-generated synthetic scenario
SCW-0049-1,SCW-0049,2025-02-18,,news,Energy,Latin America,"Industry output remained broadly stable this week, with normal freight flows and no material production interruptions reported. Sector context: energy; region: latin america.",0.309,0,none,none,,train,1,template-generated synthetic scenario
SCW-0049-2,SCW-0049,2025-02-18,,social_media,Energy,Latin America,Routine logistics updates indicate normal transit times and no unusual capacity constraints across key lanes. Sector context: energy; region: latin america.,0.02,0,none,none,,train,1,template-generated synthetic scenario
SCW-0049-3,SCW-0049,2025-02-18,,supplier_communication,Energy,Latin America,Vendor communication confirms normal operating capacity and standard lead times for current purchase orders. Sector context: energy; region: latin america.,0.179,0,none,none,,train,1,template-generated synthetic scenario
SCW-0049-4,SCW-0049,2025-02-18,,financial_report,Energy,Latin America,Management reported stable operations and no material supply interruptions during the current reporting period. Sector context: energy; region: latin america.,0.124,0,none,none,,train,1,template-generated synthetic scenario
SCW-0050-1,SCW-0050,2025-02-19,,news,Energy,South Asia,"Industry output remained broadly stable this week, with normal freight flows and no material production interruptions reported. Sector context: energy; region: south asia.",0.121,0,none,none,,train,1,template-generated synthetic scenario
SCW-0050-2,SCW-0050,2025-02-19,,social_media,Energy,South Asia,Routine logistics updates indicate normal transit times and no unusual capacity constraints across key lanes. Sector context: energy; region: south asia.,0.144,0,none,none,,train,1,template-generated synthetic scenario
SCW-0050-3,SCW-0050,2025-02-19,,supplier_communication,Energy,South Asia,"Supplier update: production and shipment schedules remain on plan, with no material changes to committed delivery dates. Sector context: energy; region: south asia.",0.146,0,none,none,,train,1,template-generated synthetic scenario
SCW-0050-4,SCW-0050,2025-02-19,,financial_report,Energy,South Asia,Management reported stable operations and no material supply interruptions during the current reporting period. Sector context: energy; region: south asia.,0.167,0,none,none,,train,1,template-generated synthetic scenario
SCW-0051-1,SCW-0051,2025-02-20,,news,Semiconductors,South Asia,Manufacturers reported routine operations and balanced inventory positions across major distribution channels. Sector context: semiconductors; region: south asia.,0.318,0,none,none,,train,1,template-generated synthetic scenario
SCW-0051-2,SCW-0051,2025-02-20,,social_media,Semiconductors,South Asia,Routine logistics updates indicate normal transit times and no unusual capacity constraints across key lanes. Sector context: semiconductors; region: south asia.,0.247,0,none,none,,train,1,template-generated synthetic scenario
SCW-0051-3,SCW-0051,2025-02-20,,supplier_communication,Semiconductors,South Asia,"Supplier update: production and shipment schedules remain on plan, with no material changes to committed delivery dates. Sector context: semiconductors; region: south asia.",0.224,0,none,none,,train,1,template-generated synthetic scenario
SCW-0051-4,SCW-0051,2025-02-20,,financial_report,Semiconductors,South Asia,Management reported stable operations and no material supply interruptions during the current reporting period. Sector context: semiconductors; region: south asia.,0.246,0,none,none,,train,1,template-generated synthetic scenario
SCW-0052-1,SCW-0052,2025-02-21,2025-03-06,news,Medical Devices,East Asia,Authorities announced revised product-origin requirements that may delay cross-border shipments during the transition period. Sector context: medical devices; region: east asia.,0.642,1,regulatory_policy,high,13,train,1,template-generated synthetic scenario
SCW-0052-2,SCW-0052,2025-02-21,2025-03-06,social_media,Medical Devices,East Asia,Trade groups are discussing new product-origin rules and warning members to prepare for documentation and clearance delays. Sector context: medical devices; region: east asia.,0.813,1,regulatory_policy,high,13,train,1,template-generated synthetic scenario
SCW-0052-3,SCW-0052,2025-02-21,2025-03-06,supplier_communication,Medical Devices,East Asia,Supplier notice: updated environmental compliance requirements may affect export documentation and lead times for upcoming orders. Sector context: medical devices; region: east asia.,0.85,1,regulatory_policy,high,13,train,1,template-generated synthetic scenario
SCW-0052-4,SCW-0052,2025-02-21,2025-03-06,financial_report,Medical Devices,East Asia,Management disclosed potential exposure to new export-control regulations that could increase compliance costs and sourcing lead times. Sector context: medical devices; region: east asia.,0.766,1,regulatory_policy,high,13,train,1,template-generated synthetic scenario
SCW-0053-1,SCW-0053,2025-02-22,,news,Automotive,Latin America,"Industry output remained broadly stable this week, with normal freight flows and no material production interruptions reported. Sector context: automotive; region: latin america.",0.259,0,none,none,,train,1,template-generated synthetic scenario
SCW-0053-2,SCW-0053,2025-02-22,,social_media,Automotive,Latin America,Procurement discussions show typical lead times and stable availability for most monitored inputs. Sector context: automotive; region: latin america.,0.296,0,none,none,,train,1,template-generated synthetic scenario
SCW-0053-3,SCW-0053,2025-02-22,,supplier_communication,Automotive,Latin America,"Supplier update: production and shipment schedules remain on plan, with no material changes to committed delivery dates. Sector context: automotive; region: latin america.",0.322,0,none,none,,train,1,template-generated synthetic scenario
SCW-0053-4,SCW-0053,2025-02-22,,financial_report,Automotive,Latin America,Management reported stable operations and no material supply interruptions during the current reporting period. Sector context: automotive; region: latin america.,0.349,0,none,none,,train,1,template-generated synthetic scenario
SCW-0054-1,SCW-0054,2025-02-23,,news,Pharmaceuticals,Southeast Asia,Manufacturers reported routine operations and balanced inventory positions across major distribution channels. Sector context: pharmaceuticals; region: southeast asia.,0.363,0,none,none,,train,1,template-generated synthetic scenario
SCW-0054-2,SCW-0054,2025-02-23,,social_media,Pharmaceuticals,Southeast Asia,Routine logistics updates indicate normal transit times and no unusual capacity constraints across key lanes. Sector context: pharmaceuticals; region: southeast asia.,0.206,0,none,none,,train,1,template-generated synthetic scenario
SCW-0054-3,SCW-0054,2025-02-23,,supplier_communication,Pharmaceuticals,Southeast Asia,Vendor communication confirms normal operating capacity and standard lead times for current purchase orders. Sector context: pharmaceuticals; region: southeast asia.,0.148,0,none,none,,train,1,template-generated synthetic scenario
SCW-0054-4,SCW-0054,2025-02-23,,financial_report,Pharmaceuticals,Southeast Asia,Risk commentary indicates standard operating conditions with no significant new supply constraints. Sector context: pharmaceuticals; region: southeast asia.,0.022,0,none,none,,train,1,template-generated synthetic scenario
SCW-0055-1,SCW-0055,2025-02-24,,news,Automotive,North America,"Industry output remained broadly stable this week, with normal freight flows and no material production interruptions reported. Sector context: automotive; region: north america.",0.149,0,none,none,,train,1,template-generated synthetic scenario
SCW-0055-2,SCW-0055,2025-02-24,,social_media,Automotive,North America,Routine logistics updates indicate normal transit times and no unusual capacity constraints across key lanes. Sector context: automotive; region: north america.,0.344,0,none,none,,train,1,template-generated synthetic scenario
SCW-0055-3,SCW-0055,2025-02-24,,supplier_communication,Automotive,North America,Vendor communication confirms normal operating capacity and standard lead times for current purchase orders. Sector context: automotive; region: north america.,0.265,0,none,none,,train,1,template-generated synthetic scenario
SCW-0055-4,SCW-0055,2025-02-24,,financial_report,Automotive,North America,Risk commentary indicates standard operating conditions with no significant new supply constraints. Sector context: automotive; region: north america.,0.024,0,none,none,,train,1,template-generated synthetic scenario
SCW-0056-1,SCW-0056,2025-02-25,,news,Energy,Europe,Manufacturers reported routine operations and balanced inventory positions across major distribution channels. Sector context: energy; region: europe.,0.13,0,none,none,,train,1,template-generated synthetic scenario
SCW-0056-2,SCW-0056,2025-02-25,,social_media,Energy,Europe,Routine logistics updates indicate normal transit times and no unusual capacity constraints across key lanes. Sector context: energy; region: europe.,0.275,0,none,none,,train,1,template-generated synthetic scenario
SCW-0056-3,SCW-0056,2025-02-25,,supplier_communication,Energy,Europe,Vendor communication confirms normal operating capacity and standard lead times for current purchase orders. Sector context: energy; region: europe.,0.266,0,none,none,,train,1,template-generated synthetic scenario
SCW-0056-4,SCW-0056,2025-02-25,,financial_report,Energy,Europe,Risk commentary indicates standard operating conditions with no significant new supply constraints. Sector context: energy; region: europe.,0.085,0,none,none,,train,1,template-generated synthetic scenario
SCW-0057-1,SCW-0057,2025-02-26,,news,Retail,Global,Manufacturers reported routine operations and balanced inventory positions across major distribution channels. Sector context: retail; region: global.,0.295,0,none,none,,train,1,template-generated synthetic scenario
SCW-0057-2,SCW-0057,2025-02-26,,social_media,Retail,Global,Routine logistics updates indicate normal transit times and no unusual capacity constraints across key lanes. Sector context: retail; region: global.,0.141,0,none,none,,train,1,template-generated synthetic scenario
SCW-0057-3,SCW-0057,2025-02-26,,supplier_communication,Retail,Global,Vendor communication confirms normal operating capacity and standard lead times for current purchase orders. Sector context: retail; region: global.,0.106,0,none,none,,train,1,template-generated synthetic scenario
SCW-0057-4,SCW-0057,2025-02-26,,financial_report,Retail,Global,Management reported stable operations and no material supply interruptions during the current reporting period. Sector context: retail; region: global.,0.27,0,none,none,,train,1,template-generated synthetic scenario
SCW-0058-1,SCW-0058,2025-02-27,,news,Automotive,Europe,Manufacturers reported routine operations and balanced inventory positions across major distribution channels. Sector context: automotive; region: europe.,0.263,0,none,none,,train,1,template-generated synthetic scenario
SCW-0058-2,SCW-0058,2025-02-27,,social_media,Automotive,Europe,Routine logistics updates indicate normal transit times and no unusual capacity constraints across key lanes. Sector context: automotive; region: europe.,0.064,0,none,none,,train,1,template-generated synthetic scenario
SCW-0058-3,SCW-0058,2025-02-27,,supplier_communication,Automotive,Europe,Vendor communication confirms normal operating capacity and standard lead times for current purchase orders. Sector context: automotive; region: europe.,0.05,0,none,none,,train,1,template-generated synthetic scenario
SCW-0058-4,SCW-0058,2025-02-27,,financial_report,Automotive,Europe,Management reported stable operations and no material supply interruptions during the current reporting period. Sector context: automotive; region: europe.,0.125,0,none,none,,train,1,template-generated synthetic scenario
SCW-0059-1,SCW-0059,2025-02-28,2025-03-13,news,Pharmaceuticals,Southeast Asia,A key component producer is reportedly facing liquidity pressure and has reduced output at several facilities. Sector context: pharmaceuticals; region: southeast asia.,0.54,1,supplier_failure,low,13,train,1,template-generated synthetic scenario
SCW-0059-2,SCW-0059,2025-02-28,2025-03-13,social_media,Pharmaceuticals,Southeast Asia,"Channel checks suggest recurring shipment delays from a component supplier, with buyers searching for alternate sources. Sector context: pharmaceuticals; region: southeast asia.",0.523,1,supplier_failure,low,13,train,1,template-generated synthetic scenario
SCW-0059-3,SCW-0059,2025-02-28,2025-03-13,supplier_communication,Pharmaceuticals,Southeast Asia,Supplier advisory: capacity is temporarily constrained and certain purchase orders may be delayed beyond contractual dates. Sector context: pharmaceuticals; region: southeast asia.,0.653,1,supplier_failure,low,13,train,1,template-generated synthetic scenario
SCW-0059-4,SCW-0059,2025-02-28,2025-03-13,financial_report,Pharmaceuticals,Southeast Asia,Financial commentary identifies liquidity and capacity constraints that could affect fulfillment of customer orders. Sector context: pharmaceuticals; region: southeast asia.,0.646,1,supplier_failure,low,13,train,1,template-generated synthetic scenario
SCW-0060-1,SCW-0060,2025-03-01,2025-03-03,news,Consumer Electronics,East Asia,"Emergency agencies reported wildfire conditions impacts near industrial zones, creating potential delays for inbound materials and outbound freight. Sector context: consumer electronics; region: east asia.",0.789,1,natural_disaster,high,2,train,1,template-generated synthetic scenario
SCW-0060-2,SCW-0060,2025-03-01,2025-03-03,social_media,Consumer Electronics,East Asia,Local posts report road closures and power interruptions after an earthquake; trucks are being rerouted around the affected area. Sector context: consumer electronics; region: east asia.,0.695,1,natural_disaster,high,2,train,1,template-generated synthetic scenario
SCW-0060-3,SCW-0060,2025-03-01,2025-03-03,supplier_communication,Consumer Electronics,East Asia,"Vendor update indicates temporary production disruption related to extreme weather, with revised delivery commitments expected shortly. Sector context: consumer electronics; region: east asia.",0.745,1,natural_disaster,high,2,train,1,template-generated synthetic scenario
SCW-0060-4,SCW-0060,2025-03-01,2025-03-03,financial_report,Consumer Electronics,East Asia,Risk disclosure highlights possible supply interruption from an earthquake affecting facilities and third-party transportation. Sector context: consumer electronics; region: east asia.,0.782,1,natural_disaster,high,2,train,1,template-generated synthetic scenario
SCW-0061-1,SCW-0061,2025-03-02,,news,Logistics,North America,"Industry output remained broadly stable this week, with normal freight flows and no material production interruptions reported. Sector context: logistics; region: north america.",0.299,0,none,none,,train,1,template-generated synthetic scenario
SCW-0061-2,SCW-0061,2025-03-02,,social_media,Logistics,North America,Procurement discussions show typical lead times and stable availability for most monitored inputs. Sector context: logistics; region: north america.,0.294,0,none,none,,train,1,template-generated synthetic scenario
SCW-0061-3,SCW-0061,2025-03-02,,supplier_communication,Logistics,North America,"Supplier update: production and shipment schedules remain on plan, with no material changes to committed delivery dates. Sector context: logistics; region: north america.",0.276,0,none,none,,train,1,template-generated synthetic scenario
SCW-0061-4,SCW-0061,2025-03-02,,financial_report,Logistics,North America,Risk commentary indicates standard operating conditions with no significant new supply constraints. Sector context: logistics; region: north america.,0.218,0,none,none,,train,1,template-generated synthetic scenario
SCW-0062-1,SCW-0062,2025-03-03,,news,Aerospace,Middle East,"Industry output remained broadly stable this week, with normal freight flows and no material production interruptions reported. Sector context: aerospace; region: middle east.",0.207,0,none,none,,train,1,template-generated synthetic scenario
SCW-0062-2,SCW-0062,2025-03-03,,social_media,Aerospace,Middle East,Routine logistics updates indicate normal transit times and no unusual capacity constraints across key lanes. Sector context: aerospace; region: middle east.,0.108,0,none,none,,train,1,template-generated synthetic scenario
SCW-0062-3,SCW-0062,2025-03-03,,supplier_communication,Aerospace,Middle East,Vendor communication confirms normal operating capacity and standard lead times for current purchase orders. Sector context: aerospace; region: middle east.,0.222,0,none,none,,train,1,template-generated synthetic scenario
SCW-0062-4,SCW-0062,2025-03-03,,financial_report,Aerospace,Middle East,Management reported stable operations and no material supply interruptions during the current reporting period. Sector context: aerospace; region: middle east.,0.26,0,none,none,,train,1,template-generated synthetic scenario
SCW-0063-1,SCW-0063,2025-03-04,,news,Automotive,East Asia,"Industry output remained broadly stable this week, with normal freight flows and no material production interruptions reported. Sector context: automotive; region: east asia.",0.193,0,none,none,,train,1,template-generated synthetic scenario
SCW-0063-2,SCW-0063,2025-03-04,,social_media,Automotive,East Asia,Procurement discussions show typical lead times and stable availability for most monitored inputs. Sector context: automotive; region: east asia.,0.206,0,none,none,,train,1,template-generated synthetic scenario
SCW-0063-3,SCW-0063,2025-03-04,,supplier_communication,Automotive,East Asia,Vendor communication confirms normal operating capacity and standard lead times for current purchase orders. Sector context: automotive; region: east asia.,0.139,0,none,none,,train,1,template-generated synthetic scenario
SCW-0063-4,SCW-0063,2025-03-04,,financial_report,Automotive,East Asia,Risk commentary indicates standard operating conditions with no significant new supply constraints. Sector context: automotive; region: east asia.,0.195,0,none,none,,train,1,template-generated synthetic scenario
SCW-0064-1,SCW-0064,2025-03-05,2025-03-09,news,Retail,South Asia,Industry reports indicate a major supplier has initiated restructuring while customers assess continuity risks. Sector context: retail; region: south asia.,0.854,1,supplier_failure,high,4,train,1,template-generated synthetic scenario
SCW-0064-2,SCW-0064,2025-03-05,2025-03-09,social_media,Retail,South Asia,"Channel checks suggest recurring shipment delays from a component supplier, with buyers searching for alternate sources. Sector context: retail; region: south asia.",0.75,1,supplier_failure,high,4,train,1,template-generated synthetic scenario
SCW-0064-3,SCW-0064,2025-03-05,2025-03-09,supplier_communication,Retail,South Asia,Vendor communication states that production throughput has declined and allocation controls may be introduced. Sector context: retail; region: south asia.,0.84,1,supplier_failure,high,4,train,1,template-generated synthetic scenario
SCW-0064-4,SCW-0064,2025-03-05,2025-03-09,financial_report,Retail,South Asia,Financial commentary identifies liquidity and capacity constraints that could affect fulfillment of customer orders. Sector context: retail; region: south asia.,0.778,1,supplier_failure,high,4,train,1,template-generated synthetic scenario
SCW-0065-1,SCW-0065,2025-03-06,2025-03-20,news,Medical Devices,Middle East,"A manufacturing network is experiencing system outages following a cybersecurity event, affecting production scheduling. Sector context: medical devices; region: middle east.",0.755,1,cyber_incident,high,14,train,1,template-generated synthetic scenario
SCW-0065-2,SCW-0065,2025-03-06,2025-03-20,social_media,Medical Devices,Middle East,Users report widespread shipment-tracking outages and manual processing after a suspected cyber incident. Sector context: medical devices; region: middle east.,0.821,1,cyber_incident,high,14,train,1,template-generated synthetic scenario
SCW-0065-3,SCW-0065,2025-03-06,2025-03-20,supplier_communication,Medical Devices,Middle East,"Vendor advisory states that manual processes are in place while systems are restored, potentially affecting shipment confirmation. Sector context: medical devices; region: middle east.",0.854,1,cyber_incident,high,14,train,1,template-generated synthetic scenario
SCW-0065-4,SCW-0065,2025-03-06,2025-03-20,financial_report,Medical Devices,Middle East,Management noted business-continuity risk from recent system disruption and ongoing remediation activities. Sector context: medical devices; region: middle east.,0.71,1,cyber_incident,high,14,train,1,template-generated synthetic scenario
SCW-0066-1,SCW-0066,2025-03-07,,news,Logistics,Global,Manufacturers reported routine operations and balanced inventory positions across major distribution channels. Sector context: logistics; region: global.,0.255,0,none,none,,train,1,template-generated synthetic scenario
SCW-0066-2,SCW-0066,2025-03-07,,social_media,Logistics,Global,Procurement discussions show typical lead times and stable availability for most monitored inputs. Sector context: logistics; region: global.,0.242,0,none,none,,train,1,template-generated synthetic scenario
SCW-0066-3,SCW-0066,2025-03-07,,supplier_communication,Logistics,Global,"Supplier update: production and shipment schedules remain on plan, with no material changes to committed delivery dates. Sector context: logistics; region: global.",0.135,0,none,none,,train,1,template-generated synthetic scenario
SCW-0066-4,SCW-0066,2025-03-07,,financial_report,Logistics,Global,Risk commentary indicates standard operating conditions with no significant new supply constraints. Sector context: logistics; region: global.,0.213,0,none,none,,train,1,template-generated synthetic scenario
SCW-0067-1,SCW-0067,2025-03-08,,news,Apparel,Europe,Manufacturers reported routine operations and balanced inventory positions across major distribution channels. Sector context: apparel; region: europe.,0.29,0,none,none,,train,1,template-generated synthetic scenario
SCW-0067-2,SCW-0067,2025-03-08,,social_media,Apparel,Europe,Procurement discussions show typical lead times and stable availability for most monitored inputs. Sector context: apparel; region: europe.,0.186,0,none,none,,train,1,template-generated synthetic scenario
SCW-0067-3,SCW-0067,2025-03-08,,supplier_communication,Apparel,Europe,"Supplier update: production and shipment schedules remain on plan, with no material changes to committed delivery dates. Sector context: apparel; region: europe.",0.181,0,none,none,,train,1,template-generated synthetic scenario
SCW-0067-4,SCW-0067,2025-03-08,,financial_report,Apparel,Europe,Risk commentary indicates standard operating conditions with no significant new supply constraints. Sector context: apparel; region: europe.,0.131,0,none,none,,train,1,template-generated synthetic scenario
SCW-0068-1,SCW-0068,2025-03-09,,news,Semiconductors,East Asia,Manufacturers reported routine operations and balanced inventory positions across major distribution channels. Sector context: semiconductors; region: east asia.,0.138,0,none,none,,train,1,template-generated synthetic scenario
SCW-0068-2,SCW-0068,2025-03-09,,social_media,Semiconductors,East Asia,Routine logistics updates indicate normal transit times and no unusual capacity constraints across key lanes. Sector context: semiconductors; region: east asia.,0.092,0,none,none,,train,1,template-generated synthetic scenario
SCW-0068-3,SCW-0068,2025-03-09,,supplier_communication,Semiconductors,East Asia,"Supplier update: production and shipment schedules remain on plan, with no material changes to committed delivery dates. Sector context: semiconductors; region: east asia.",0.267,0,none,none,,train,1,template-generated synthetic scenario
SCW-0068-4,SCW-0068,2025-03-09,,financial_report,Semiconductors,East Asia,Management reported stable operations and no material supply interruptions during the current reporting period. Sector context: semiconductors; region: east asia.,0.051,0,none,none,,train,1,template-generated synthetic scenario
SCW-0069-1,SCW-0069,2025-03-10,2025-03-20,news,Medical Devices,South Asia,Unexpected demand acceleration is creating shortages across several product categories and stretching upstream capacity. Sector context: medical devices; region: south asia.,0.625,1,demand_shock,medium,10,train,1,template-generated synthetic scenario
SCW-0069-2,SCW-0069,2025-03-10,2025-03-20,social_media,Medical Devices,South Asia,Procurement discussions indicate spot shortages and supplier allocation following an abrupt demand surge. Sector context: medical devices; region: south asia.,0.844,1,demand_shock,medium,10,train,1,template-generated synthetic scenario
SCW-0069-3,SCW-0069,2025-03-10,2025-03-20,supplier_communication,Medical Devices,South Asia,Vendor advises that demand volatility is affecting capacity planning and committed lead times. Sector context: medical devices; region: south asia.,0.779,1,demand_shock,medium,10,train,1,template-generated synthetic scenario
SCW-0069-4,SCW-0069,2025-03-10,2025-03-20,financial_report,Medical Devices,South Asia,Financial commentary cites capacity pressure from unexpectedly strong demand and constrained upstream supply. Sector context: medical devices; region: south asia.,0.665,1,demand_shock,medium,10,train,1,template-generated synthetic scenario
SCW-0070-1,SCW-0070,2025-03-11,,news,Industrial Manufacturing,Europe,"Industry output remained broadly stable this week, with normal freight flows and no material production interruptions reported. Sector context: industrial manufacturing; region: europe.",0.142,0,none,none,,train,1,template-generated synthetic scenario
SCW-0070-2,SCW-0070,2025-03-11,,social_media,Industrial Manufacturing,Europe,Procurement discussions show typical lead times and stable availability for most monitored inputs. Sector context: industrial manufacturing; region: europe.,0.153,0,none,none,,train,1,template-generated synthetic scenario
SCW-0070-3,SCW-0070,2025-03-11,,supplier_communication,Industrial Manufacturing,Europe,Vendor communication confirms normal operating capacity and standard lead times for current purchase orders. Sector context: industrial manufacturing; region: europe.,0.203,0,none,none,,train,1,template-generated synthetic scenario
SCW-0070-4,SCW-0070,2025-03-11,,financial_report,Industrial Manufacturing,Europe,Management reported stable operations and no material supply interruptions during the current reporting period. Sector context: industrial manufacturing; region: europe.,0.103,0,none,none,,train,1,template-generated synthetic scenario
SCW-0071-1,SCW-0071,2025-03-12,,news,Medical Devices,Latin America,Manufacturers reported routine operations and balanced inventory positions across major distribution channels. Sector context: medical devices; region: latin america.,0.203,0,none,none,,train,1,template-generated synthetic scenario
SCW-0071-2,SCW-0071,2025-03-12,,social_media,Medical Devices,Latin America,Routine logistics updates indicate normal transit times and no unusual capacity constraints across key lanes. Sector context: medical devices; region: latin america.,0.262,0,none,none,,train,1,template-generated synthetic scenario
SCW-0071-3,SCW-0071,2025-03-12,,supplier_communication,Medical Devices,Latin America,"Supplier update: production and shipment schedules remain on plan, with no material changes to committed delivery dates. Sector context: medical devices; region: latin america.",0.197,0,none,none,,train,1,template-generated synthetic scenario
SCW-0071-4,SCW-0071,2025-03-12,,financial_report,Medical Devices,Latin America,Management reported stable operations and no material supply interruptions during the current reporting period. Sector context: medical devices; region: latin america.,0.241,0,none,none,,train,1,template-generated synthetic scenario
SCW-0072-1,SCW-0072,2025-03-13,,news,Pharmaceuticals,South Asia,Manufacturers reported routine operations and balanced inventory positions across major distribution channels. Sector context: pharmaceuticals; region: south asia.,0.212,0,none,none,,train,1,template-generated synthetic scenario
SCW-0072-2,SCW-0072,2025-03-13,,social_media,Pharmaceuticals,South Asia,Procurement discussions show typical lead times and stable availability for most monitored inputs. Sector context: pharmaceuticals; region: south asia.,0.137,0,none,none,,train,1,template-generated synthetic scenario
SCW-0072-3,SCW-0072,2025-03-13,,supplier_communication,Pharmaceuticals,South Asia,"Supplier update: production and shipment schedules remain on plan, with no material changes to committed delivery dates. Sector context: pharmaceuticals; region: south asia.",0.253,0,none,none,,train,1,template-generated synthetic scenario
SCW-0072-4,SCW-0072,2025-03-13,,financial_report,Pharmaceuticals,South Asia,Risk commentary indicates standard operating conditions with no significant new supply constraints. Sector context: pharmaceuticals; region: south asia.,0.337,0,none,none,,train,1,template-generated synthetic scenario
SCW-0073-1,SCW-0073,2025-03-14,2025-03-17,news,Consumer Electronics,Europe,"A manufacturing network is experiencing system outages following a cybersecurity event, affecting production scheduling. Sector context: consumer electronics; region: europe.",0.925,1,cyber_incident,critical,3,train,1,template-generated synthetic scenario
SCW-0073-2,SCW-0073,2025-03-14,2025-03-17,social_media,Consumer Electronics,Europe,Operations teams are sharing reports of unavailable planning systems and delayed warehouse transactions. Sector context: consumer electronics; region: europe.,0.935,1,cyber_incident,critical,3,train,1,template-generated synthetic scenario
SCW-0073-3,SCW-0073,2025-03-14,2025-03-17,supplier_communication,Consumer Electronics,Europe,"Vendor advisory states that manual processes are in place while systems are restored, potentially affecting shipment confirmation. Sector context: consumer electronics; region: europe.",0.861,1,cyber_incident,critical,3,train,1,template-generated synthetic scenario
SCW-0073-4,SCW-0073,2025-03-14,2025-03-17,financial_report,Consumer Electronics,Europe,Management noted business-continuity risk from recent system disruption and ongoing remediation activities. Sector context: consumer electronics; region: europe.,0.866,1,cyber_incident,critical,3,train,1,template-generated synthetic scenario
SCW-0074-1,SCW-0074,2025-03-15,,news,Consumer Electronics,Global,"Industry output remained broadly stable this week, with normal freight flows and no material production interruptions reported. Sector context: consumer electronics; region: global.",0.372,0,none,none,,train,1,template-generated synthetic scenario
SCW-0074-2,SCW-0074,2025-03-15,,social_media,Consumer Electronics,Global,Routine logistics updates indicate normal transit times and no unusual capacity constraints across key lanes. Sector context: consumer electronics; region: global.,0.117,0,none,none,,train,1,template-generated synthetic scenario
SCW-0074-3,SCW-0074,2025-03-15,,supplier_communication,Consumer Electronics,Global,Vendor communication confirms normal operating capacity and standard lead times for current purchase orders. Sector context: consumer electronics; region: global.,0.071,0,none,none,,train,1,template-generated synthetic scenario
SCW-0074-4,SCW-0074,2025-03-15,,financial_report,Consumer Electronics,Global,Risk commentary indicates standard operating conditions with no significant new supply constraints. Sector context: consumer electronics; region: global.,0.219,0,none,none,,train,1,template-generated synthetic scenario
SCW-0075-1,SCW-0075,2025-03-16,,news,Aerospace,Europe,Manufacturers reported routine operations and balanced inventory positions across major distribution channels. Sector context: aerospace; region: europe.,0.132,0,none,none,,train,1,template-generated synthetic scenario
SCW-0075-2,SCW-0075,2025-03-16,,social_media,Aerospace,Europe,Routine logistics updates indicate normal transit times and no unusual capacity constraints across key lanes. Sector context: aerospace; region: europe.,0.064,0,none,none,,train,1,template-generated synthetic scenario
SCW-0075-3,SCW-0075,2025-03-16,,supplier_communication,Aerospace,Europe,Vendor communication confirms normal operating capacity and standard lead times for current purchase orders. Sector context: aerospace; region: europe.,0.153,0,none,none,,train,1,template-generated synthetic scenario
SCW-0075-4,SCW-0075,2025-03-16,,financial_report,Aerospace,Europe,Management reported stable operations and no material supply interruptions during the current reporting period. Sector context: aerospace; region: europe.,0.252,0,none,none,,train,1,template-generated synthetic scenario
SCW-0076-1,SCW-0076,2025-03-17,2025-03-31,news,Apparel,North America,"A manufacturer announced a quality investigation involving a critical component, with shipments temporarily paused. Sector context: apparel; region: north america.",0.99,1,quality_recall,critical,14,train,1,template-generated synthetic scenario
SCW-0076-2,SCW-0076,2025-03-17,2025-03-31,social_media,Apparel,North America,Customers and distributors are reporting elevated defect concerns and temporary product withdrawals. Sector context: apparel; region: north america.,0.871,1,quality_recall,critical,14,train,1,template-generated synthetic scenario
SCW-0076-3,SCW-0076,2025-03-17,2025-03-31,supplier_communication,Apparel,North America,Vendor advisory requests temporary quarantine of affected material and warns of possible replenishment delays. Sector context: apparel; region: north america.,0.936,1,quality_recall,critical,14,train,1,template-generated synthetic scenario
SCW-0076-4,SCW-0076,2025-03-17,2025-03-31,financial_report,Apparel,North America,Management disclosed a quality-related production hold that may affect near-term shipments and warranty costs. Sector context: apparel; region: north america.,0.866,1,quality_recall,critical,14,train,1,template-generated synthetic scenario
SCW-0077-1,SCW-0077,2025-03-18,,news,Aerospace,South Asia,"Industry output remained broadly stable this week, with normal freight flows and no material production interruptions reported. Sector context: aerospace; region: south asia.",0.084,0,none,none,,train,1,template-generated synthetic scenario
SCW-0077-2,SCW-0077,2025-03-18,,social_media,Aerospace,South Asia,Routine logistics updates indicate normal transit times and no unusual capacity constraints across key lanes. Sector context: aerospace; region: south asia.,0.292,0,none,none,,train,1,template-generated synthetic scenario
SCW-0077-3,SCW-0077,2025-03-18,,supplier_communication,Aerospace,South Asia,Vendor communication confirms normal operating capacity and standard lead times for current purchase orders. Sector context: aerospace; region: south asia.,0.325,0,none,none,,train,1,template-generated synthetic scenario
SCW-0077-4,SCW-0077,2025-03-18,,financial_report,Aerospace,South Asia,Risk commentary indicates standard operating conditions with no significant new supply constraints. Sector context: aerospace; region: south asia.,0.313,0,none,none,,train,1,template-generated synthetic scenario
SCW-0078-1,SCW-0078,2025-03-19,,news,Energy,Europe,Manufacturers reported routine operations and balanced inventory positions across major distribution channels. Sector context: energy; region: europe.,0.141,0,none,none,,train,1,template-generated synthetic scenario
SCW-0078-2,SCW-0078,2025-03-19,,social_media,Energy,Europe,Routine logistics updates indicate normal transit times and no unusual capacity constraints across key lanes. Sector context: energy; region: europe.,0.331,0,none,none,,train,1,template-generated synthetic scenario
SCW-0078-3,SCW-0078,2025-03-19,,supplier_communication,Energy,Europe,"Supplier update: production and shipment schedules remain on plan, with no material changes to committed delivery dates. Sector context: energy; region: europe.",0.186,0,none,none,,train,1,template-generated synthetic scenario
SCW-0078-4,SCW-0078,2025-03-19,,financial_report,Energy,Europe,Management reported stable operations and no material supply interruptions during the current reporting period. Sector context: energy; region: europe.,0.218,0,none,none,,train,1,template-generated synthetic scenario
SCW-0079-1,SCW-0079,2025-03-20,,news,Industrial Manufacturing,Latin America,"Industry output remained broadly stable this week, with normal freight flows and no material production interruptions reported. Sector context: industrial manufacturing; region: latin america.",0.167,0,none,none,,train,1,template-generated synthetic scenario
SCW-0079-2,SCW-0079,2025-03-20,,social_media,Industrial Manufacturing,Latin America,Routine logistics updates indicate normal transit times and no unusual capacity constraints across key lanes. Sector context: industrial manufacturing; region: latin america.,0.301,0,none,none,,train,1,template-generated synthetic scenario
SCW-0079-3,SCW-0079,2025-03-20,,supplier_communication,Industrial Manufacturing,Latin America,Vendor communication confirms normal operating capacity and standard lead times for current purchase orders. Sector context: industrial manufacturing; region: latin america.,0.27,0,none,none,,train,1,template-generated synthetic scenario
SCW-0079-4,SCW-0079,2025-03-20,,financial_report,Industrial Manufacturing,Latin America,Risk commentary indicates standard operating conditions with no significant new supply constraints. Sector context: industrial manufacturing; region: latin america.,0.312,0,none,none,,train,1,template-generated synthetic scenario
SCW-0080-1,SCW-0080,2025-03-21,,news,Logistics,South Asia,Manufacturers reported routine operations and balanced inventory positions across major distribution channels. Sector context: logistics; region: south asia.,0.305,0,none,none,,train,1,template-generated synthetic scenario
SCW-0080-2,SCW-0080,2025-03-21,,social_media,Logistics,South Asia,Procurement discussions show typical lead times and stable availability for most monitored inputs. Sector context: logistics; region: south asia.,0.218,0,none,none,,train,1,template-generated synthetic scenario
SCW-0080-3,SCW-0080,2025-03-21,,supplier_communication,Logistics,South Asia,"Supplier update: production and shipment schedules remain on plan, with no material changes to committed delivery dates. Sector context: logistics; region: south asia.",0.272,0,none,none,,train,1,template-generated synthetic scenario
SCW-0080-4,SCW-0080,2025-03-21,,financial_report,Logistics,South Asia,Management reported stable operations and no material supply interruptions during the current reporting period. Sector context: logistics; region: south asia.,0.137,0,none,none,,train,1,template-generated synthetic scenario
SCW-0081-1,SCW-0081,2025-03-22,,news,Medical Devices,North America,"Industry output remained broadly stable this week, with normal freight flows and no material production interruptions reported. Sector context: medical devices; region: north america.",0.217,0,none,none,,train,1,template-generated synthetic scenario
SCW-0081-2,SCW-0081,2025-03-22,,social_media,Medical Devices,North America,Procurement discussions show typical lead times and stable availability for most monitored inputs. Sector context: medical devices; region: north america.,0.229,0,none,none,,train,1,template-generated synthetic scenario
SCW-0081-3,SCW-0081,2025-03-22,,supplier_communication,Medical Devices,North America,"Supplier update: production and shipment schedules remain on plan, with no material changes to committed delivery dates. Sector context: medical devices; region: north america.",0.155,0,none,none,,train,1,template-generated synthetic scenario
SCW-0081-4,SCW-0081,2025-03-22,,financial_report,Medical Devices,North America,Risk commentary indicates standard operating conditions with no significant new supply constraints. Sector context: medical devices; region: north america.,0.142,0,none,none,,train,1,template-generated synthetic scenario
SCW-0082-1,SCW-0082,2025-03-23,2025-03-27,news,Medical Devices,Southeast Asia,A key component producer is reportedly facing liquidity pressure and has reduced output at several facilities. Sector context: medical devices; region: southeast asia.,0.967,1,supplier_failure,critical,4,train,1,template-generated synthetic scenario
SCW-0082-2,SCW-0082,2025-03-23,2025-03-27,social_media,Medical Devices,Southeast Asia,Multiple procurement discussions mention missed commitments and reduced availability from a shared upstream supplier. Sector context: medical devices; region: southeast asia.,0.831,1,supplier_failure,critical,4,train,1,template-generated synthetic scenario
SCW-0082-3,SCW-0082,2025-03-23,2025-03-27,supplier_communication,Medical Devices,Southeast Asia,Supplier advisory: capacity is temporarily constrained and certain purchase orders may be delayed beyond contractual dates. Sector context: medical devices; region: southeast asia.,0.87,1,supplier_failure,critical,4,train,1,template-generated synthetic scenario
SCW-0082-4,SCW-0082,2025-03-23,2025-03-27,financial_report,Medical Devices,Southeast Asia,The supplier disclosed elevated working-capital pressure and uncertainty regarding near-term production continuity. Sector context: medical devices; region: southeast asia.,0.926,1,supplier_failure,critical,4,train,1,template-generated synthetic scenario
SCW-0083-1,SCW-0083,2025-03-24,,news,Automotive,East Asia,"Industry output remained broadly stable this week, with normal freight flows and no material production interruptions reported. Sector context: automotive; region: east asia.",0.515,0,none,none,,train,1,template-generated synthetic scenario
SCW-0083-2,SCW-0083,2025-03-24,,social_media,Automotive,East Asia,Routine logistics updates indicate normal transit times and no unusual capacity constraints across key lanes. Sector context: automotive; region: east asia.,0.307,0,none,none,,train,1,template-generated synthetic scenario
SCW-0083-3,SCW-0083,2025-03-24,,supplier_communication,Automotive,East Asia,Vendor communication confirms normal operating capacity and standard lead times for current purchase orders. Sector context: automotive; region: east asia.,0.176,0,none,none,,train,1,template-generated synthetic scenario
SCW-0083-4,SCW-0083,2025-03-24,,financial_report,Automotive,East Asia,Risk commentary indicates standard operating conditions with no significant new supply constraints. Sector context: automotive; region: east asia.,0.287,0,none,none,,train,1,template-generated synthetic scenario
SCW-0084-1,SCW-0084,2025-03-25,,news,Aerospace,East Asia,"Industry output remained broadly stable this week, with normal freight flows and no material production interruptions reported. Sector context: aerospace; region: east asia.",0.045,0,none,none,,train,1,template-generated synthetic scenario
SCW-0084-2,SCW-0084,2025-03-25,,social_media,Aerospace,East Asia,Routine logistics updates indicate normal transit times and no unusual capacity constraints across key lanes. Sector context: aerospace; region: east asia.,0.206,0,none,none,,train,1,template-generated synthetic scenario
SCW-0084-3,SCW-0084,2025-03-25,,supplier_communication,Aerospace,East Asia,"Supplier update: production and shipment schedules remain on plan, with no material changes to committed delivery dates. Sector context: aerospace; region: east asia.",0.366,0,none,none,,train,1,template-generated synthetic scenario
SCW-0084-4,SCW-0084,2025-03-25,,financial_report,Aerospace,East Asia,Risk commentary indicates standard operating conditions with no significant new supply constraints. Sector context: aerospace; region: east asia.,0.301,0,none,none,,train,1,template-generated synthetic scenario
SCW-0085-1,SCW-0085,2025-03-26,2025-03-27,news,Automotive,Latin America,"Emergency agencies reported extreme weather impacts near industrial zones, creating potential delays for inbound materials and outbound freight. Sector context: automotive; region: latin america.",0.543,1,natural_disaster,low,1,train,1,template-generated synthetic scenario
SCW-0085-2,SCW-0085,2025-03-26,2025-03-27,social_media,Automotive,Latin America,Local posts report road closures and power interruptions after wildfire conditions; trucks are being rerouted around the affected area. Sector context: automotive; region: latin america.,0.541,1,natural_disaster,low,1,train,1,template-generated synthetic scenario
SCW-0085-3,SCW-0085,2025-03-26,2025-03-27,supplier_communication,Automotive,Latin America,Supplier notice: operations may be constrained due to wildfire conditions; shipment schedules are under review and recovery timing remains uncertain. Sector context: automotive; region: latin america.,0.522,1,natural_disaster,low,1,train,1,template-generated synthetic scenario
SCW-0085-4,SCW-0085,2025-03-26,2025-03-27,financial_report,Automotive,Latin America,"Management noted potential operational exposure to extreme weather, including logistics delays and temporary capacity constraints. Sector context: automotive; region: latin america.",0.622,1,natural_disaster,low,1,train,1,template-generated synthetic scenario
SCW-0086-1,SCW-0086,2025-03-27,,news,Industrial Manufacturing,Global,"Industry output remained broadly stable this week, with normal freight flows and no material production interruptions reported. Sector context: industrial manufacturing; region: global.",0.217,0,none,none,,train,1,template-generated synthetic scenario
SCW-0086-2,SCW-0086,2025-03-27,,social_media,Industrial Manufacturing,Global,Procurement discussions show typical lead times and stable availability for most monitored inputs. Sector context: industrial manufacturing; region: global.,0.388,0,none,none,,train,1,template-generated synthetic scenario
SCW-0086-3,SCW-0086,2025-03-27,,supplier_communication,Industrial Manufacturing,Global,Vendor communication confirms normal operating capacity and standard lead times for current purchase orders. Sector context: industrial manufacturing; region: global.,0.167,0,none,none,,train,1,template-generated synthetic scenario
SCW-0086-4,SCW-0086,2025-03-27,,financial_report,Industrial Manufacturing,Global,Management reported stable operations and no material supply interruptions during the current reporting period. Sector context: industrial manufacturing; region: global.,0.1,0,none,none,,train,1,template-generated synthetic scenario
SCW-0087-1,SCW-0087,2025-03-28,,news,Aerospace,Middle East,"Industry output remained broadly stable this week, with normal freight flows and no material production interruptions reported. Sector context: aerospace; region: middle east.",0.221,0,none,none,,train,1,template-generated synthetic scenario
SCW-0087-2,SCW-0087,2025-03-28,,social_media,Aerospace,Middle East,Routine logistics updates indicate normal transit times and no unusual capacity constraints across key lanes. Sector context: aerospace; region: middle east.,0.132,0,none,none,,train,1,template-generated synthetic scenario
SCW-0087-3,SCW-0087,2025-03-28,,supplier_communication,Aerospace,Middle East,Vendor communication confirms normal operating capacity and standard lead times for current purchase orders. Sector context: aerospace; region: middle east.,0.328,0,none,none,,train,1,template-generated synthetic scenario
SCW-0087-4,SCW-0087,2025-03-28,,financial_report,Aerospace,Middle East,Management reported stable operations and no material supply interruptions during the current reporting period. Sector context: aerospace; region: middle east.,0.029,0,none,none,,train,1,template-generated synthetic scenario
SCW-0088-1,SCW-0088,2025-03-29,,news,Pharmaceuticals,Global,Manufacturers reported routine operations and balanced inventory positions across major distribution channels. Sector context: pharmaceuticals; region: global.,0.201,0,none,none,,train,1,template-generated synthetic scenario
SCW-0088-2,SCW-0088,2025-03-29,,social_media,Pharmaceuticals,Global,Procurement discussions show typical lead times and stable availability for most monitored inputs. Sector context: pharmaceuticals; region: global.,0.259,0,none,none,,train,1,template-generated synthetic scenario
SCW-0088-3,SCW-0088,2025-03-29,,supplier_communication,Pharmaceuticals,Global,"Supplier update: production and shipment schedules remain on plan, with no material changes to committed delivery dates. Sector context: pharmaceuticals; region: global.",0.046,0,none,none,,train,1,template-generated synthetic scenario
SCW-0088-4,SCW-0088,2025-03-29,,financial_report,Pharmaceuticals,Global,Risk commentary indicates standard operating conditions with no significant new supply constraints. Sector context: pharmaceuticals; region: global.,0.247,0,none,none,,train,1,template-generated synthetic scenario
SCW-0089-1,SCW-0089,2025-03-30,,news,Energy,Europe,Manufacturers reported routine operations and balanced inventory positions across major distribution channels. Sector context: energy; region: europe.,0.159,0,none,none,,train,1,template-generated synthetic scenario
SCW-0089-2,SCW-0089,2025-03-30,,social_media,Energy,Europe,Procurement discussions show typical lead times and stable availability for most monitored inputs. Sector context: energy; region: europe.,0.263,0,none,none,,train,1,template-generated synthetic scenario
SCW-0089-3,SCW-0089,2025-03-30,,supplier_communication,Energy,Europe,"Supplier update: production and shipment schedules remain on plan, with no material changes to committed delivery dates. Sector context: energy; region: europe.",0.2,0,none,none,,train,1,template-generated synthetic scenario
SCW-0089-4,SCW-0089,2025-03-30,,financial_report,Energy,Europe,Risk commentary indicates standard operating conditions with no significant new supply constraints. Sector context: energy; region: europe.,0.166,0,none,none,,train,1,template-generated synthetic scenario
SCW-0090-1,SCW-0090,2025-03-31,,news,Automotive,Southeast Asia,"Industry output remained broadly stable this week, with normal freight flows and no material production interruptions reported. Sector context: automotive; region: southeast asia.",0.274,0,none,none,,train,1,template-generated synthetic scenario
SCW-0090-2,SCW-0090,2025-03-31,,social_media,Automotive,Southeast Asia,Procurement discussions show typical lead times and stable availability for most monitored inputs. Sector context: automotive; region: southeast asia.,0.306,0,none,none,,train,1,template-generated synthetic scenario
SCW-0090-3,SCW-0090,2025-03-31,,supplier_communication,Automotive,Southeast Asia,"Supplier update: production and shipment schedules remain on plan, with no material changes to committed delivery dates. Sector context: automotive; region: southeast asia.",0.269,0,none,none,,train,1,template-generated synthetic scenario
SCW-0090-4,SCW-0090,2025-03-31,,financial_report,Automotive,Southeast Asia,Risk commentary indicates standard operating conditions with no significant new supply constraints. Sector context: automotive; region: southeast asia.,0.334,0,none,none,,train,1,template-generated synthetic scenario
SCW-0091-1,SCW-0091,2025-04-01,,news,Automotive,Europe,Manufacturers reported routine operations and balanced inventory positions across major distribution channels. Sector context: automotive; region: europe.,0.205,0,none,none,,train,1,template-generated synthetic scenario
SCW-0091-2,SCW-0091,2025-04-01,,social_media,Automotive,Europe,Routine logistics updates indicate normal transit times and no unusual capacity constraints across key lanes. Sector context: automotive; region: europe.,0.417,0,none,none,,train,1,template-generated synthetic scenario
SCW-0091-3,SCW-0091,2025-04-01,,supplier_communication,Automotive,Europe,Vendor communication confirms normal operating capacity and standard lead times for current purchase orders. Sector context: automotive; region: europe.,0.415,0,none,none,,train,1,template-generated synthetic scenario
SCW-0091-4,SCW-0091,2025-04-01,,financial_report,Automotive,Europe,Risk commentary indicates standard operating conditions with no significant new supply constraints. Sector context: automotive; region: europe.,0.239,0,none,none,,train,1,template-generated synthetic scenario
SCW-0092-1,SCW-0092,2025-04-02,2025-04-06,news,Logistics,Europe,Port congestion and equipment shortages are increasing vessel dwell times and delaying container availability. Sector context: logistics; region: europe.,0.981,1,logistics_transport,critical,4,train,1,template-generated synthetic scenario
SCW-0092-2,SCW-0092,2025-04-02,2025-04-06,social_media,Logistics,Europe,Shippers report repeated rollovers and longer transit times as network congestion intensifies. Sector context: logistics; region: europe.,0.902,1,logistics_transport,critical,4,train,1,template-generated synthetic scenario
SCW-0092-3,SCW-0092,2025-04-02,2025-04-06,supplier_communication,Logistics,Europe,Supplier advises that port congestion and equipment shortages may delay confirmed dispatch dates. Sector context: logistics; region: europe.,0.878,1,logistics_transport,critical,4,train,1,template-generated synthetic scenario
SCW-0092-4,SCW-0092,2025-04-02,2025-04-06,financial_report,Logistics,Europe,Management noted elevated freight costs and transportation bottlenecks that may affect service levels and inventory availability. Sector context: logistics; region: europe.,0.844,1,logistics_transport,critical,4,train,1,template-generated synthetic scenario
SCW-0093-1,SCW-0093,2025-04-03,,news,Consumer Electronics,North America,Manufacturers reported routine operations and balanced inventory positions across major distribution channels. Sector context: consumer electronics; region: north america.,0.097,0,none,none,,train,1,template-generated synthetic scenario
SCW-0093-2,SCW-0093,2025-04-03,,social_media,Consumer Electronics,North America,Procurement discussions show typical lead times and stable availability for most monitored inputs. Sector context: consumer electronics; region: north america.,0.17,0,none,none,,train,1,template-generated synthetic scenario
SCW-0093-3,SCW-0093,2025-04-03,,supplier_communication,Consumer Electronics,North America,"Supplier update: production and shipment schedules remain on plan, with no material changes to committed delivery dates. Sector context: consumer electronics; region: north america.",0.232,0,none,none,,train,1,template-generated synthetic scenario
SCW-0093-4,SCW-0093,2025-04-03,,financial_report,Consumer Electronics,North America,Management reported stable operations and no material supply interruptions during the current reporting period. Sector context: consumer electronics; region: north america.,0.23,0,none,none,,train,1,template-generated synthetic scenario
SCW-0094-1,SCW-0094,2025-04-04,,news,Semiconductors,Global,"Industry output remained broadly stable this week, with normal freight flows and no material production interruptions reported. Sector context: semiconductors; region: global.",0.164,0,none,none,,train,1,template-generated synthetic scenario
SCW-0094-2,SCW-0094,2025-04-04,,social_media,Semiconductors,Global,Routine logistics updates indicate normal transit times and no unusual capacity constraints across key lanes. Sector context: semiconductors; region: global.,0.263,0,none,none,,train,1,template-generated synthetic scenario
SCW-0094-3,SCW-0094,2025-04-04,,supplier_communication,Semiconductors,Global,"Supplier update: production and shipment schedules remain on plan, with no material changes to committed delivery dates. Sector context: semiconductors; region: global.",0.15,0,none,none,,train,1,template-generated synthetic scenario
SCW-0094-4,SCW-0094,2025-04-04,,financial_report,Semiconductors,Global,Management reported stable operations and no material supply interruptions during the current reporting period. Sector context: semiconductors; region: global.,0.179,0,none,none,,train,1,template-generated synthetic scenario
SCW-0095-1,SCW-0095,2025-04-05,,news,Automotive,South Asia,"Industry output remained broadly stable this week, with normal freight flows and no material production interruptions reported. Sector context: automotive; region: south asia.",0.306,0,none,none,,train,1,template-generated synthetic scenario
SCW-0095-2,SCW-0095,2025-04-05,,social_media,Automotive,South Asia,Procurement discussions show typical lead times and stable availability for most monitored inputs. Sector context: automotive; region: south asia.,0.247,0,none,none,,train,1,template-generated synthetic scenario
SCW-0095-3,SCW-0095,2025-04-05,,supplier_communication,Automotive,South Asia,Vendor communication confirms normal operating capacity and standard lead times for current purchase orders. Sector context: automotive; region: south asia.,0.175,0,none,none,,train,1,template-generated synthetic scenario
SCW-0095-4,SCW-0095,2025-04-05,,financial_report,Automotive,South Asia,Management reported stable operations and no material supply interruptions during the current reporting period. Sector context: automotive; region: south asia.,0.293,0,none,none,,train,1,template-generated synthetic scenario
SCW-0096-1,SCW-0096,2025-04-06,,news,Semiconductors,Southeast Asia,"Industry output remained broadly stable this week, with normal freight flows and no material production interruptions reported. Sector context: semiconductors; region: southeast asia.",0.216,0,none,none,,train,1,template-generated synthetic scenario
SCW-0096-2,SCW-0096,2025-04-06,,social_media,Semiconductors,Southeast Asia,Procurement discussions show typical lead times and stable availability for most monitored inputs. Sector context: semiconductors; region: southeast asia.,0.067,0,none,none,,train,1,template-generated synthetic scenario
SCW-0096-3,SCW-0096,2025-04-06,,supplier_communication,Semiconductors,Southeast Asia,"Supplier update: production and shipment schedules remain on plan, with no material changes to committed delivery dates. Sector context: semiconductors; region: southeast asia.",0.385,0,none,none,,train,1,template-generated synthetic scenario
SCW-0096-4,SCW-0096,2025-04-06,,financial_report,Semiconductors,Southeast Asia,Risk commentary indicates standard operating conditions with no significant new supply constraints. Sector context: semiconductors; region: southeast asia.,0.115,0,none,none,,train,1,template-generated synthetic scenario
SCW-0097-1,SCW-0097,2025-04-07,,news,Consumer Electronics,Latin America,"Industry output remained broadly stable this week, with normal freight flows and no material production interruptions reported. Sector context: consumer electronics; region: latin america.",0.162,0,none,none,,train,1,template-generated synthetic scenario
SCW-0097-2,SCW-0097,2025-04-07,,social_media,Consumer Electronics,Latin America,Routine logistics updates indicate normal transit times and no unusual capacity constraints across key lanes. Sector context: consumer electronics; region: latin america.,0.204,0,none,none,,train,1,template-generated synthetic scenario
SCW-0097-3,SCW-0097,2025-04-07,,supplier_communication,Consumer Electronics,Latin America,"Supplier update: production and shipment schedules remain on plan, with no material changes to committed delivery dates. Sector context: consumer electronics; region: latin america.",0.163,0,none,none,,train,1,template-generated synthetic scenario
SCW-0097-4,SCW-0097,2025-04-07,,financial_report,Consumer Electronics,Latin America,Management reported stable operations and no material supply interruptions during the current reporting period. Sector context: consumer electronics; region: latin america.,0.151,0,none,none,,train,1,template-generated synthetic scenario
SCW-0098-1,SCW-0098,2025-04-08,,news,Industrial Manufacturing,East Asia,Manufacturers reported routine operations and balanced inventory positions across major distribution channels. Sector context: industrial manufacturing; region: east asia.,0.12,0,none,none,,train,1,template-generated synthetic scenario
SCW-0098-2,SCW-0098,2025-04-08,,social_media,Industrial Manufacturing,East Asia,Procurement discussions show typical lead times and stable availability for most monitored inputs. Sector context: industrial manufacturing; region: east asia.,0.295,0,none,none,,train,1,template-generated synthetic scenario
SCW-0098-3,SCW-0098,2025-04-08,,supplier_communication,Industrial Manufacturing,East Asia,"Supplier update: production and shipment schedules remain on plan, with no material changes to committed delivery dates. Sector context: industrial manufacturing; region: east asia.",0.387,0,none,none,,train,1,template-generated synthetic scenario
SCW-0098-4,SCW-0098,2025-04-08,,financial_report,Industrial Manufacturing,East Asia,Risk commentary indicates standard operating conditions with no significant new supply constraints. Sector context: industrial manufacturing; region: east asia.,0.342,0,none,none,,train,1,template-generated synthetic scenario
SCW-0099-1,SCW-0099,2025-04-09,2025-04-10,news,Industrial Manufacturing,Latin America,"A sudden market shift has driven orders well above forecast, increasing pressure on component supply and fulfillment. Sector context: industrial manufacturing; region: latin america.",0.981,1,demand_shock,critical,1,train,1,template-generated synthetic scenario
SCW-0099-2,SCW-0099,2025-04-09,2025-04-10,social_media,Industrial Manufacturing,Latin America,Procurement discussions indicate spot shortages and supplier allocation following an abrupt demand surge. Sector context: industrial manufacturing; region: latin america.,0.932,1,demand_shock,critical,1,train,1,template-generated synthetic scenario
SCW-0099-3,SCW-0099,2025-04-09,2025-04-10,supplier_communication,Industrial Manufacturing,Latin America,Vendor advises that demand volatility is affecting capacity planning and committed lead times. Sector context: industrial manufacturing; region: latin america.,0.9,1,demand_shock,critical,1,train,1,template-generated synthetic scenario
SCW-0099-4,SCW-0099,2025-04-09,2025-04-10,financial_report,Industrial Manufacturing,Latin America,Management noted demand volatility and the possibility of component shortages if order levels remain above forecast. Sector context: industrial manufacturing; region: latin america.,0.97,1,demand_shock,critical,1,train,1,template-generated synthetic scenario
SCW-0100-1,SCW-0100,2025-04-10,2025-04-15,news,Industrial Manufacturing,Global,Industry sources report a product recall that could constrain availability while replacement inventory is produced. Sector context: industrial manufacturing; region: global.,0.799,1,quality_recall,high,5,train,1,template-generated synthetic scenario
SCW-0100-2,SCW-0100,2025-04-10,2025-04-15,social_media,Industrial Manufacturing,Global,Channel discussions indicate certain batches are being held pending quality review and replacement guidance. Sector context: industrial manufacturing; region: global.,0.751,1,quality_recall,high,5,train,1,template-generated synthetic scenario
SCW-0100-3,SCW-0100,2025-04-10,2025-04-15,supplier_communication,Industrial Manufacturing,Global,Supplier quality notice: selected lots are on hold pending investigation; replacement timing will be communicated after root-cause review. Sector context: industrial manufacturing; region: global.,0.802,1,quality_recall,high,5,train,1,template-generated synthetic scenario
SCW-0100-4,SCW-0100,2025-04-10,2025-04-15,financial_report,Industrial Manufacturing,Global,Risk commentary notes potential supply constraints associated with quality remediation and replacement production. Sector context: industrial manufacturing; region: global.,0.727,1,quality_recall,high,5,train,1,template-generated synthetic scenario
SCW-0101-1,SCW-0101,2025-04-11,,news,Logistics,East Asia,Manufacturers reported routine operations and balanced inventory positions across major distribution channels. Sector context: logistics; region: east asia.,0.227,0,none,none,,train,1,template-generated synthetic scenario
SCW-0101-2,SCW-0101,2025-04-11,,social_media,Logistics,East Asia,Procurement discussions show typical lead times and stable availability for most monitored inputs. Sector context: logistics; region: east asia.,0.19,0,none,none,,train,1,template-generated synthetic scenario
SCW-0101-3,SCW-0101,2025-04-11,,supplier_communication,Logistics,East Asia,"Supplier update: production and shipment schedules remain on plan, with no material changes to committed delivery dates. Sector context: logistics; region: east asia.",0.467,0,none,none,,train,1,template-generated synthetic scenario
SCW-0101-4,SCW-0101,2025-04-11,,financial_report,Logistics,East Asia,Management reported stable operations and no material supply interruptions during the current reporting period. Sector context: logistics; region: east asia.,0.139,0,none,none,,train,1,template-generated synthetic scenario
SCW-0102-1,SCW-0102,2025-04-12,2025-04-17,news,Food & Beverage,South Asia,Port congestion and equipment shortages are increasing vessel dwell times and delaying container availability. Sector context: food & beverage; region: south asia.,0.669,1,logistics_transport,medium,5,train,1,template-generated synthetic scenario
SCW-0102-2,SCW-0102,2025-04-12,2025-04-17,social_media,Food & Beverage,South Asia,"Freight updates show growing queues, missed connections, and limited equipment availability at a major gateway. Sector context: food & beverage; region: south asia.",0.724,1,logistics_transport,medium,5,train,1,template-generated synthetic scenario
SCW-0102-3,SCW-0102,2025-04-12,2025-04-17,supplier_communication,Food & Beverage,South Asia,Logistics update: current carrier capacity constraints are expected to extend delivery lead times for upcoming shipments. Sector context: food & beverage; region: south asia.,0.758,1,logistics_transport,medium,5,train,1,template-generated synthetic scenario
SCW-0102-4,SCW-0102,2025-04-12,2025-04-17,financial_report,Food & Beverage,South Asia,Management noted elevated freight costs and transportation bottlenecks that may affect service levels and inventory availability. Sector context: food & beverage; region: south asia.,0.709,1,logistics_transport,medium,5,train,1,template-generated synthetic scenario
SCW-0103-1,SCW-0103,2025-04-13,2025-04-26,news,Automotive,North America,Industry sources report a product recall that could constrain availability while replacement inventory is produced. Sector context: automotive; region: north america.,0.731,1,quality_recall,medium,13,train,1,template-generated synthetic scenario
SCW-0103-2,SCW-0103,2025-04-13,2025-04-26,social_media,Automotive,North America,Customers and distributors are reporting elevated defect concerns and temporary product withdrawals. Sector context: automotive; region: north america.,0.521,1,quality_recall,medium,13,train,1,template-generated synthetic scenario
SCW-0103-3,SCW-0103,2025-04-13,2025-04-26,supplier_communication,Automotive,North America,Vendor advisory requests temporary quarantine of affected material and warns of possible replenishment delays. Sector context: automotive; region: north america.,0.708,1,quality_recall,medium,13,train,1,template-generated synthetic scenario
SCW-0103-4,SCW-0103,2025-04-13,2025-04-26,financial_report,Automotive,North America,Management disclosed a quality-related production hold that may affect near-term shipments and warranty costs. Sector context: automotive; region: north america.,0.672,1,quality_recall,medium,13,train,1,template-generated synthetic scenario
SCW-0104-1,SCW-0104,2025-04-14,,news,Industrial Manufacturing,Latin America,"Industry output remained broadly stable this week, with normal freight flows and no material production interruptions reported. Sector context: industrial manufacturing; region: latin america.",0.153,0,none,none,,train,1,template-generated synthetic scenario
SCW-0104-2,SCW-0104,2025-04-14,,social_media,Industrial Manufacturing,Latin America,Routine logistics updates indicate normal transit times and no unusual capacity constraints across key lanes. Sector context: industrial manufacturing; region: latin america.,0.194,0,none,none,,train,1,template-generated synthetic scenario
SCW-0104-3,SCW-0104,2025-04-14,,supplier_communication,Industrial Manufacturing,Latin America,"Supplier update: production and shipment schedules remain on plan, with no material changes to committed delivery dates. Sector context: industrial manufacturing; region: latin america.",0.303,0,none,none,,train,1,template-generated synthetic scenario
SCW-0104-4,SCW-0104,2025-04-14,,financial_report,Industrial Manufacturing,Latin America,Management reported stable operations and no material supply interruptions during the current reporting period. Sector context: industrial manufacturing; region: latin america.,0.399,0,none,none,,train,1,template-generated synthetic scenario
SCW-0105-1,SCW-0105,2025-04-15,,news,Retail,Global,"Industry output remained broadly stable this week, with normal freight flows and no material production interruptions reported. Sector context: retail; region: global.",0.185,0,none,none,,train,1,template-generated synthetic scenario
SCW-0105-2,SCW-0105,2025-04-15,,social_media,Retail,Global,Routine logistics updates indicate normal transit times and no unusual capacity constraints across key lanes. Sector context: retail; region: global.,0.315,0,none,none,,train,1,template-generated synthetic scenario
SCW-0105-3,SCW-0105,2025-04-15,,supplier_communication,Retail,Global,"Supplier update: production and shipment schedules remain on plan, with no material changes to committed delivery dates. Sector context: retail; region: global.",0.416,0,none,none,,train,1,template-generated synthetic scenario
SCW-0105-4,SCW-0105,2025-04-15,,financial_report,Retail,Global,Management reported stable operations and no material supply interruptions during the current reporting period. Sector context: retail; region: global.,0.134,0,none,none,,train,1,template-generated synthetic scenario
SCW-0106-1,SCW-0106,2025-04-16,,news,Medical Devices,Latin America,Manufacturers reported routine operations and balanced inventory positions across major distribution channels. Sector context: medical devices; region: latin america.,0.337,0,none,none,,train,1,template-generated synthetic scenario
SCW-0106-2,SCW-0106,2025-04-16,,social_media,Medical Devices,Latin America,Procurement discussions show typical lead times and stable availability for most monitored inputs. Sector context: medical devices; region: latin america.,0.121,0,none,none,,train,1,template-generated synthetic scenario
SCW-0106-3,SCW-0106,2025-04-16,,supplier_communication,Medical Devices,Latin America,Vendor communication confirms normal operating capacity and standard lead times for current purchase orders. Sector context: medical devices; region: latin america.,0.257,0,none,none,,train,1,template-generated synthetic scenario
SCW-0106-4,SCW-0106,2025-04-16,,financial_report,Medical Devices,Latin America,Risk commentary indicates standard operating conditions with no significant new supply constraints. Sector context: medical devices; region: latin america.,0.322,0,none,none,,train,1,template-generated synthetic scenario
SCW-0107-1,SCW-0107,2025-04-17,,news,Automotive,Middle East,Manufacturers reported routine operations and balanced inventory positions across major distribution channels. Sector context: automotive; region: middle east.,0.3,0,none,none,,train,1,template-generated synthetic scenario
SCW-0107-2,SCW-0107,2025-04-17,,social_media,Automotive,Middle East,Routine logistics updates indicate normal transit times and no unusual capacity constraints across key lanes. Sector context: automotive; region: middle east.,0.245,0,none,none,,train,1,template-generated synthetic scenario
SCW-0107-3,SCW-0107,2025-04-17,,supplier_communication,Automotive,Middle East,Vendor communication confirms normal operating capacity and standard lead times for current purchase orders. Sector context: automotive; region: middle east.,0.248,0,none,none,,train,1,template-generated synthetic scenario
SCW-0107-4,SCW-0107,2025-04-17,,financial_report,Automotive,Middle East,Management reported stable operations and no material supply interruptions during the current reporting period. Sector context: automotive; region: middle east.,0.108,0,none,none,,train,1,template-generated synthetic scenario
SCW-0108-1,SCW-0108,2025-04-18,2025-04-22,news,Food & Beverage,Europe,Industry reports indicate a major supplier has initiated restructuring while customers assess continuity risks. Sector context: food & beverage; region: europe.,0.703,1,supplier_failure,low,4,train,1,template-generated synthetic scenario
SCW-0108-2,SCW-0108,2025-04-18,2025-04-22,social_media,Food & Beverage,Europe,"Channel checks suggest recurring shipment delays from a component supplier, with buyers searching for alternate sources. Sector context: food & beverage; region: europe.",0.754,1,supplier_failure,low,4,train,1,template-generated synthetic scenario
SCW-0108-3,SCW-0108,2025-04-18,2025-04-22,supplier_communication,Food & Beverage,Europe,Vendor communication states that production throughput has declined and allocation controls may be introduced. Sector context: food & beverage; region: europe.,0.524,1,supplier_failure,low,4,train,1,template-generated synthetic scenario
SCW-0108-4,SCW-0108,2025-04-18,2025-04-22,financial_report,Food & Beverage,Europe,The supplier disclosed elevated working-capital pressure and uncertainty regarding near-term production continuity. Sector context: food & beverage; region: europe.,0.77,1,supplier_failure,low,4,train,1,template-generated synthetic scenario
SCW-0109-1,SCW-0109,2025-04-19,,news,Food & Beverage,South Asia,Manufacturers reported routine operations and balanced inventory positions across major distribution channels. Sector context: food & beverage; region: south asia.,0.218,0,none,none,,train,1,template-generated synthetic scenario
SCW-0109-2,SCW-0109,2025-04-19,,social_media,Food & Beverage,South Asia,Routine logistics updates indicate normal transit times and no unusual capacity constraints across key lanes. Sector context: food & beverage; region: south asia.,0.209,0,none,none,,train,1,template-generated synthetic scenario
SCW-0109-3,SCW-0109,2025-04-19,,supplier_communication,Food & Beverage,South Asia,"Supplier update: production and shipment schedules remain on plan, with no material changes to committed delivery dates. Sector context: food & beverage; region: south asia.",0.318,0,none,none,,train,1,template-generated synthetic scenario
SCW-0109-4,SCW-0109,2025-04-19,,financial_report,Food & Beverage,South Asia,Management reported stable operations and no material supply interruptions during the current reporting period. Sector context: food & beverage; region: south asia.,0.15,0,none,none,,train,1,template-generated synthetic scenario
SCW-0110-1,SCW-0110,2025-04-20,,news,Apparel,Global,Manufacturers reported routine operations and balanced inventory positions across major distribution channels. Sector context: apparel; region: global.,0.44,0,none,none,,train,1,template-generated synthetic scenario
SCW-0110-2,SCW-0110,2025-04-20,,social_media,Apparel,Global,Procurement discussions show typical lead times and stable availability for most monitored inputs. Sector context: apparel; region: global.,0.105,0,none,none,,train,1,template-generated synthetic scenario
SCW-0110-3,SCW-0110,2025-04-20,,supplier_communication,Apparel,Global,"Supplier update: production and shipment schedules remain on plan, with no material changes to committed delivery dates. Sector context: apparel; region: global.",0.31,0,none,none,,train,1,template-generated synthetic scenario
SCW-0110-4,SCW-0110,2025-04-20,,financial_report,Apparel,Global,Management reported stable operations and no material supply interruptions during the current reporting period. Sector context: apparel; region: global.,0.193,0,none,none,,train,1,template-generated synthetic scenario
SCW-0111-1,SCW-0111,2025-04-21,,news,Semiconductors,East Asia,Manufacturers reported routine operations and balanced inventory positions across major distribution channels. Sector context: semiconductors; region: east asia.,0.02,0,none,none,,train,1,template-generated synthetic scenario
SCW-0111-2,SCW-0111,2025-04-21,,social_media,Semiconductors,East Asia,Procurement discussions show typical lead times and stable availability for most monitored inputs. Sector context: semiconductors; region: east asia.,0.35,0,none,none,,train,1,template-generated synthetic scenario
SCW-0111-3,SCW-0111,2025-04-21,,supplier_communication,Semiconductors,East Asia,Vendor communication confirms normal operating capacity and standard lead times for current purchase orders. Sector context: semiconductors; region: east asia.,0.219,0,none,none,,train,1,template-generated synthetic scenario
SCW-0111-4,SCW-0111,2025-04-21,,financial_report,Semiconductors,East Asia,Management reported stable operations and no material supply interruptions during the current reporting period. Sector context: semiconductors; region: east asia.,0.182,0,none,none,,train,1,template-generated synthetic scenario
SCW-0112-1,SCW-0112,2025-04-22,,news,Retail,East Asia,Manufacturers reported routine operations and balanced inventory positions across major distribution channels. Sector context: retail; region: east asia.,0.235,0,none,none,,train,1,template-generated synthetic scenario
SCW-0112-2,SCW-0112,2025-04-22,,social_media,Retail,East Asia,Routine logistics updates indicate normal transit times and no unusual capacity constraints across key lanes. Sector context: retail; region: east asia.,0.073,0,none,none,,train,1,template-generated synthetic scenario
SCW-0112-3,SCW-0112,2025-04-22,,supplier_communication,Retail,East Asia,"Supplier update: production and shipment schedules remain on plan, with no material changes to committed delivery dates. Sector context: retail; region: east asia.",0.216,0,none,none,,train,1,template-generated synthetic scenario
SCW-0112-4,SCW-0112,2025-04-22,,financial_report,Retail,East Asia,Management reported stable operations and no material supply interruptions during the current reporting period. Sector context: retail; region: east asia.,0.305,0,none,none,,train,1,template-generated synthetic scenario
SCW-0113-1,SCW-0113,2025-04-23,,news,Apparel,Middle East,"Industry output remained broadly stable this week, with normal freight flows and no material production interruptions reported. Sector context: apparel; region: middle east.",0.037,0,none,none,,train,1,template-generated synthetic scenario
SCW-0113-2,SCW-0113,2025-04-23,,social_media,Apparel,Middle East,Procurement discussions show typical lead times and stable availability for most monitored inputs. Sector context: apparel; region: middle east.,0.243,0,none,none,,train,1,template-generated synthetic scenario
SCW-0113-3,SCW-0113,2025-04-23,,supplier_communication,Apparel,Middle East,Vendor communication confirms normal operating capacity and standard lead times for current purchase orders. Sector context: apparel; region: middle east.,0.239,0,none,none,,train,1,template-generated synthetic scenario
SCW-0113-4,SCW-0113,2025-04-23,,financial_report,Apparel,Middle East,Management reported stable operations and no material supply interruptions during the current reporting period. Sector context: apparel; region: middle east.,0.461,0,none,none,,train,1,template-generated synthetic scenario
SCW-0114-1,SCW-0114,2025-04-24,,news,Retail,Latin America,Manufacturers reported routine operations and balanced inventory positions across major distribution channels. Sector context: retail; region: latin america.,0.132,0,none,none,,train,1,template-generated synthetic scenario
SCW-0114-2,SCW-0114,2025-04-24,,social_media,Retail,Latin America,Procurement discussions show typical lead times and stable availability for most monitored inputs. Sector context: retail; region: latin america.,0.188,0,none,none,,train,1,template-generated synthetic scenario
SCW-0114-3,SCW-0114,2025-04-24,,supplier_communication,Retail,Latin America,"Supplier update: production and shipment schedules remain on plan, with no material changes to committed delivery dates. Sector context: retail; region: latin america.",0.354,0,none,none,,train,1,template-generated synthetic scenario
SCW-0114-4,SCW-0114,2025-04-24,,financial_report,Retail,Latin America,Risk commentary indicates standard operating conditions with no significant new supply constraints. Sector context: retail; region: latin america.,0.283,0,none,none,,train,1,template-generated synthetic scenario
SCW-0115-1,SCW-0115,2025-04-25,,news,Apparel,East Asia,Manufacturers reported routine operations and balanced inventory positions across major distribution channels. Sector context: apparel; region: east asia.,0.401,0,none,none,,train,1,template-generated synthetic scenario
SCW-0115-2,SCW-0115,2025-04-25,,social_media,Apparel,East Asia,Procurement discussions show typical lead times and stable availability for most monitored inputs. Sector context: apparel; region: east asia.,0.049,0,none,none,,train,1,template-generated synthetic scenario
SCW-0115-3,SCW-0115,2025-04-25,,supplier_communication,Apparel,East Asia,Vendor communication confirms normal operating capacity and standard lead times for current purchase orders. Sector context: apparel; region: east asia.,0.02,0,none,none,,train,1,template-generated synthetic scenario
SCW-0115-4,SCW-0115,2025-04-25,,financial_report,Apparel,East Asia,Risk commentary indicates standard operating conditions with no significant new supply constraints. Sector context: apparel; region: east asia.,0.223,0,none,none,,train,1,template-generated synthetic scenario
SCW-0116-1,SCW-0116,2025-04-26,2025-05-03,news,Semiconductors,East Asia,"Emergency agencies reported flooding impacts near industrial zones, creating potential delays for inbound materials and outbound freight. Sector context: semiconductors; region: east asia.",0.752,1,natural_disaster,medium,7,train,1,template-generated synthetic scenario
SCW-0116-2,SCW-0116,2025-04-26,2025-05-03,social_media,Semiconductors,East Asia,Local posts report road closures and power interruptions after flooding; trucks are being rerouted around the affected area. Sector context: semiconductors; region: east asia.,0.748,1,natural_disaster,medium,7,train,1,template-generated synthetic scenario
SCW-0116-3,SCW-0116,2025-04-26,2025-05-03,supplier_communication,Semiconductors,East Asia,"Vendor update indicates temporary production disruption related to wildfire conditions, with revised delivery commitments expected shortly. Sector context: semiconductors; region: east asia.",0.5,1,natural_disaster,medium,7,train,1,template-generated synthetic scenario
SCW-0116-4,SCW-0116,2025-04-26,2025-05-03,financial_report,Semiconductors,East Asia,"Management noted potential operational exposure to flooding, including logistics delays and temporary capacity constraints. Sector context: semiconductors; region: east asia.",0.742,1,natural_disaster,medium,7,train,1,template-generated synthetic scenario
SCW-0117-1,SCW-0117,2025-04-27,,news,Retail,Middle East,Manufacturers reported routine operations and balanced inventory positions across major distribution channels. Sector context: retail; region: middle east.,0.28,0,none,none,,train,1,template-generated synthetic scenario
SCW-0117-2,SCW-0117,2025-04-27,,social_media,Retail,Middle East,Procurement discussions show typical lead times and stable availability for most monitored inputs. Sector context: retail; region: middle east.,0.095,0,none,none,,train,1,template-generated synthetic scenario
SCW-0117-3,SCW-0117,2025-04-27,,supplier_communication,Retail,Middle East,Vendor communication confirms normal operating capacity and standard lead times for current purchase orders. Sector context: retail; region: middle east.,0.276,0,none,none,,train,1,template-generated synthetic scenario
SCW-0117-4,SCW-0117,2025-04-27,,financial_report,Retail,Middle East,Risk commentary indicates standard operating conditions with no significant new supply constraints. Sector context: retail; region: middle east.,0.296,0,none,none,,train,1,template-generated synthetic scenario
SCW-0118-1,SCW-0118,2025-04-28,,news,Industrial Manufacturing,North America,Manufacturers reported routine operations and balanced inventory positions across major distribution channels. Sector context: industrial manufacturing; region: north america.,0.246,0,none,none,,train,1,template-generated synthetic scenario
SCW-0118-2,SCW-0118,2025-04-28,,social_media,Industrial Manufacturing,North America,Routine logistics updates indicate normal transit times and no unusual capacity constraints across key lanes. Sector context: industrial manufacturing; region: north america.,0.078,0,none,none,,train,1,template-generated synthetic scenario
SCW-0118-3,SCW-0118,2025-04-28,,supplier_communication,Industrial Manufacturing,North America,"Supplier update: production and shipment schedules remain on plan, with no material changes to committed delivery dates. Sector context: industrial manufacturing; region: north america.",0.339,0,none,none,,train,1,template-generated synthetic scenario
SCW-0118-4,SCW-0118,2025-04-28,,financial_report,Industrial Manufacturing,North America,Risk commentary indicates standard operating conditions with no significant new supply constraints. Sector context: industrial manufacturing; region: north america.,0.105,0,none,none,,train,1,template-generated synthetic scenario
SCW-0119-1,SCW-0119,2025-04-29,2025-05-10,news,Energy,North America,"A manufacturing network is experiencing system outages following a cybersecurity event, affecting production scheduling. Sector context: energy; region: north america.",0.844,1,cyber_incident,high,11,train,1,template-generated synthetic scenario
SCW-0119-2,SCW-0119,2025-04-29,2025-05-10,social_media,Energy,North America,Users report widespread shipment-tracking outages and manual processing after a suspected cyber incident. Sector context: energy; region: north america.,0.706,1,cyber_incident,high,11,train,1,template-generated synthetic scenario
SCW-0119-3,SCW-0119,2025-04-29,2025-05-10,supplier_communication,Energy,North America,"Vendor advisory states that manual processes are in place while systems are restored, potentially affecting shipment confirmation. Sector context: energy; region: north america.",0.812,1,cyber_incident,high,11,train,1,template-generated synthetic scenario
SCW-0119-4,SCW-0119,2025-04-29,2025-05-10,financial_report,Energy,North America,"The company disclosed a cybersecurity event that may temporarily affect operations, order processing, and logistics visibility. Sector context: energy; region: north america.",0.758,1,cyber_incident,high,11,train,1,template-generated synthetic scenario
SCW-0120-1,SCW-0120,2025-04-30,,news,Automotive,Europe,Manufacturers reported routine operations and balanced inventory positions across major distribution channels. Sector context: automotive; region: europe.,0.115,0,none,none,,train,1,template-generated synthetic scenario
SCW-0120-2,SCW-0120,2025-04-30,,social_media,Automotive,Europe,Procurement discussions show typical lead times and stable availability for most monitored inputs. Sector context: automotive; region: europe.,0.241,0,none,none,,train,1,template-generated synthetic scenario
SCW-0120-3,SCW-0120,2025-04-30,,supplier_communication,Automotive,Europe,"Supplier update: production and shipment schedules remain on plan, with no material changes to committed delivery dates. Sector context: automotive; region: europe.",0.271,0,none,none,,train,1,template-generated synthetic scenario
SCW-0120-4,SCW-0120,2025-04-30,,financial_report,Automotive,Europe,Management reported stable operations and no material supply interruptions during the current reporting period. Sector context: automotive; region: europe.,0.28,0,none,none,,train,1,template-generated synthetic scenario
SCW-0121-1,SCW-0121,2025-05-01,,news,Pharmaceuticals,East Asia,"Industry output remained broadly stable this week, with normal freight flows and no material production interruptions reported. Sector context: pharmaceuticals; region: east asia.",0.089,0,none,none,,train,1,template-generated synthetic scenario
SCW-0121-2,SCW-0121,2025-05-01,,social_media,Pharmaceuticals,East Asia,Procurement discussions show typical lead times and stable availability for most monitored inputs. Sector context: pharmaceuticals; region: east asia.,0.215,0,none,none,,train,1,template-generated synthetic scenario
SCW-0121-3,SCW-0121,2025-05-01,,supplier_communication,Pharmaceuticals,East Asia,"Supplier update: production and shipment schedules remain on plan, with no material changes to committed delivery dates. Sector context: pharmaceuticals; region: east asia.",0.32,0,none,none,,train,1,template-generated synthetic scenario
SCW-0121-4,SCW-0121,2025-05-01,,financial_report,Pharmaceuticals,East Asia,Management reported stable operations and no material supply interruptions during the current reporting period. Sector context: pharmaceuticals; region: east asia.,0.112,0,none,none,,train,1,template-generated synthetic scenario
SCW-0122-1,SCW-0122,2025-05-02,2025-05-05,news,Energy,Middle East,"Escalating regional tensions are affecting shipping routes and insurance costs, with carriers considering alternate corridors. Sector context: energy; region: middle east.",0.724,1,geopolitical,critical,3,train,1,template-generated synthetic scenario
SCW-0122-2,SCW-0122,2025-05-02,2025-05-05,social_media,Energy,Middle East,Freight forums report route diversions and rising spot rates as carriers avoid a high-risk corridor. Sector context: energy; region: middle east.,0.838,1,geopolitical,critical,3,train,1,template-generated synthetic scenario
SCW-0122-3,SCW-0122,2025-05-02,2025-05-05,supplier_communication,Energy,Middle East,Vendor notice indicates contingency routing is being evaluated due to regional security and trade restrictions. Sector context: energy; region: middle east.,0.779,1,geopolitical,critical,3,train,1,template-generated synthetic scenario
SCW-0122-4,SCW-0122,2025-05-02,2025-05-05,financial_report,Energy,Middle East,"Management identified geopolitical instability as a material risk to sourcing continuity, freight costs, and supplier availability. Sector context: energy; region: middle east.",0.92,1,geopolitical,critical,3,train,1,template-generated synthetic scenario
SCW-0123-1,SCW-0123,2025-05-03,2025-05-17,news,Apparel,South Asia,Unexpected demand acceleration is creating shortages across several product categories and stretching upstream capacity. Sector context: apparel; region: south asia.,0.865,1,demand_shock,high,14,train,1,template-generated synthetic scenario
SCW-0123-2,SCW-0123,2025-05-03,2025-05-17,social_media,Apparel,South Asia,Retailers report rapid sell-through and widespread backorders as demand exceeds planned inventory. Sector context: apparel; region: south asia.,0.809,1,demand_shock,high,14,train,1,template-generated synthetic scenario
SCW-0123-3,SCW-0123,2025-05-03,2025-05-17,supplier_communication,Apparel,South Asia,Supplier update: order intake has materially exceeded forecast and allocation may be required for selected components. Sector context: apparel; region: south asia.,0.915,1,demand_shock,high,14,train,1,template-generated synthetic scenario
SCW-0123-4,SCW-0123,2025-05-03,2025-05-17,financial_report,Apparel,South Asia,Financial commentary cites capacity pressure from unexpectedly strong demand and constrained upstream supply. Sector context: apparel; region: south asia.,0.907,1,demand_shock,high,14,train,1,template-generated synthetic scenario
SCW-0124-1,SCW-0124,2025-05-04,,news,Consumer Electronics,Middle East,"Industry output remained broadly stable this week, with normal freight flows and no material production interruptions reported. Sector context: consumer electronics; region: middle east.",0.216,0,none,none,,train,1,template-generated synthetic scenario
SCW-0124-2,SCW-0124,2025-05-04,,social_media,Consumer Electronics,Middle East,Routine logistics updates indicate normal transit times and no unusual capacity constraints across key lanes. Sector context: consumer electronics; region: middle east.,0.167,0,none,none,,train,1,template-generated synthetic scenario
SCW-0124-3,SCW-0124,2025-05-04,,supplier_communication,Consumer Electronics,Middle East,Vendor communication confirms normal operating capacity and standard lead times for current purchase orders. Sector context: consumer electronics; region: middle east.,0.139,0,none,none,,train,1,template-generated synthetic scenario
SCW-0124-4,SCW-0124,2025-05-04,,financial_report,Consumer Electronics,Middle East,Risk commentary indicates standard operating conditions with no significant new supply constraints. Sector context: consumer electronics; region: middle east.,0.359,0,none,none,,train,1,template-generated synthetic scenario
SCW-0125-1,SCW-0125,2025-05-05,,news,Energy,Latin America,"Industry output remained broadly stable this week, with normal freight flows and no material production interruptions reported. Sector context: energy; region: latin america.",0.164,0,none,none,,train,1,template-generated synthetic scenario
SCW-0125-2,SCW-0125,2025-05-05,,social_media,Energy,Latin America,Procurement discussions show typical lead times and stable availability for most monitored inputs. Sector context: energy; region: latin america.,0.164,0,none,none,,train,1,template-generated synthetic scenario
SCW-0125-3,SCW-0125,2025-05-05,,supplier_communication,Energy,Latin America,"Supplier update: production and shipment schedules remain on plan, with no material changes to committed delivery dates. Sector context: energy; region: latin america.",0.17,0,none,none,,train,1,template-generated synthetic scenario
SCW-0125-4,SCW-0125,2025-05-05,,financial_report,Energy,Latin America,Risk commentary indicates standard operating conditions with no significant new supply constraints. Sector context: energy; region: latin america.,0.258,0,none,none,,train,1,template-generated synthetic scenario
SCW-0126-1,SCW-0126,2025-05-06,,news,Food & Beverage,North America,"Industry output remained broadly stable this week, with normal freight flows and no material production interruptions reported. Sector context: food & beverage; region: north america.",0.043,0,none,none,,train,1,template-generated synthetic scenario
SCW-0126-2,SCW-0126,2025-05-06,,social_media,Food & Beverage,North America,Routine logistics updates indicate normal transit times and no unusual capacity constraints across key lanes. Sector context: food & beverage; region: north america.,0.248,0,none,none,,train,1,template-generated synthetic scenario
SCW-0126-3,SCW-0126,2025-05-06,,supplier_communication,Food & Beverage,North America,Vendor communication confirms normal operating capacity and standard lead times for current purchase orders. Sector context: food & beverage; region: north america.,0.277,0,none,none,,train,1,template-generated synthetic scenario
SCW-0126-4,SCW-0126,2025-05-06,,financial_report,Food & Beverage,North America,Management reported stable operations and no material supply interruptions during the current reporting period. Sector context: food & beverage; region: north america.,0.267,0,none,none,,train,1,template-generated synthetic scenario
SCW-0127-1,SCW-0127,2025-05-07,,news,Pharmaceuticals,Middle East,"Industry output remained broadly stable this week, with normal freight flows and no material production interruptions reported. Sector context: pharmaceuticals; region: middle east.",0.14,0,none,none,,train,1,template-generated synthetic scenario
SCW-0127-2,SCW-0127,2025-05-07,,social_media,Pharmaceuticals,Middle East,Routine logistics updates indicate normal transit times and no unusual capacity constraints across key lanes. Sector context: pharmaceuticals; region: middle east.,0.126,0,none,none,,train,1,template-generated synthetic scenario
SCW-0127-3,SCW-0127,2025-05-07,,supplier_communication,Pharmaceuticals,Middle East,"Supplier update: production and shipment schedules remain on plan, with no material changes to committed delivery dates. Sector context: pharmaceuticals; region: middle east.",0.291,0,none,none,,train,1,template-generated synthetic scenario
SCW-0127-4,SCW-0127,2025-05-07,,financial_report,Pharmaceuticals,Middle East,Management reported stable operations and no material supply interruptions during the current reporting period. Sector context: pharmaceuticals; region: middle east.,0.182,0,none,none,,train,1,template-generated synthetic scenario
SCW-0128-1,SCW-0128,2025-05-08,,news,Food & Beverage,East Asia,"Industry output remained broadly stable this week, with normal freight flows and no material production interruptions reported. Sector context: food & beverage; region: east asia.",0.136,0,none,none,,train,1,template-generated synthetic scenario
SCW-0128-2,SCW-0128,2025-05-08,,social_media,Food & Beverage,East Asia,Procurement discussions show typical lead times and stable availability for most monitored inputs. Sector context: food & beverage; region: east asia.,0.15,0,none,none,,train,1,template-generated synthetic scenario
SCW-0128-3,SCW-0128,2025-05-08,,supplier_communication,Food & Beverage,East Asia,"Supplier update: production and shipment schedules remain on plan, with no material changes to committed delivery dates. Sector context: food & beverage; region: east asia.",0.249,0,none,none,,train,1,template-generated synthetic scenario
SCW-0128-4,SCW-0128,2025-05-08,,financial_report,Food & Beverage,East Asia,Risk commentary indicates standard operating conditions with no significant new supply constraints. Sector context: food & beverage; region: east asia.,0.35,0,none,none,,train,1,template-generated synthetic scenario
SCW-0129-1,SCW-0129,2025-05-09,,news,Pharmaceuticals,Europe,"Industry output remained broadly stable this week, with normal freight flows and no material production interruptions reported. Sector context: pharmaceuticals; region: europe.",0.322,0,none,none,,train,1,template-generated synthetic scenario
SCW-0129-2,SCW-0129,2025-05-09,,social_media,Pharmaceuticals,Europe,Routine logistics updates indicate normal transit times and no unusual capacity constraints across key lanes. Sector context: pharmaceuticals; region: europe.,0.22,0,none,none,,train,1,template-generated synthetic scenario
SCW-0129-3,SCW-0129,2025-05-09,,supplier_communication,Pharmaceuticals,Europe,"Supplier update: production and shipment schedules remain on plan, with no material changes to committed delivery dates. Sector context: pharmaceuticals; region: europe.",0.291,0,none,none,,train,1,template-generated synthetic scenario
SCW-0129-4,SCW-0129,2025-05-09,,financial_report,Pharmaceuticals,Europe,Management reported stable operations and no material supply interruptions during the current reporting period. Sector context: pharmaceuticals; region: europe.,0.286,0,none,none,,train,1,template-generated synthetic scenario
SCW-0130-1,SCW-0130,2025-05-10,,news,Consumer Electronics,Europe,Manufacturers reported routine operations and balanced inventory positions across major distribution channels. Sector context: consumer electronics; region: europe.,0.118,0,none,none,,train,1,template-generated synthetic scenario
SCW-0130-2,SCW-0130,2025-05-10,,social_media,Consumer Electronics,Europe,Procurement discussions show typical lead times and stable availability for most monitored inputs. Sector context: consumer electronics; region: europe.,0.164,0,none,none,,train,1,template-generated synthetic scenario
SCW-0130-3,SCW-0130,2025-05-10,,supplier_communication,Consumer Electronics,Europe,"Supplier update: production and shipment schedules remain on plan, with no material changes to committed delivery dates. Sector context: consumer electronics; region: europe.",0.125,0,none,none,,train,1,template-generated synthetic scenario
SCW-0130-4,SCW-0130,2025-05-10,,financial_report,Consumer Electronics,Europe,Risk commentary indicates standard operating conditions with no significant new supply constraints. Sector context: consumer electronics; region: europe.,0.252,0,none,none,,train,1,template-generated synthetic scenario
SCW-0131-1,SCW-0131,2025-05-11,,news,Semiconductors,Latin America,Manufacturers reported routine operations and balanced inventory positions across major distribution channels. Sector context: semiconductors; region: latin america.,0.208,0,none,none,,train,1,template-generated synthetic scenario
SCW-0131-2,SCW-0131,2025-05-11,,social_media,Semiconductors,Latin America,Procurement discussions show typical lead times and stable availability for most monitored inputs. Sector context: semiconductors; region: latin america.,0.194,0,none,none,,train,1,template-generated synthetic scenario
SCW-0131-3,SCW-0131,2025-05-11,,supplier_communication,Semiconductors,Latin America,"Supplier update: production and shipment schedules remain on plan, with no material changes to committed delivery dates. Sector context: semiconductors; region: latin america.",0.259,0,none,none,,train,1,template-generated synthetic scenario
SCW-0131-4,SCW-0131,2025-05-11,,financial_report,Semiconductors,Latin America,Management reported stable operations and no material supply interruptions during the current reporting period. Sector context: semiconductors; region: latin america.,0.02,0,none,none,,train,1,template-generated synthetic scenario
SCW-0132-1,SCW-0132,2025-05-12,,news,Food & Beverage,Europe,Manufacturers reported routine operations and balanced inventory positions across major distribution channels. Sector context: food & beverage; region: europe.,0.444,0,none,none,,train,1,template-generated synthetic scenario
SCW-0132-2,SCW-0132,2025-05-12,,social_media,Food & Beverage,Europe,Routine logistics updates indicate normal transit times and no unusual capacity constraints across key lanes. Sector context: food & beverage; region: europe.,0.377,0,none,none,,train,1,template-generated synthetic scenario
SCW-0132-3,SCW-0132,2025-05-12,,supplier_communication,Food & Beverage,Europe,Vendor communication confirms normal operating capacity and standard lead times for current purchase orders. Sector context: food & beverage; region: europe.,0.136,0,none,none,,train,1,template-generated synthetic scenario
SCW-0132-4,SCW-0132,2025-05-12,,financial_report,Food & Beverage,Europe,Risk commentary indicates standard operating conditions with no significant new supply constraints. Sector context: food & beverage; region: europe.,0.051,0,none,none,,train,1,template-generated synthetic scenario
SCW-0133-1,SCW-0133,2025-05-13,,news,Industrial Manufacturing,Global,Manufacturers reported routine operations and balanced inventory positions across major distribution channels. Sector context: industrial manufacturing; region: global.,0.221,0,none,none,,train,1,template-generated synthetic scenario
SCW-0133-2,SCW-0133,2025-05-13,,social_media,Industrial Manufacturing,Global,Procurement discussions show typical lead times and stable availability for most monitored inputs. Sector context: industrial manufacturing; region: global.,0.206,0,none,none,,train,1,template-generated synthetic scenario
SCW-0133-3,SCW-0133,2025-05-13,,supplier_communication,Industrial Manufacturing,Global,Vendor communication confirms normal operating capacity and standard lead times for current purchase orders. Sector context: industrial manufacturing; region: global.,0.088,0,none,none,,train,1,template-generated synthetic scenario
SCW-0133-4,SCW-0133,2025-05-13,,financial_report,Industrial Manufacturing,Global,Risk commentary indicates standard operating conditions with no significant new supply constraints. Sector context: industrial manufacturing; region: global.,0.288,0,none,none,,train,1,template-generated synthetic scenario
SCW-0134-1,SCW-0134,2025-05-14,,news,Industrial Manufacturing,Middle East,"Industry output remained broadly stable this week, with normal freight flows and no material production interruptions reported. Sector context: industrial manufacturing; region: middle east.",0.173,0,none,none,,train,1,template-generated synthetic scenario
SCW-0134-2,SCW-0134,2025-05-14,,social_media,Industrial Manufacturing,Middle East,Routine logistics updates indicate normal transit times and no unusual capacity constraints across key lanes. Sector context: industrial manufacturing; region: middle east.,0.479,0,none,none,,train,1,template-generated synthetic scenario
SCW-0134-3,SCW-0134,2025-05-14,,supplier_communication,Industrial Manufacturing,Middle East,Vendor communication confirms normal operating capacity and standard lead times for current purchase orders. Sector context: industrial manufacturing; region: middle east.,0.197,0,none,none,,train,1,template-generated synthetic scenario
SCW-0134-4,SCW-0134,2025-05-14,,financial_report,Industrial Manufacturing,Middle East,Risk commentary indicates standard operating conditions with no significant new supply constraints. Sector context: industrial manufacturing; region: middle east.,0.279,0,none,none,,train,1,template-generated synthetic scenario
SCW-0135-1,SCW-0135,2025-05-15,,news,Food & Beverage,Middle East,"Industry output remained broadly stable this week, with normal freight flows and no material production interruptions reported. Sector context: food & beverage; region: middle east.",0.221,0,none,none,,train,1,template-generated synthetic scenario
SCW-0135-2,SCW-0135,2025-05-15,,social_media,Food & Beverage,Middle East,Procurement discussions show typical lead times and stable availability for most monitored inputs. Sector context: food & beverage; region: middle east.,0.041,0,none,none,,train,1,template-generated synthetic scenario
SCW-0135-3,SCW-0135,2025-05-15,,supplier_communication,Food & Beverage,Middle East,Vendor communication confirms normal operating capacity and standard lead times for current purchase orders. Sector context: food & beverage; region: middle east.,0.262,0,none,none,,train,1,template-generated synthetic scenario
SCW-0135-4,SCW-0135,2025-05-15,,financial_report,Food & Beverage,Middle East,Risk commentary indicates standard operating conditions with no significant new supply constraints. Sector context: food & beverage; region: middle east.,0.247,0,none,none,,train,1,template-generated synthetic scenario
SCW-0136-1,SCW-0136,2025-05-16,,news,Medical Devices,South Asia,"Industry output remained broadly stable this week, with normal freight flows and no material production interruptions reported. Sector context: medical devices; region: south asia.",0.198,0,none,none,,train,1,template-generated synthetic scenario
SCW-0136-2,SCW-0136,2025-05-16,,social_media,Medical Devices,South Asia,Procurement discussions show typical lead times and stable availability for most monitored inputs. Sector context: medical devices; region: south asia.,0.125,0,none,none,,train,1,template-generated synthetic scenario
SCW-0136-3,SCW-0136,2025-05-16,,supplier_communication,Medical Devices,South Asia,Vendor communication confirms normal operating capacity and standard lead times for current purchase orders. Sector context: medical devices; region: south asia.,0.26,0,none,none,,train,1,template-generated synthetic scenario
SCW-0136-4,SCW-0136,2025-05-16,,financial_report,Medical Devices,South Asia,Risk commentary indicates standard operating conditions with no significant new supply constraints. Sector context: medical devices; region: south asia.,0.18,0,none,none,,train,1,template-generated synthetic scenario
SCW-0137-1,SCW-0137,2025-05-17,,news,Semiconductors,Middle East,Manufacturers reported routine operations and balanced inventory positions across major distribution channels. Sector context: semiconductors; region: middle east.,0.2,0,none,none,,train,1,template-generated synthetic scenario
SCW-0137-2,SCW-0137,2025-05-17,,social_media,Semiconductors,Middle East,Routine logistics updates indicate normal transit times and no unusual capacity constraints across key lanes. Sector context: semiconductors; region: middle east.,0.069,0,none,none,,train,1,template-generated synthetic scenario
SCW-0137-3,SCW-0137,2025-05-17,,supplier_communication,Semiconductors,Middle East,"Supplier update: production and shipment schedules remain on plan, with no material changes to committed delivery dates. Sector context: semiconductors; region: middle east.",0.109,0,none,none,,train,1,template-generated synthetic scenario
SCW-0137-4,SCW-0137,2025-05-17,,financial_report,Semiconductors,Middle East,Management reported stable operations and no material supply interruptions during the current reporting period. Sector context: semiconductors; region: middle east.,0.23,0,none,none,,train,1,template-generated synthetic scenario
SCW-0138-1,SCW-0138,2025-05-18,,news,Retail,Middle East,Manufacturers reported routine operations and balanced inventory positions across major distribution channels. Sector context: retail; region: middle east.,0.301,0,none,none,,train,1,template-generated synthetic scenario
SCW-0138-2,SCW-0138,2025-05-18,,social_media,Retail,Middle East,Routine logistics updates indicate normal transit times and no unusual capacity constraints across key lanes. Sector context: retail; region: middle east.,0.295,0,none,none,,train,1,template-generated synthetic scenario
SCW-0138-3,SCW-0138,2025-05-18,,supplier_communication,Retail,Middle East,Vendor communication confirms normal operating capacity and standard lead times for current purchase orders. Sector context: retail; region: middle east.,0.221,0,none,none,,train,1,template-generated synthetic scenario
SCW-0138-4,SCW-0138,2025-05-18,,financial_report,Retail,Middle East,Risk commentary indicates standard operating conditions with no significant new supply constraints. Sector context: retail; region: middle east.,0.122,0,none,none,,train,1,template-generated synthetic scenario
SCW-0139-1,SCW-0139,2025-05-19,2025-05-27,news,Medical Devices,Global,New trade restrictions linked to geopolitical tensions may limit access to selected materials and components. Sector context: medical devices; region: global.,0.849,1,geopolitical,high,8,train,1,template-generated synthetic scenario
SCW-0139-2,SCW-0139,2025-05-19,2025-05-27,social_media,Medical Devices,Global,Procurement professionals are discussing urgent alternate sourcing after new cross-border restrictions were announced. Sector context: medical devices; region: global.,0.78,1,geopolitical,high,8,train,1,template-generated synthetic scenario
SCW-0139-3,SCW-0139,2025-05-19,2025-05-27,supplier_communication,Medical Devices,Global,"Supplier update: geopolitical conditions may affect transit routes, lead times, and availability of selected inputs. Sector context: medical devices; region: global.",0.723,1,geopolitical,high,8,train,1,template-generated synthetic scenario
SCW-0139-4,SCW-0139,2025-05-19,2025-05-27,financial_report,Medical Devices,Global,"Management identified geopolitical instability as a material risk to sourcing continuity, freight costs, and supplier availability. Sector context: medical devices; region: global.",0.915,1,geopolitical,high,8,train,1,template-generated synthetic scenario
SCW-0140-1,SCW-0140,2025-05-20,,news,Consumer Electronics,North America,Manufacturers reported routine operations and balanced inventory positions across major distribution channels. Sector context: consumer electronics; region: north america.,0.325,0,none,none,,train,1,template-generated synthetic scenario
SCW-0140-2,SCW-0140,2025-05-20,,social_media,Consumer Electronics,North America,Routine logistics updates indicate normal transit times and no unusual capacity constraints across key lanes. Sector context: consumer electronics; region: north america.,0.193,0,none,none,,train,1,template-generated synthetic scenario
SCW-0140-3,SCW-0140,2025-05-20,,supplier_communication,Consumer Electronics,North America,Vendor communication confirms normal operating capacity and standard lead times for current purchase orders. Sector context: consumer electronics; region: north america.,0.349,0,none,none,,train,1,template-generated synthetic scenario
SCW-0140-4,SCW-0140,2025-05-20,,financial_report,Consumer Electronics,North America,Risk commentary indicates standard operating conditions with no significant new supply constraints. Sector context: consumer electronics; region: north america.,0.194,0,none,none,,train,1,template-generated synthetic scenario
SCW-0141-1,SCW-0141,2025-05-21,,news,Automotive,North America,"Industry output remained broadly stable this week, with normal freight flows and no material production interruptions reported. Sector context: automotive; region: north america.",0.116,0,none,none,,train,1,template-generated synthetic scenario
SCW-0141-2,SCW-0141,2025-05-21,,social_media,Automotive,North America,Procurement discussions show typical lead times and stable availability for most monitored inputs. Sector context: automotive; region: north america.,0.104,0,none,none,,train,1,template-generated synthetic scenario
SCW-0141-3,SCW-0141,2025-05-21,,supplier_communication,Automotive,North America,"Supplier update: production and shipment schedules remain on plan, with no material changes to committed delivery dates. Sector context: automotive; region: north america.",0.081,0,none,none,,train,1,template-generated synthetic scenario
SCW-0141-4,SCW-0141,2025-05-21,,financial_report,Automotive,North America,Risk commentary indicates standard operating conditions with no significant new supply constraints. Sector context: automotive; region: north america.,0.177,0,none,none,,train,1,template-generated synthetic scenario
SCW-0142-1,SCW-0142,2025-05-22,2025-06-02,news,Aerospace,Latin America,Authorities announced revised customs requirements that may delay cross-border shipments during the transition period. Sector context: aerospace; region: latin america.,0.754,1,regulatory_policy,high,11,train,1,template-generated synthetic scenario
SCW-0142-2,SCW-0142,2025-05-22,2025-06-02,social_media,Aerospace,Latin America,Trade groups are discussing new export-control rules and warning members to prepare for documentation and clearance delays. Sector context: aerospace; region: latin america.,0.838,1,regulatory_policy,high,11,train,1,template-generated synthetic scenario
SCW-0142-3,SCW-0142,2025-05-22,2025-06-02,supplier_communication,Aerospace,Latin America,Vendor compliance team advises that new customs controls could temporarily slow order processing and customs clearance. Sector context: aerospace; region: latin america.,0.832,1,regulatory_policy,high,11,train,1,template-generated synthetic scenario
SCW-0142-4,SCW-0142,2025-05-22,2025-06-02,financial_report,Aerospace,Latin America,Management disclosed potential exposure to new trade documentation regulations that could increase compliance costs and sourcing lead times. Sector context: aerospace; region: latin america.,0.746,1,regulatory_policy,high,11,train,1,template-generated synthetic scenario
SCW-0143-1,SCW-0143,2025-05-23,,news,Pharmaceuticals,Middle East,Manufacturers reported routine operations and balanced inventory positions across major distribution channels. Sector context: pharmaceuticals; region: middle east.,0.142,0,none,none,,train,1,template-generated synthetic scenario
SCW-0143-2,SCW-0143,2025-05-23,,social_media,Pharmaceuticals,Middle East,Procurement discussions show typical lead times and stable availability for most monitored inputs. Sector context: pharmaceuticals; region: middle east.,0.319,0,none,none,,train,1,template-generated synthetic scenario
SCW-0143-3,SCW-0143,2025-05-23,,supplier_communication,Pharmaceuticals,Middle East,"Supplier update: production and shipment schedules remain on plan, with no material changes to committed delivery dates. Sector context: pharmaceuticals; region: middle east.",0.288,0,none,none,,train,1,template-generated synthetic scenario
SCW-0143-4,SCW-0143,2025-05-23,,financial_report,Pharmaceuticals,Middle East,Risk commentary indicates standard operating conditions with no significant new supply constraints. Sector context: pharmaceuticals; region: middle east.,0.05,0,none,none,,train,1,template-generated synthetic scenario
SCW-0144-1,SCW-0144,2025-05-24,2025-06-04,news,Automotive,Southeast Asia,Industry sources report a product recall that could constrain availability while replacement inventory is produced. Sector context: automotive; region: southeast asia.,0.898,1,quality_recall,high,11,train,1,template-generated synthetic scenario
SCW-0144-2,SCW-0144,2025-05-24,2025-06-04,social_media,Automotive,Southeast Asia,Channel discussions indicate certain batches are being held pending quality review and replacement guidance. Sector context: automotive; region: southeast asia.,0.828,1,quality_recall,high,11,train,1,template-generated synthetic scenario
SCW-0144-3,SCW-0144,2025-05-24,2025-06-04,supplier_communication,Automotive,Southeast Asia,Vendor advisory requests temporary quarantine of affected material and warns of possible replenishment delays. Sector context: automotive; region: southeast asia.,0.839,1,quality_recall,high,11,train,1,template-generated synthetic scenario
SCW-0144-4,SCW-0144,2025-05-24,2025-06-04,financial_report,Automotive,Southeast Asia,Management disclosed a quality-related production hold that may affect near-term shipments and warranty costs. Sector context: automotive; region: southeast asia.,0.758,1,quality_recall,high,11,train,1,template-generated synthetic scenario
SCW-0145-1,SCW-0145,2025-05-25,,news,Apparel,Global,Manufacturers reported routine operations and balanced inventory positions across major distribution channels. Sector context: apparel; region: global.,0.02,0,none,none,,train,1,template-generated synthetic scenario
SCW-0145-2,SCW-0145,2025-05-25,,social_media,Apparel,Global,Routine logistics updates indicate normal transit times and no unusual capacity constraints across key lanes. Sector context: apparel; region: global.,0.298,0,none,none,,train,1,template-generated synthetic scenario
SCW-0145-3,SCW-0145,2025-05-25,,supplier_communication,Apparel,Global,Vendor communication confirms normal operating capacity and standard lead times for current purchase orders. Sector context: apparel; region: global.,0.282,0,none,none,,train,1,template-generated synthetic scenario
SCW-0145-4,SCW-0145,2025-05-25,,financial_report,Apparel,Global,Management reported stable operations and no material supply interruptions during the current reporting period. Sector context: apparel; region: global.,0.127,0,none,none,,train,1,template-generated synthetic scenario
SCW-0146-1,SCW-0146,2025-05-26,2025-06-04,news,Food & Beverage,Global,Authorities announced revised export-control requirements that may delay cross-border shipments during the transition period. Sector context: food & beverage; region: global.,0.742,1,regulatory_policy,high,9,train,1,template-generated synthetic scenario
SCW-0146-2,SCW-0146,2025-05-26,2025-06-04,social_media,Food & Beverage,Global,Industry participants report uncertainty about implementation of updated trade documentation requirements across several ports. Sector context: food & beverage; region: global.,0.852,1,regulatory_policy,high,9,train,1,template-generated synthetic scenario
SCW-0146-3,SCW-0146,2025-05-26,2025-06-04,supplier_communication,Food & Beverage,Global,Supplier notice: updated environmental compliance requirements may affect export documentation and lead times for upcoming orders. Sector context: food & beverage; region: global.,0.933,1,regulatory_policy,high,9,train,1,template-generated synthetic scenario
SCW-0146-4,SCW-0146,2025-05-26,2025-06-04,financial_report,Food & Beverage,Global,Management disclosed potential exposure to new export-control regulations that could increase compliance costs and sourcing lead times. Sector context: food & beverage; region: global.,0.752,1,regulatory_policy,high,9,train,1,template-generated synthetic scenario
SCW-0147-1,SCW-0147,2025-05-27,,news,Consumer Electronics,Latin America,Manufacturers reported routine operations and balanced inventory positions across major distribution channels. Sector context: consumer electronics; region: latin america.,0.288,0,none,none,,train,1,template-generated synthetic scenario
SCW-0147-2,SCW-0147,2025-05-27,,social_media,Consumer Electronics,Latin America,Routine logistics updates indicate normal transit times and no unusual capacity constraints across key lanes. Sector context: consumer electronics; region: latin america.,0.21,0,none,none,,train,1,template-generated synthetic scenario
SCW-0147-3,SCW-0147,2025-05-27,,supplier_communication,Consumer Electronics,Latin America,"Supplier update: production and shipment schedules remain on plan, with no material changes to committed delivery dates. Sector context: consumer electronics; region: latin america.",0.142,0,none,none,,train,1,template-generated synthetic scenario
SCW-0147-4,SCW-0147,2025-05-27,,financial_report,Consumer Electronics,Latin America,Risk commentary indicates standard operating conditions with no significant new supply constraints. Sector context: consumer electronics; region: latin america.,0.133,0,none,none,,train,1,template-generated synthetic scenario
SCW-0148-1,SCW-0148,2025-05-28,,news,Apparel,Global,Manufacturers reported routine operations and balanced inventory positions across major distribution channels. Sector context: apparel; region: global.,0.093,0,none,none,,train,1,template-generated synthetic scenario
SCW-0148-2,SCW-0148,2025-05-28,,social_media,Apparel,Global,Procurement discussions show typical lead times and stable availability for most monitored inputs. Sector context: apparel; region: global.,0.293,0,none,none,,train,1,template-generated synthetic scenario
SCW-0148-3,SCW-0148,2025-05-28,,supplier_communication,Apparel,Global,Vendor communication confirms normal operating capacity and standard lead times for current purchase orders. Sector context: apparel; region: global.,0.25,0,none,none,,train,1,template-generated synthetic scenario
SCW-0148-4,SCW-0148,2025-05-28,,financial_report,Apparel,Global,Management reported stable operations and no material supply interruptions during the current reporting period. Sector context: apparel; region: global.,0.287,0,none,none,,train,1,template-generated synthetic scenario
SCW-0149-1,SCW-0149,2025-05-29,2025-06-09,news,Automotive,Europe,A logistics technology provider reported a cyber incident that has disrupted booking and tracking systems. Sector context: automotive; region: europe.,0.671,1,cyber_incident,high,11,train,1,template-generated synthetic scenario
SCW-0149-2,SCW-0149,2025-05-29,2025-06-09,social_media,Automotive,Europe,Operations teams are sharing reports of unavailable planning systems and delayed warehouse transactions. Sector context: automotive; region: europe.,0.866,1,cyber_incident,high,11,train,1,template-generated synthetic scenario
SCW-0149-3,SCW-0149,2025-05-29,2025-06-09,supplier_communication,Automotive,Europe,"Vendor advisory states that manual processes are in place while systems are restored, potentially affecting shipment confirmation. Sector context: automotive; region: europe.",0.82,1,cyber_incident,high,11,train,1,template-generated synthetic scenario
SCW-0149-4,SCW-0149,2025-05-29,2025-06-09,financial_report,Automotive,Europe,"The company disclosed a cybersecurity event that may temporarily affect operations, order processing, and logistics visibility. Sector context: automotive; region: europe.",0.739,1,cyber_incident,high,11,train,1,template-generated synthetic scenario
SCW-0150-1,SCW-0150,2025-05-30,2025-06-06,news,Consumer Electronics,Europe,"Labor negotiations remain unresolved at a critical logistics hub, raising the risk of temporary shutdowns. Sector context: consumer electronics; region: europe.",0.721,1,labor_disruption,high,7,train,1,template-generated synthetic scenario
SCW-0150-2,SCW-0150,2025-05-30,2025-06-06,social_media,Consumer Electronics,Europe,Industry groups are warning of possible delays if planned labor action proceeds this week. Sector context: consumer electronics; region: europe.,0.731,1,labor_disruption,high,7,train,1,template-generated synthetic scenario
SCW-0150-3,SCW-0150,2025-05-30,2025-06-06,supplier_communication,Consumer Electronics,Europe,Supplier notice: staffing constraints may reduce production output and delay order completion. Sector context: consumer electronics; region: europe.,0.824,1,labor_disruption,high,7,train,1,template-generated synthetic scenario
SCW-0150-4,SCW-0150,2025-05-30,2025-06-06,financial_report,Consumer Electronics,Europe,Management identified labor availability and industrial relations as near-term operational risks. Sector context: consumer electronics; region: europe.,0.793,1,labor_disruption,high,7,train,1,template-generated synthetic scenario
SCW-0151-1,SCW-0151,2025-05-31,,news,Medical Devices,Middle East,Manufacturers reported routine operations and balanced inventory positions across major distribution channels. Sector context: medical devices; region: middle east.,0.346,0,none,none,,train,1,template-generated synthetic scenario
SCW-0151-2,SCW-0151,2025-05-31,,social_media,Medical Devices,Middle East,Routine logistics updates indicate normal transit times and no unusual capacity constraints across key lanes. Sector context: medical devices; region: middle east.,0.247,0,none,none,,train,1,template-generated synthetic scenario
SCW-0151-3,SCW-0151,2025-05-31,,supplier_communication,Medical Devices,Middle East,"Supplier update: production and shipment schedules remain on plan, with no material changes to committed delivery dates. Sector context: medical devices; region: middle east.",0.253,0,none,none,,train,1,template-generated synthetic scenario
SCW-0151-4,SCW-0151,2025-05-31,,financial_report,Medical Devices,Middle East,Management reported stable operations and no material supply interruptions during the current reporting period. Sector context: medical devices; region: middle east.,0.148,0,none,none,,train,1,template-generated synthetic scenario
SCW-0152-1,SCW-0152,2025-06-01,,news,Retail,South Asia,"Industry output remained broadly stable this week, with normal freight flows and no material production interruptions reported. Sector context: retail; region: south asia.",0.312,0,none,none,,train,1,template-generated synthetic scenario
SCW-0152-2,SCW-0152,2025-06-01,,social_media,Retail,South Asia,Routine logistics updates indicate normal transit times and no unusual capacity constraints across key lanes. Sector context: retail; region: south asia.,0.105,0,none,none,,train,1,template-generated synthetic scenario
SCW-0152-3,SCW-0152,2025-06-01,,supplier_communication,Retail,South Asia,"Supplier update: production and shipment schedules remain on plan, with no material changes to committed delivery dates. Sector context: retail; region: south asia.",0.142,0,none,none,,train,1,template-generated synthetic scenario
SCW-0152-4,SCW-0152,2025-06-01,,financial_report,Retail,South Asia,Risk commentary indicates standard operating conditions with no significant new supply constraints. Sector context: retail; region: south asia.,0.287,0,none,none,,train,1,template-generated synthetic scenario
SCW-0153-1,SCW-0153,2025-06-02,,news,Retail,Europe,"Industry output remained broadly stable this week, with normal freight flows and no material production interruptions reported. Sector context: retail; region: europe.",0.262,0,none,none,,train,1,template-generated synthetic scenario
SCW-0153-2,SCW-0153,2025-06-02,,social_media,Retail,Europe,Routine logistics updates indicate normal transit times and no unusual capacity constraints across key lanes. Sector context: retail; region: europe.,0.368,0,none,none,,train,1,template-generated synthetic scenario
SCW-0153-3,SCW-0153,2025-06-02,,supplier_communication,Retail,Europe,Vendor communication confirms normal operating capacity and standard lead times for current purchase orders. Sector context: retail; region: europe.,0.254,0,none,none,,train,1,template-generated synthetic scenario
SCW-0153-4,SCW-0153,2025-06-02,,financial_report,Retail,Europe,Risk commentary indicates standard operating conditions with no significant new supply constraints. Sector context: retail; region: europe.,0.464,0,none,none,,train,1,template-generated synthetic scenario
SCW-0154-1,SCW-0154,2025-06-03,,news,Medical Devices,East Asia,"Industry output remained broadly stable this week, with normal freight flows and no material production interruptions reported. Sector context: medical devices; region: east asia.",0.148,0,none,none,,train,1,template-generated synthetic scenario
SCW-0154-2,SCW-0154,2025-06-03,,social_media,Medical Devices,East Asia,Procurement discussions show typical lead times and stable availability for most monitored inputs. Sector context: medical devices; region: east asia.,0.117,0,none,none,,train,1,template-generated synthetic scenario
SCW-0154-3,SCW-0154,2025-06-03,,supplier_communication,Medical Devices,East Asia,Vendor communication confirms normal operating capacity and standard lead times for current purchase orders. Sector context: medical devices; region: east asia.,0.479,0,none,none,,train,1,template-generated synthetic scenario
SCW-0154-4,SCW-0154,2025-06-03,,financial_report,Medical Devices,East Asia,Management reported stable operations and no material supply interruptions during the current reporting period. Sector context: medical devices; region: east asia.,0.414,0,none,none,,train,1,template-generated synthetic scenario
SCW-0155-1,SCW-0155,2025-06-04,,news,Aerospace,Southeast Asia,"Industry output remained broadly stable this week, with normal freight flows and no material production interruptions reported. Sector context: aerospace; region: southeast asia.",0.236,0,none,none,,train,1,template-generated synthetic scenario
SCW-0155-2,SCW-0155,2025-06-04,,social_media,Aerospace,Southeast Asia,Procurement discussions show typical lead times and stable availability for most monitored inputs. Sector context: aerospace; region: southeast asia.,0.071,0,none,none,,train,1,template-generated synthetic scenario
SCW-0155-3,SCW-0155,2025-06-04,,supplier_communication,Aerospace,Southeast Asia,"Supplier update: production and shipment schedules remain on plan, with no material changes to committed delivery dates. Sector context: aerospace; region: southeast asia.",0.324,0,none,none,,train,1,template-generated synthetic scenario
SCW-0155-4,SCW-0155,2025-06-04,,financial_report,Aerospace,Southeast Asia,Risk commentary indicates standard operating conditions with no significant new supply constraints. Sector context: aerospace; region: southeast asia.,0.061,0,none,none,,train,1,template-generated synthetic scenario
SCW-0156-1,SCW-0156,2025-06-05,,news,Medical Devices,Europe,Manufacturers reported routine operations and balanced inventory positions across major distribution channels. Sector context: medical devices; region: europe.,0.176,0,none,none,,train,1,template-generated synthetic scenario
SCW-0156-2,SCW-0156,2025-06-05,,social_media,Medical Devices,Europe,Procurement discussions show typical lead times and stable availability for most monitored inputs. Sector context: medical devices; region: europe.,0.341,0,none,none,,train,1,template-generated synthetic scenario
SCW-0156-3,SCW-0156,2025-06-05,,supplier_communication,Medical Devices,Europe,"Supplier update: production and shipment schedules remain on plan, with no material changes to committed delivery dates. Sector context: medical devices; region: europe.",0.315,0,none,none,,train,1,template-generated synthetic scenario
SCW-0156-4,SCW-0156,2025-06-05,,financial_report,Medical Devices,Europe,Management reported stable operations and no material supply interruptions during the current reporting period. Sector context: medical devices; region: europe.,0.232,0,none,none,,train,1,template-generated synthetic scenario
SCW-0157-1,SCW-0157,2025-06-06,2025-06-07,news,Apparel,Middle East,Unexpected demand acceleration is creating shortages across several product categories and stretching upstream capacity. Sector context: apparel; region: middle east.,0.732,1,demand_shock,medium,1,train,1,template-generated synthetic scenario
SCW-0157-2,SCW-0157,2025-06-06,2025-06-07,social_media,Apparel,Middle East,Retailers report rapid sell-through and widespread backorders as demand exceeds planned inventory. Sector context: apparel; region: middle east.,0.721,1,demand_shock,medium,1,train,1,template-generated synthetic scenario
SCW-0157-3,SCW-0157,2025-06-06,2025-06-07,supplier_communication,Apparel,Middle East,Vendor advises that demand volatility is affecting capacity planning and committed lead times. Sector context: apparel; region: middle east.,0.651,1,demand_shock,medium,1,train,1,template-generated synthetic scenario
SCW-0157-4,SCW-0157,2025-06-06,2025-06-07,financial_report,Apparel,Middle East,Financial commentary cites capacity pressure from unexpectedly strong demand and constrained upstream supply. Sector context: apparel; region: middle east.,0.641,1,demand_shock,medium,1,train,1,template-generated synthetic scenario
SCW-0158-1,SCW-0158,2025-06-07,,news,Medical Devices,East Asia,Manufacturers reported routine operations and balanced inventory positions across major distribution channels. Sector context: medical devices; region: east asia.,0.226,0,none,none,,train,1,template-generated synthetic scenario
SCW-0158-2,SCW-0158,2025-06-07,,social_media,Medical Devices,East Asia,Procurement discussions show typical lead times and stable availability for most monitored inputs. Sector context: medical devices; region: east asia.,0.27,0,none,none,,train,1,template-generated synthetic scenario
SCW-0158-3,SCW-0158,2025-06-07,,supplier_communication,Medical Devices,East Asia,Vendor communication confirms normal operating capacity and standard lead times for current purchase orders. Sector context: medical devices; region: east asia.,0.306,0,none,none,,train,1,template-generated synthetic scenario
SCW-0158-4,SCW-0158,2025-06-07,,financial_report,Medical Devices,East Asia,Management reported stable operations and no material supply interruptions during the current reporting period. Sector context: medical devices; region: east asia.,0.324,0,none,none,,train,1,template-generated synthetic scenario
SCW-0159-1,SCW-0159,2025-06-08,,news,Consumer Electronics,East Asia,"Industry output remained broadly stable this week, with normal freight flows and no material production interruptions reported. Sector context: consumer electronics; region: east asia.",0.115,0,none,none,,train,1,template-generated synthetic scenario
SCW-0159-2,SCW-0159,2025-06-08,,social_media,Consumer Electronics,East Asia,Procurement discussions show typical lead times and stable availability for most monitored inputs. Sector context: consumer electronics; region: east asia.,0.301,0,none,none,,train,1,template-generated synthetic scenario
SCW-0159-3,SCW-0159,2025-06-08,,supplier_communication,Consumer Electronics,East Asia,"Supplier update: production and shipment schedules remain on plan, with no material changes to committed delivery dates. Sector context: consumer electronics; region: east asia.",0.186,0,none,none,,train,1,template-generated synthetic scenario
SCW-0159-4,SCW-0159,2025-06-08,,financial_report,Consumer Electronics,East Asia,Management reported stable operations and no material supply interruptions during the current reporting period. Sector context: consumer electronics; region: east asia.,0.371,0,none,none,,train,1,template-generated synthetic scenario
SCW-0160-1,SCW-0160,2025-06-09,,news,Apparel,Latin America,"Industry output remained broadly stable this week, with normal freight flows and no material production interruptions reported. Sector context: apparel; region: latin america.",0.258,0,none,none,,train,1,template-generated synthetic scenario
SCW-0160-2,SCW-0160,2025-06-09,,social_media,Apparel,Latin America,Procurement discussions show typical lead times and stable availability for most monitored inputs. Sector context: apparel; region: latin america.,0.256,0,none,none,,train,1,template-generated synthetic scenario
SCW-0160-3,SCW-0160,2025-06-09,,supplier_communication,Apparel,Latin America,Vendor communication confirms normal operating capacity and standard lead times for current purchase orders. Sector context: apparel; region: latin america.,0.276,0,none,none,,train,1,template-generated synthetic scenario
SCW-0160-4,SCW-0160,2025-06-09,,financial_report,Apparel,Latin America,Risk commentary indicates standard operating conditions with no significant new supply constraints. Sector context: apparel; region: latin america.,0.238,0,none,none,,train,1,template-generated synthetic scenario
SCW-0161-1,SCW-0161,2025-06-10,,news,Apparel,Europe,Manufacturers reported routine operations and balanced inventory positions across major distribution channels. Sector context: apparel; region: europe.,0.115,0,none,none,,train,1,template-generated synthetic scenario
SCW-0161-2,SCW-0161,2025-06-10,,social_media,Apparel,Europe,Procurement discussions show typical lead times and stable availability for most monitored inputs. Sector context: apparel; region: europe.,0.229,0,none,none,,train,1,template-generated synthetic scenario
SCW-0161-3,SCW-0161,2025-06-10,,supplier_communication,Apparel,Europe,Vendor communication confirms normal operating capacity and standard lead times for current purchase orders. Sector context: apparel; region: europe.,0.4,0,none,none,,train,1,template-generated synthetic scenario
SCW-0161-4,SCW-0161,2025-06-10,,financial_report,Apparel,Europe,Risk commentary indicates standard operating conditions with no significant new supply constraints. Sector context: apparel; region: europe.,0.17,0,none,none,,train,1,template-generated synthetic scenario
SCW-0162-1,SCW-0162,2025-06-11,2025-06-24,news,Retail,Latin America,Workers at a major transport or production site have announced industrial action that may interrupt normal operations. Sector context: retail; region: latin america.,0.554,1,labor_disruption,medium,13,train,1,template-generated synthetic scenario
SCW-0162-2,SCW-0162,2025-06-11,2025-06-24,social_media,Retail,Latin America,Industry groups are warning of possible delays if planned labor action proceeds this week. Sector context: retail; region: latin america.,0.749,1,labor_disruption,medium,13,train,1,template-generated synthetic scenario
SCW-0162-3,SCW-0162,2025-06-11,2025-06-24,supplier_communication,Retail,Latin America,Vendor advises of potential schedule disruption due to ongoing labor negotiations and reduced shift coverage. Sector context: retail; region: latin america.,0.729,1,labor_disruption,medium,13,train,1,template-generated synthetic scenario
SCW-0162-4,SCW-0162,2025-06-11,2025-06-24,financial_report,Retail,Latin America,Management identified labor availability and industrial relations as near-term operational risks. Sector context: retail; region: latin america.,0.652,1,labor_disruption,medium,13,train,1,template-generated synthetic scenario
SCW-0163-1,SCW-0163,2025-06-12,,news,Apparel,East Asia,"Industry output remained broadly stable this week, with normal freight flows and no material production interruptions reported. Sector context: apparel; region: east asia.",0.225,0,none,none,,train,1,template-generated synthetic scenario
SCW-0163-2,SCW-0163,2025-06-12,,social_media,Apparel,East Asia,Routine logistics updates indicate normal transit times and no unusual capacity constraints across key lanes. Sector context: apparel; region: east asia.,0.162,0,none,none,,train,1,template-generated synthetic scenario
SCW-0163-3,SCW-0163,2025-06-12,,supplier_communication,Apparel,East Asia,Vendor communication confirms normal operating capacity and standard lead times for current purchase orders. Sector context: apparel; region: east asia.,0.215,0,none,none,,train,1,template-generated synthetic scenario
SCW-0163-4,SCW-0163,2025-06-12,,financial_report,Apparel,East Asia,Risk commentary indicates standard operating conditions with no significant new supply constraints. Sector context: apparel; region: east asia.,0.327,0,none,none,,train,1,template-generated synthetic scenario
SCW-0164-1,SCW-0164,2025-06-13,,news,Medical Devices,Global,"Industry output remained broadly stable this week, with normal freight flows and no material production interruptions reported. Sector context: medical devices; region: global.",0.337,0,none,none,,train,1,template-generated synthetic scenario
SCW-0164-2,SCW-0164,2025-06-13,,social_media,Medical Devices,Global,Procurement discussions show typical lead times and stable availability for most monitored inputs. Sector context: medical devices; region: global.,0.236,0,none,none,,train,1,template-generated synthetic scenario
SCW-0164-3,SCW-0164,2025-06-13,,supplier_communication,Medical Devices,Global,Vendor communication confirms normal operating capacity and standard lead times for current purchase orders. Sector context: medical devices; region: global.,0.21,0,none,none,,train,1,template-generated synthetic scenario
SCW-0164-4,SCW-0164,2025-06-13,,financial_report,Medical Devices,Global,Risk commentary indicates standard operating conditions with no significant new supply constraints. Sector context: medical devices; region: global.,0.039,0,none,none,,train,1,template-generated synthetic scenario
SCW-0165-1,SCW-0165,2025-06-14,2025-06-24,news,Energy,Europe,"A sudden market shift has driven orders well above forecast, increasing pressure on component supply and fulfillment. Sector context: energy; region: europe.",0.512,1,demand_shock,low,10,train,1,template-generated synthetic scenario
SCW-0165-2,SCW-0165,2025-06-14,2025-06-24,social_media,Energy,Europe,Retailers report rapid sell-through and widespread backorders as demand exceeds planned inventory. Sector context: energy; region: europe.,0.554,1,demand_shock,low,10,train,1,template-generated synthetic scenario
SCW-0165-3,SCW-0165,2025-06-14,2025-06-24,supplier_communication,Energy,Europe,Vendor advises that demand volatility is affecting capacity planning and committed lead times. Sector context: energy; region: europe.,0.544,1,demand_shock,low,10,train,1,template-generated synthetic scenario
SCW-0165-4,SCW-0165,2025-06-14,2025-06-24,financial_report,Energy,Europe,Financial commentary cites capacity pressure from unexpectedly strong demand and constrained upstream supply. Sector context: energy; region: europe.,0.699,1,demand_shock,low,10,train,1,template-generated synthetic scenario
SCW-0166-1,SCW-0166,2025-06-15,,news,Consumer Electronics,East Asia,"Industry output remained broadly stable this week, with normal freight flows and no material production interruptions reported. Sector context: consumer electronics; region: east asia.",0.089,0,none,none,,train,1,template-generated synthetic scenario
SCW-0166-2,SCW-0166,2025-06-15,,social_media,Consumer Electronics,East Asia,Routine logistics updates indicate normal transit times and no unusual capacity constraints across key lanes. Sector context: consumer electronics; region: east asia.,0.02,0,none,none,,train,1,template-generated synthetic scenario
SCW-0166-3,SCW-0166,2025-06-15,,supplier_communication,Consumer Electronics,East Asia,"Supplier update: production and shipment schedules remain on plan, with no material changes to committed delivery dates. Sector context: consumer electronics; region: east asia.",0.189,0,none,none,,train,1,template-generated synthetic scenario
SCW-0166-4,SCW-0166,2025-06-15,,financial_report,Consumer Electronics,East Asia,Management reported stable operations and no material supply interruptions during the current reporting period. Sector context: consumer electronics; region: east asia.,0.102,0,none,none,,train,1,template-generated synthetic scenario
SCW-0167-1,SCW-0167,2025-06-16,,news,Energy,North America,"Industry output remained broadly stable this week, with normal freight flows and no material production interruptions reported. Sector context: energy; region: north america.",0.358,0,none,none,,train,1,template-generated synthetic scenario
SCW-0167-2,SCW-0167,2025-06-16,,social_media,Energy,North America,Procurement discussions show typical lead times and stable availability for most monitored inputs. Sector context: energy; region: north america.,0.215,0,none,none,,train,1,template-generated synthetic scenario
SCW-0167-3,SCW-0167,2025-06-16,,supplier_communication,Energy,North America,"Supplier update: production and shipment schedules remain on plan, with no material changes to committed delivery dates. Sector context: energy; region: north america.",0.371,0,none,none,,train,1,template-generated synthetic scenario
SCW-0167-4,SCW-0167,2025-06-16,,financial_report,Energy,North America,Risk commentary indicates standard operating conditions with no significant new supply constraints. Sector context: energy; region: north america.,0.201,0,none,none,,train,1,template-generated synthetic scenario
SCW-0168-1,SCW-0168,2025-06-17,,news,Retail,South Asia,Manufacturers reported routine operations and balanced inventory positions across major distribution channels. Sector context: retail; region: south asia.,0.27,0,none,none,,train,1,template-generated synthetic scenario
SCW-0168-2,SCW-0168,2025-06-17,,social_media,Retail,South Asia,Routine logistics updates indicate normal transit times and no unusual capacity constraints across key lanes. Sector context: retail; region: south asia.,0.414,0,none,none,,train,1,template-generated synthetic scenario
SCW-0168-3,SCW-0168,2025-06-17,,supplier_communication,Retail,South Asia,"Supplier update: production and shipment schedules remain on plan, with no material changes to committed delivery dates. Sector context: retail; region: south asia.",0.237,0,none,none,,train,1,template-generated synthetic scenario
SCW-0168-4,SCW-0168,2025-06-17,,financial_report,Retail,South Asia,Risk commentary indicates standard operating conditions with no significant new supply constraints. Sector context: retail; region: south asia.,0.117,0,none,none,,train,1,template-generated synthetic scenario
SCW-0169-1,SCW-0169,2025-06-18,2025-06-19,news,Retail,Global,"Escalating regional tensions are affecting shipping routes and insurance costs, with carriers considering alternate corridors. Sector context: retail; region: global.",0.888,1,geopolitical,high,1,train,1,template-generated synthetic scenario
SCW-0169-2,SCW-0169,2025-06-18,2025-06-19,social_media,Retail,Global,Freight forums report route diversions and rising spot rates as carriers avoid a high-risk corridor. Sector context: retail; region: global.,0.795,1,geopolitical,high,1,train,1,template-generated synthetic scenario
SCW-0169-3,SCW-0169,2025-06-18,2025-06-19,supplier_communication,Retail,Global,"Supplier update: geopolitical conditions may affect transit routes, lead times, and availability of selected inputs. Sector context: retail; region: global.",0.843,1,geopolitical,high,1,train,1,template-generated synthetic scenario
SCW-0169-4,SCW-0169,2025-06-18,2025-06-19,financial_report,Retail,Global,"Management identified geopolitical instability as a material risk to sourcing continuity, freight costs, and supplier availability. Sector context: retail; region: global.",0.899,1,geopolitical,high,1,train,1,template-generated synthetic scenario
SCW-0170-1,SCW-0170,2025-06-19,,news,Logistics,South Asia,"Industry output remained broadly stable this week, with normal freight flows and no material production interruptions reported. Sector context: logistics; region: south asia.",0.151,0,none,none,,train,1,template-generated synthetic scenario
SCW-0170-2,SCW-0170,2025-06-19,,social_media,Logistics,South Asia,Routine logistics updates indicate normal transit times and no unusual capacity constraints across key lanes. Sector context: logistics; region: south asia.,0.27,0,none,none,,train,1,template-generated synthetic scenario
SCW-0170-3,SCW-0170,2025-06-19,,supplier_communication,Logistics,South Asia,"Supplier update: production and shipment schedules remain on plan, with no material changes to committed delivery dates. Sector context: logistics; region: south asia.",0.162,0,none,none,,train,1,template-generated synthetic scenario
SCW-0170-4,SCW-0170,2025-06-19,,financial_report,Logistics,South Asia,Risk commentary indicates standard operating conditions with no significant new supply constraints. Sector context: logistics; region: south asia.,0.145,0,none,none,,train,1,template-generated synthetic scenario
SCW-0171-1,SCW-0171,2025-06-20,,news,Retail,Southeast Asia,"Industry output remained broadly stable this week, with normal freight flows and no material production interruptions reported. Sector context: retail; region: southeast asia.",0.143,0,none,none,,train,1,template-generated synthetic scenario
SCW-0171-2,SCW-0171,2025-06-20,,social_media,Retail,Southeast Asia,Procurement discussions show typical lead times and stable availability for most monitored inputs. Sector context: retail; region: southeast asia.,0.214,0,none,none,,train,1,template-generated synthetic scenario
SCW-0171-3,SCW-0171,2025-06-20,,supplier_communication,Retail,Southeast Asia,Vendor communication confirms normal operating capacity and standard lead times for current purchase orders. Sector context: retail; region: southeast asia.,0.323,0,none,none,,train,1,template-generated synthetic scenario
SCW-0171-4,SCW-0171,2025-06-20,,financial_report,Retail,Southeast Asia,Management reported stable operations and no material supply interruptions during the current reporting period. Sector context: retail; region: southeast asia.,0.251,0,none,none,,train,1,template-generated synthetic scenario
SCW-0172-1,SCW-0172,2025-06-21,,news,Food & Beverage,North America,Manufacturers reported routine operations and balanced inventory positions across major distribution channels. Sector context: food & beverage; region: north america.,0.173,0,none,none,,train,1,template-generated synthetic scenario
SCW-0172-2,SCW-0172,2025-06-21,,social_media,Food & Beverage,North America,Routine logistics updates indicate normal transit times and no unusual capacity constraints across key lanes. Sector context: food & beverage; region: north america.,0.24,0,none,none,,train,1,template-generated synthetic scenario
SCW-0172-3,SCW-0172,2025-06-21,,supplier_communication,Food & Beverage,North America,Vendor communication confirms normal operating capacity and standard lead times for current purchase orders. Sector context: food & beverage; region: north america.,0.208,0,none,none,,train,1,template-generated synthetic scenario
SCW-0172-4,SCW-0172,2025-06-21,,financial_report,Food & Beverage,North America,Risk commentary indicates standard operating conditions with no significant new supply constraints. Sector context: food & beverage; region: north america.,0.358,0,none,none,,train,1,template-generated synthetic scenario
SCW-0173-1,SCW-0173,2025-06-22,,news,Medical Devices,South Asia,"Industry output remained broadly stable this week, with normal freight flows and no material production interruptions reported. Sector context: medical devices; region: south asia.",0.318,0,none,none,,train,1,template-generated synthetic scenario
SCW-0173-2,SCW-0173,2025-06-22,,social_media,Medical Devices,South Asia,Routine logistics updates indicate normal transit times and no unusual capacity constraints across key lanes. Sector context: medical devices; region: south asia.,0.257,0,none,none,,train,1,template-generated synthetic scenario
SCW-0173-3,SCW-0173,2025-06-22,,supplier_communication,Medical Devices,South Asia,Vendor communication confirms normal operating capacity and standard lead times for current purchase orders. Sector context: medical devices; region: south asia.,0.159,0,none,none,,train,1,template-generated synthetic scenario
SCW-0173-4,SCW-0173,2025-06-22,,financial_report,Medical Devices,South Asia,Management reported stable operations and no material supply interruptions during the current reporting period. Sector context: medical devices; region: south asia.,0.37,0,none,none,,train,1,template-generated synthetic scenario
SCW-0174-1,SCW-0174,2025-06-23,,news,Pharmaceuticals,Middle East,Manufacturers reported routine operations and balanced inventory positions across major distribution channels. Sector context: pharmaceuticals; region: middle east.,0.198,0,none,none,,train,1,template-generated synthetic scenario
SCW-0174-2,SCW-0174,2025-06-23,,social_media,Pharmaceuticals,Middle East,Routine logistics updates indicate normal transit times and no unusual capacity constraints across key lanes. Sector context: pharmaceuticals; region: middle east.,0.368,0,none,none,,train,1,template-generated synthetic scenario
SCW-0174-3,SCW-0174,2025-06-23,,supplier_communication,Pharmaceuticals,Middle East,Vendor communication confirms normal operating capacity and standard lead times for current purchase orders. Sector context: pharmaceuticals; region: middle east.,0.18,0,none,none,,train,1,template-generated synthetic scenario
SCW-0174-4,SCW-0174,2025-06-23,,financial_report,Pharmaceuticals,Middle East,Risk commentary indicates standard operating conditions with no significant new supply constraints. Sector context: pharmaceuticals; region: middle east.,0.167,0,none,none,,train,1,template-generated synthetic scenario
SCW-0175-1,SCW-0175,2025-06-24,,news,Apparel,Middle East,"Industry output remained broadly stable this week, with normal freight flows and no material production interruptions reported. Sector context: apparel; region: middle east.",0.08,0,none,none,,train,1,template-generated synthetic scenario
SCW-0175-2,SCW-0175,2025-06-24,,social_media,Apparel,Middle East,Routine logistics updates indicate normal transit times and no unusual capacity constraints across key lanes. Sector context: apparel; region: middle east.,0.21,0,none,none,,train,1,template-generated synthetic scenario
SCW-0175-3,SCW-0175,2025-06-24,,supplier_communication,Apparel,Middle East,Vendor communication confirms normal operating capacity and standard lead times for current purchase orders. Sector context: apparel; region: middle east.,0.415,0,none,none,,train,1,template-generated synthetic scenario
SCW-0175-4,SCW-0175,2025-06-24,,financial_report,Apparel,Middle East,Management reported stable operations and no material supply interruptions during the current reporting period. Sector context: apparel; region: middle east.,0.175,0,none,none,,train,1,template-generated synthetic scenario
SCW-0176-1,SCW-0176,2025-06-25,,news,Automotive,Latin America,Manufacturers reported routine operations and balanced inventory positions across major distribution channels. Sector context: automotive; region: latin america.,0.074,0,none,none,,train,1,template-generated synthetic scenario
SCW-0176-2,SCW-0176,2025-06-25,,social_media,Automotive,Latin America,Procurement discussions show typical lead times and stable availability for most monitored inputs. Sector context: automotive; region: latin america.,0.333,0,none,none,,train,1,template-generated synthetic scenario
SCW-0176-3,SCW-0176,2025-06-25,,supplier_communication,Automotive,Latin America,"Supplier update: production and shipment schedules remain on plan, with no material changes to committed delivery dates. Sector context: automotive; region: latin america.",0.19,0,none,none,,train,1,template-generated synthetic scenario
SCW-0176-4,SCW-0176,2025-06-25,,financial_report,Automotive,Latin America,Management reported stable operations and no material supply interruptions during the current reporting period. Sector context: automotive; region: latin america.,0.261,0,none,none,,train,1,template-generated synthetic scenario
SCW-0177-1,SCW-0177,2025-06-26,,news,Food & Beverage,South Asia,"Industry output remained broadly stable this week, with normal freight flows and no material production interruptions reported. Sector context: food & beverage; region: south asia.",0.285,0,none,none,,train,1,template-generated synthetic scenario
SCW-0177-2,SCW-0177,2025-06-26,,social_media,Food & Beverage,South Asia,Procurement discussions show typical lead times and stable availability for most monitored inputs. Sector context: food & beverage; region: south asia.,0.02,0,none,none,,train,1,template-generated synthetic scenario
SCW-0177-3,SCW-0177,2025-06-26,,supplier_communication,Food & Beverage,South Asia,"Supplier update: production and shipment schedules remain on plan, with no material changes to committed delivery dates. Sector context: food & beverage; region: south asia.",0.198,0,none,none,,train,1,template-generated synthetic scenario
SCW-0177-4,SCW-0177,2025-06-26,,financial_report,Food & Beverage,South Asia,Management reported stable operations and no material supply interruptions during the current reporting period. Sector context: food & beverage; region: south asia.,0.07,0,none,none,,train,1,template-generated synthetic scenario
SCW-0178-1,SCW-0178,2025-06-27,,news,Consumer Electronics,South Asia,Manufacturers reported routine operations and balanced inventory positions across major distribution channels. Sector context: consumer electronics; region: south asia.,0.215,0,none,none,,train,1,template-generated synthetic scenario
SCW-0178-2,SCW-0178,2025-06-27,,social_media,Consumer Electronics,South Asia,Routine logistics updates indicate normal transit times and no unusual capacity constraints across key lanes. Sector context: consumer electronics; region: south asia.,0.134,0,none,none,,train,1,template-generated synthetic scenario
SCW-0178-3,SCW-0178,2025-06-27,,supplier_communication,Consumer Electronics,South Asia,Vendor communication confirms normal operating capacity and standard lead times for current purchase orders. Sector context: consumer electronics; region: south asia.,0.13,0,none,none,,train,1,template-generated synthetic scenario
SCW-0178-4,SCW-0178,2025-06-27,,financial_report,Consumer Electronics,South Asia,Management reported stable operations and no material supply interruptions during the current reporting period. Sector context: consumer electronics; region: south asia.,0.081,0,none,none,,train,1,template-generated synthetic scenario
SCW-0179-1,SCW-0179,2025-06-28,,news,Medical Devices,Global,Manufacturers reported routine operations and balanced inventory positions across major distribution channels. Sector context: medical devices; region: global.,0.252,0,none,none,,train,1,template-generated synthetic scenario
SCW-0179-2,SCW-0179,2025-06-28,,social_media,Medical Devices,Global,Routine logistics updates indicate normal transit times and no unusual capacity constraints across key lanes. Sector context: medical devices; region: global.,0.104,0,none,none,,train,1,template-generated synthetic scenario
SCW-0179-3,SCW-0179,2025-06-28,,supplier_communication,Medical Devices,Global,"Supplier update: production and shipment schedules remain on plan, with no material changes to committed delivery dates. Sector context: medical devices; region: global.",0.213,0,none,none,,train,1,template-generated synthetic scenario
SCW-0179-4,SCW-0179,2025-06-28,,financial_report,Medical Devices,Global,Risk commentary indicates standard operating conditions with no significant new supply constraints. Sector context: medical devices; region: global.,0.068,0,none,none,,train,1,template-generated synthetic scenario
SCW-0180-1,SCW-0180,2025-06-29,,news,Consumer Electronics,Middle East,Manufacturers reported routine operations and balanced inventory positions across major distribution channels. Sector context: consumer electronics; region: middle east.,0.104,0,none,none,,train,1,template-generated synthetic scenario
SCW-0180-2,SCW-0180,2025-06-29,,social_media,Consumer Electronics,Middle East,Procurement discussions show typical lead times and stable availability for most monitored inputs. Sector context: consumer electronics; region: middle east.,0.274,0,none,none,,train,1,template-generated synthetic scenario
SCW-0180-3,SCW-0180,2025-06-29,,supplier_communication,Consumer Electronics,Middle East,"Supplier update: production and shipment schedules remain on plan, with no material changes to committed delivery dates. Sector context: consumer electronics; region: middle east.",0.218,0,none,none,,train,1,template-generated synthetic scenario
SCW-0180-4,SCW-0180,2025-06-29,,financial_report,Consumer Electronics,Middle East,Risk commentary indicates standard operating conditions with no significant new supply constraints. Sector context: consumer electronics; region: middle east.,0.164,0,none,none,,train,1,template-generated synthetic scenario
SCW-0181-1,SCW-0181,2025-06-30,,news,Logistics,South Asia,Manufacturers reported routine operations and balanced inventory positions across major distribution channels. Sector context: logistics; region: south asia.,0.316,0,none,none,,train,1,template-generated synthetic scenario
SCW-0181-2,SCW-0181,2025-06-30,,social_media,Logistics,South Asia,Routine logistics updates indicate normal transit times and no unusual capacity constraints across key lanes. Sector context: logistics; region: south asia.,0.087,0,none,none,,train,1,template-generated synthetic scenario
SCW-0181-3,SCW-0181,2025-06-30,,supplier_communication,Logistics,South Asia,"Supplier update: production and shipment schedules remain on plan, with no material changes to committed delivery dates. Sector context: logistics; region: south asia.",0.348,0,none,none,,train,1,template-generated synthetic scenario
SCW-0181-4,SCW-0181,2025-06-30,,financial_report,Logistics,South Asia,Management reported stable operations and no material supply interruptions during the current reporting period. Sector context: logistics; region: south asia.,0.166,0,none,none,,train,1,template-generated synthetic scenario
SCW-0182-1,SCW-0182,2025-07-01,,news,Retail,East Asia,Manufacturers reported routine operations and balanced inventory positions across major distribution channels. Sector context: retail; region: east asia.,0.15,0,none,none,,train,1,template-generated synthetic scenario
SCW-0182-2,SCW-0182,2025-07-01,,social_media,Retail,East Asia,Procurement discussions show typical lead times and stable availability for most monitored inputs. Sector context: retail; region: east asia.,0.22,0,none,none,,train,1,template-generated synthetic scenario
SCW-0182-3,SCW-0182,2025-07-01,,supplier_communication,Retail,East Asia,"Supplier update: production and shipment schedules remain on plan, with no material changes to committed delivery dates. Sector context: retail; region: east asia.",0.412,0,none,none,,train,1,template-generated synthetic scenario
SCW-0182-4,SCW-0182,2025-07-01,,financial_report,Retail,East Asia,Risk commentary indicates standard operating conditions with no significant new supply constraints. Sector context: retail; region: east asia.,0.138,0,none,none,,train,1,template-generated synthetic scenario
SCW-0183-1,SCW-0183,2025-07-02,,news,Pharmaceuticals,North America,Manufacturers reported routine operations and balanced inventory positions across major distribution channels. Sector context: pharmaceuticals; region: north america.,0.2,0,none,none,,train,1,template-generated synthetic scenario
SCW-0183-2,SCW-0183,2025-07-02,,social_media,Pharmaceuticals,North America,Procurement discussions show typical lead times and stable availability for most monitored inputs. Sector context: pharmaceuticals; region: north america.,0.106,0,none,none,,train,1,template-generated synthetic scenario
SCW-0183-3,SCW-0183,2025-07-02,,supplier_communication,Pharmaceuticals,North America,Vendor communication confirms normal operating capacity and standard lead times for current purchase orders. Sector context: pharmaceuticals; region: north america.,0.218,0,none,none,,train,1,template-generated synthetic scenario
SCW-0183-4,SCW-0183,2025-07-02,,financial_report,Pharmaceuticals,North America,Management reported stable operations and no material supply interruptions during the current reporting period. Sector context: pharmaceuticals; region: north america.,0.232,0,none,none,,train,1,template-generated synthetic scenario
SCW-0184-1,SCW-0184,2025-07-03,,news,Industrial Manufacturing,Europe,"Industry output remained broadly stable this week, with normal freight flows and no material production interruptions reported. Sector context: industrial manufacturing; region: europe.",0.172,0,none,none,,train,1,template-generated synthetic scenario
SCW-0184-2,SCW-0184,2025-07-03,,social_media,Industrial Manufacturing,Europe,Routine logistics updates indicate normal transit times and no unusual capacity constraints across key lanes. Sector context: industrial manufacturing; region: europe.,0.218,0,none,none,,train,1,template-generated synthetic scenario
SCW-0184-3,SCW-0184,2025-07-03,,supplier_communication,Industrial Manufacturing,Europe,Vendor communication confirms normal operating capacity and standard lead times for current purchase orders. Sector context: industrial manufacturing; region: europe.,0.102,0,none,none,,train,1,template-generated synthetic scenario
SCW-0184-4,SCW-0184,2025-07-03,,financial_report,Industrial Manufacturing,Europe,Risk commentary indicates standard operating conditions with no significant new supply constraints. Sector context: industrial manufacturing; region: europe.,0.277,0,none,none,,train,1,template-generated synthetic scenario
SCW-0185-1,SCW-0185,2025-07-04,,news,Apparel,East Asia,Manufacturers reported routine operations and balanced inventory positions across major distribution channels. Sector context: apparel; region: east asia.,0.224,0,none,none,,train,1,template-generated synthetic scenario
SCW-0185-2,SCW-0185,2025-07-04,,social_media,Apparel,East Asia,Routine logistics updates indicate normal transit times and no unusual capacity constraints across key lanes. Sector context: apparel; region: east asia.,0.289,0,none,none,,train,1,template-generated synthetic scenario
SCW-0185-3,SCW-0185,2025-07-04,,supplier_communication,Apparel,East Asia,"Supplier update: production and shipment schedules remain on plan, with no material changes to committed delivery dates. Sector context: apparel; region: east asia.",0.203,0,none,none,,train,1,template-generated synthetic scenario
SCW-0185-4,SCW-0185,2025-07-04,,financial_report,Apparel,East Asia,Management reported stable operations and no material supply interruptions during the current reporting period. Sector context: apparel; region: east asia.,0.24,0,none,none,,train,1,template-generated synthetic scenario
SCW-0186-1,SCW-0186,2025-07-05,,news,Logistics,Europe,"Industry output remained broadly stable this week, with normal freight flows and no material production interruptions reported. Sector context: logistics; region: europe.",0.263,0,none,none,,train,1,template-generated synthetic scenario
SCW-0186-2,SCW-0186,2025-07-05,,social_media,Logistics,Europe,Procurement discussions show typical lead times and stable availability for most monitored inputs. Sector context: logistics; region: europe.,0.02,0,none,none,,train,1,template-generated synthetic scenario
SCW-0186-3,SCW-0186,2025-07-05,,supplier_communication,Logistics,Europe,Vendor communication confirms normal operating capacity and standard lead times for current purchase orders. Sector context: logistics; region: europe.,0.192,0,none,none,,train,1,template-generated synthetic scenario
SCW-0186-4,SCW-0186,2025-07-05,,financial_report,Logistics,Europe,Risk commentary indicates standard operating conditions with no significant new supply constraints. Sector context: logistics; region: europe.,0.376,0,none,none,,train,1,template-generated synthetic scenario
SCW-0187-1,SCW-0187,2025-07-06,,news,Consumer Electronics,North America,Manufacturers reported routine operations and balanced inventory positions across major distribution channels. Sector context: consumer electronics; region: north america.,0.093,0,none,none,,train,1,template-generated synthetic scenario
SCW-0187-2,SCW-0187,2025-07-06,,social_media,Consumer Electronics,North America,Procurement discussions show typical lead times and stable availability for most monitored inputs. Sector context: consumer electronics; region: north america.,0.32,0,none,none,,train,1,template-generated synthetic scenario
SCW-0187-3,SCW-0187,2025-07-06,,supplier_communication,Consumer Electronics,North America,Vendor communication confirms normal operating capacity and standard lead times for current purchase orders. Sector context: consumer electronics; region: north america.,0.067,0,none,none,,train,1,template-generated synthetic scenario
SCW-0187-4,SCW-0187,2025-07-06,,financial_report,Consumer Electronics,North America,Management reported stable operations and no material supply interruptions during the current reporting period. Sector context: consumer electronics; region: north america.,0.217,0,none,none,,train,1,template-generated synthetic scenario
SCW-0188-1,SCW-0188,2025-07-07,2025-07-14,news,Food & Beverage,South Asia,"A manufacturer announced a quality investigation involving a critical component, with shipments temporarily paused. Sector context: food & beverage; region: south asia.",0.695,1,quality_recall,medium,7,train,1,template-generated synthetic scenario
SCW-0188-2,SCW-0188,2025-07-07,2025-07-14,social_media,Food & Beverage,South Asia,Customers and distributors are reporting elevated defect concerns and temporary product withdrawals. Sector context: food & beverage; region: south asia.,0.667,1,quality_recall,medium,7,train,1,template-generated synthetic scenario
SCW-0188-3,SCW-0188,2025-07-07,2025-07-14,supplier_communication,Food & Beverage,South Asia,Vendor advisory requests temporary quarantine of affected material and warns of possible replenishment delays. Sector context: food & beverage; region: south asia.,0.668,1,quality_recall,medium,7,train,1,template-generated synthetic scenario
SCW-0188-4,SCW-0188,2025-07-07,2025-07-14,financial_report,Food & Beverage,South Asia,Risk commentary notes potential supply constraints associated with quality remediation and replacement production. Sector context: food & beverage; region: south asia.,0.604,1,quality_recall,medium,7,train,1,template-generated synthetic scenario
SCW-0189-1,SCW-0189,2025-07-08,,news,Retail,North America,"Industry output remained broadly stable this week, with normal freight flows and no material production interruptions reported. Sector context: retail; region: north america.",0.264,0,none,none,,train,1,template-generated synthetic scenario
SCW-0189-2,SCW-0189,2025-07-08,,social_media,Retail,North America,Procurement discussions show typical lead times and stable availability for most monitored inputs. Sector context: retail; region: north america.,0.31,0,none,none,,train,1,template-generated synthetic scenario
SCW-0189-3,SCW-0189,2025-07-08,,supplier_communication,Retail,North America,"Supplier update: production and shipment schedules remain on plan, with no material changes to committed delivery dates. Sector context: retail; region: north america.",0.227,0,none,none,,train,1,template-generated synthetic scenario
SCW-0189-4,SCW-0189,2025-07-08,,financial_report,Retail,North America,Risk commentary indicates standard operating conditions with no significant new supply constraints. Sector context: retail; region: north america.,0.357,0,none,none,,train,1,template-generated synthetic scenario
SCW-0190-1,SCW-0190,2025-07-09,,news,Energy,Europe,Manufacturers reported routine operations and balanced inventory positions across major distribution channels. Sector context: energy; region: europe.,0.264,0,none,none,,train,1,template-generated synthetic scenario
SCW-0190-2,SCW-0190,2025-07-09,,social_media,Energy,Europe,Procurement discussions show typical lead times and stable availability for most monitored inputs. Sector context: energy; region: europe.,0.145,0,none,none,,train,1,template-generated synthetic scenario
SCW-0190-3,SCW-0190,2025-07-09,,supplier_communication,Energy,Europe,Vendor communication confirms normal operating capacity and standard lead times for current purchase orders. Sector context: energy; region: europe.,0.181,0,none,none,,train,1,template-generated synthetic scenario
SCW-0190-4,SCW-0190,2025-07-09,,financial_report,Energy,Europe,Risk commentary indicates standard operating conditions with no significant new supply constraints. Sector context: energy; region: europe.,0.272,0,none,none,,train,1,template-generated synthetic scenario
SCW-0191-1,SCW-0191,2025-07-10,2025-07-22,news,Automotive,Latin America,Industry sources report a product recall that could constrain availability while replacement inventory is produced. Sector context: automotive; region: latin america.,0.811,1,quality_recall,high,12,train,1,template-generated synthetic scenario
SCW-0191-2,SCW-0191,2025-07-10,2025-07-22,social_media,Automotive,Latin America,Customers and distributors are reporting elevated defect concerns and temporary product withdrawals. Sector context: automotive; region: latin america.,0.934,1,quality_recall,high,12,train,1,template-generated synthetic scenario
SCW-0191-3,SCW-0191,2025-07-10,2025-07-22,supplier_communication,Automotive,Latin America,Vendor advisory requests temporary quarantine of affected material and warns of possible replenishment delays. Sector context: automotive; region: latin america.,0.893,1,quality_recall,high,12,train,1,template-generated synthetic scenario
SCW-0191-4,SCW-0191,2025-07-10,2025-07-22,financial_report,Automotive,Latin America,Risk commentary notes potential supply constraints associated with quality remediation and replacement production. Sector context: automotive; region: latin america.,0.881,1,quality_recall,high,12,train,1,template-generated synthetic scenario
SCW-0192-1,SCW-0192,2025-07-11,,news,Automotive,Middle East,Manufacturers reported routine operations and balanced inventory positions across major distribution channels. Sector context: automotive; region: middle east.,0.141,0,none,none,,train,1,template-generated synthetic scenario
SCW-0192-2,SCW-0192,2025-07-11,,social_media,Automotive,Middle East,Procurement discussions show typical lead times and stable availability for most monitored inputs. Sector context: automotive; region: middle east.,0.228,0,none,none,,train,1,template-generated synthetic scenario
SCW-0192-3,SCW-0192,2025-07-11,,supplier_communication,Automotive,Middle East,"Supplier update: production and shipment schedules remain on plan, with no material changes to committed delivery dates. Sector context: automotive; region: middle east.",0.301,0,none,none,,train,1,template-generated synthetic scenario
SCW-0192-4,SCW-0192,2025-07-11,,financial_report,Automotive,Middle East,Management reported stable operations and no material supply interruptions during the current reporting period. Sector context: automotive; region: middle east.,0.23,0,none,none,,train,1,template-generated synthetic scenario
SCW-0193-1,SCW-0193,2025-07-12,2025-07-19,news,Consumer Electronics,Southeast Asia,Unexpected demand acceleration is creating shortages across several product categories and stretching upstream capacity. Sector context: consumer electronics; region: southeast asia.,0.726,1,demand_shock,medium,7,train,1,template-generated synthetic scenario
SCW-0193-2,SCW-0193,2025-07-12,2025-07-19,social_media,Consumer Electronics,Southeast Asia,Procurement discussions indicate spot shortages and supplier allocation following an abrupt demand surge. Sector context: consumer electronics; region: southeast asia.,0.822,1,demand_shock,medium,7,train,1,template-generated synthetic scenario
SCW-0193-3,SCW-0193,2025-07-12,2025-07-19,supplier_communication,Consumer Electronics,Southeast Asia,Supplier update: order intake has materially exceeded forecast and allocation may be required for selected components. Sector context: consumer electronics; region: southeast asia.,0.68,1,demand_shock,medium,7,train,1,template-generated synthetic scenario
SCW-0193-4,SCW-0193,2025-07-12,2025-07-19,financial_report,Consumer Electronics,Southeast Asia,Financial commentary cites capacity pressure from unexpectedly strong demand and constrained upstream supply. Sector context: consumer electronics; region: southeast asia.,0.703,1,demand_shock,medium,7,train,1,template-generated synthetic scenario
SCW-0194-1,SCW-0194,2025-07-13,,news,Aerospace,East Asia,Manufacturers reported routine operations and balanced inventory positions across major distribution channels. Sector context: aerospace; region: east asia.,0.127,0,none,none,,train,1,template-generated synthetic scenario
SCW-0194-2,SCW-0194,2025-07-13,,social_media,Aerospace,East Asia,Routine logistics updates indicate normal transit times and no unusual capacity constraints across key lanes. Sector context: aerospace; region: east asia.,0.252,0,none,none,,train,1,template-generated synthetic scenario
SCW-0194-3,SCW-0194,2025-07-13,,supplier_communication,Aerospace,East Asia,Vendor communication confirms normal operating capacity and standard lead times for current purchase orders. Sector context: aerospace; region: east asia.,0.151,0,none,none,,train,1,template-generated synthetic scenario
SCW-0194-4,SCW-0194,2025-07-13,,financial_report,Aerospace,East Asia,Management reported stable operations and no material supply interruptions during the current reporting period. Sector context: aerospace; region: east asia.,0.266,0,none,none,,train,1,template-generated synthetic scenario
SCW-0195-1,SCW-0195,2025-07-14,,news,Industrial Manufacturing,East Asia,"Industry output remained broadly stable this week, with normal freight flows and no material production interruptions reported. Sector context: industrial manufacturing; region: east asia.",0.276,0,none,none,,train,1,template-generated synthetic scenario
SCW-0195-2,SCW-0195,2025-07-14,,social_media,Industrial Manufacturing,East Asia,Routine logistics updates indicate normal transit times and no unusual capacity constraints across key lanes. Sector context: industrial manufacturing; region: east asia.,0.136,0,none,none,,train,1,template-generated synthetic scenario
SCW-0195-3,SCW-0195,2025-07-14,,supplier_communication,Industrial Manufacturing,East Asia,Vendor communication confirms normal operating capacity and standard lead times for current purchase orders. Sector context: industrial manufacturing; region: east asia.,0.185,0,none,none,,train,1,template-generated synthetic scenario
SCW-0195-4,SCW-0195,2025-07-14,,financial_report,Industrial Manufacturing,East Asia,Risk commentary indicates standard operating conditions with no significant new supply constraints. Sector context: industrial manufacturing; region: east asia.,0.107,0,none,none,,train,1,template-generated synthetic scenario
SCW-0196-1,SCW-0196,2025-07-15,,news,Industrial Manufacturing,North America,Manufacturers reported routine operations and balanced inventory positions across major distribution channels. Sector context: industrial manufacturing; region: north america.,0.16,0,none,none,,train,1,template-generated synthetic scenario
SCW-0196-2,SCW-0196,2025-07-15,,social_media,Industrial Manufacturing,North America,Routine logistics updates indicate normal transit times and no unusual capacity constraints across key lanes. Sector context: industrial manufacturing; region: north america.,0.124,0,none,none,,train,1,template-generated synthetic scenario
SCW-0196-3,SCW-0196,2025-07-15,,supplier_communication,Industrial Manufacturing,North America,Vendor communication confirms normal operating capacity and standard lead times for current purchase orders. Sector context: industrial manufacturing; region: north america.,0.303,0,none,none,,train,1,template-generated synthetic scenario
SCW-0196-4,SCW-0196,2025-07-15,,financial_report,Industrial Manufacturing,North America,Risk commentary indicates standard operating conditions with no significant new supply constraints. Sector context: industrial manufacturing; region: north america.,0.19,0,none,none,,train,1,template-generated synthetic scenario
SCW-0197-1,SCW-0197,2025-07-16,,news,Apparel,Latin America,Manufacturers reported routine operations and balanced inventory positions across major distribution channels. Sector context: apparel; region: latin america.,0.316,0,none,none,,train,1,template-generated synthetic scenario
SCW-0197-2,SCW-0197,2025-07-16,,social_media,Apparel,Latin America,Procurement discussions show typical lead times and stable availability for most monitored inputs. Sector context: apparel; region: latin america.,0.225,0,none,none,,train,1,template-generated synthetic scenario
SCW-0197-3,SCW-0197,2025-07-16,,supplier_communication,Apparel,Latin America,Vendor communication confirms normal operating capacity and standard lead times for current purchase orders. Sector context: apparel; region: latin america.,0.337,0,none,none,,train,1,template-generated synthetic scenario
SCW-0197-4,SCW-0197,2025-07-16,,financial_report,Apparel,Latin America,Risk commentary indicates standard operating conditions with no significant new supply constraints. Sector context: apparel; region: latin america.,0.198,0,none,none,,train,1,template-generated synthetic scenario
SCW-0198-1,SCW-0198,2025-07-17,,news,Retail,Latin America,"Industry output remained broadly stable this week, with normal freight flows and no material production interruptions reported. Sector context: retail; region: latin america.",0.051,0,none,none,,train,1,template-generated synthetic scenario
SCW-0198-2,SCW-0198,2025-07-17,,social_media,Retail,Latin America,Procurement discussions show typical lead times and stable availability for most monitored inputs. Sector context: retail; region: latin america.,0.337,0,none,none,,train,1,template-generated synthetic scenario
SCW-0198-3,SCW-0198,2025-07-17,,supplier_communication,Retail,Latin America,Vendor communication confirms normal operating capacity and standard lead times for current purchase orders. Sector context: retail; region: latin america.,0.361,0,none,none,,train,1,template-generated synthetic scenario
SCW-0198-4,SCW-0198,2025-07-17,,financial_report,Retail,Latin America,Management reported stable operations and no material supply interruptions during the current reporting period. Sector context: retail; region: latin america.,0.161,0,none,none,,train,1,template-generated synthetic scenario
SCW-0199-1,SCW-0199,2025-07-18,,news,Apparel,East Asia,Manufacturers reported routine operations and balanced inventory positions across major distribution channels. Sector context: apparel; region: east asia.,0.333,0,none,none,,train,1,template-generated synthetic scenario
SCW-0199-2,SCW-0199,2025-07-18,,social_media,Apparel,East Asia,Procurement discussions show typical lead times and stable availability for most monitored inputs. Sector context: apparel; region: east asia.,0.073,0,none,none,,train,1,template-generated synthetic scenario
SCW-0199-3,SCW-0199,2025-07-18,,supplier_communication,Apparel,East Asia,"Supplier update: production and shipment schedules remain on plan, with no material changes to committed delivery dates. Sector context: apparel; region: east asia.",0.067,0,none,none,,train,1,template-generated synthetic scenario
SCW-0199-4,SCW-0199,2025-07-18,,financial_report,Apparel,East Asia,Management reported stable operations and no material supply interruptions during the current reporting period. Sector context: apparel; region: east asia.,0.412,0,none,none,,train,1,template-generated synthetic scenario
SCW-0200-1,SCW-0200,2025-07-19,,news,Medical Devices,Middle East,Manufacturers reported routine operations and balanced inventory positions across major distribution channels. Sector context: medical devices; region: middle east.,0.247,0,none,none,,train,1,template-generated synthetic scenario
SCW-0200-2,SCW-0200,2025-07-19,,social_media,Medical Devices,Middle East,Procurement discussions show typical lead times and stable availability for most monitored inputs. Sector context: medical devices; region: middle east.,0.151,0,none,none,,train,1,template-generated synthetic scenario
SCW-0200-3,SCW-0200,2025-07-19,,supplier_communication,Medical Devices,Middle East,Vendor communication confirms normal operating capacity and standard lead times for current purchase orders. Sector context: medical devices; region: middle east.,0.42,0,none,none,,train,1,template-generated synthetic scenario
SCW-0200-4,SCW-0200,2025-07-19,,financial_report,Medical Devices,Middle East,Management reported stable operations and no material supply interruptions during the current reporting period. Sector context: medical devices; region: middle east.,0.213,0,none,none,,train,1,template-generated synthetic scenario
SCW-0201-1,SCW-0201,2025-07-20,,news,Aerospace,Global,"Industry output remained broadly stable this week, with normal freight flows and no material production interruptions reported. Sector context: aerospace; region: global.",0.091,0,none,none,,train,1,template-generated synthetic scenario
SCW-0201-2,SCW-0201,2025-07-20,,social_media,Aerospace,Global,Routine logistics updates indicate normal transit times and no unusual capacity constraints across key lanes. Sector context: aerospace; region: global.,0.178,0,none,none,,train,1,template-generated synthetic scenario
SCW-0201-3,SCW-0201,2025-07-20,,supplier_communication,Aerospace,Global,Vendor communication confirms normal operating capacity and standard lead times for current purchase orders. Sector context: aerospace; region: global.,0.029,0,none,none,,train,1,template-generated synthetic scenario
SCW-0201-4,SCW-0201,2025-07-20,,financial_report,Aerospace,Global,Management reported stable operations and no material supply interruptions during the current reporting period. Sector context: aerospace; region: global.,0.294,0,none,none,,train,1,template-generated synthetic scenario
SCW-0202-1,SCW-0202,2025-07-21,,news,Logistics,North America,"Industry output remained broadly stable this week, with normal freight flows and no material production interruptions reported. Sector context: logistics; region: north america.",0.191,0,none,none,,train,1,template-generated synthetic scenario
SCW-0202-2,SCW-0202,2025-07-21,,social_media,Logistics,North America,Procurement discussions show typical lead times and stable availability for most monitored inputs. Sector context: logistics; region: north america.,0.363,0,none,none,,train,1,template-generated synthetic scenario
SCW-0202-3,SCW-0202,2025-07-21,,supplier_communication,Logistics,North America,Vendor communication confirms normal operating capacity and standard lead times for current purchase orders. Sector context: logistics; region: north america.,0.26,0,none,none,,train,1,template-generated synthetic scenario
SCW-0202-4,SCW-0202,2025-07-21,,financial_report,Logistics,North America,Management reported stable operations and no material supply interruptions during the current reporting period. Sector context: logistics; region: north america.,0.203,0,none,none,,train,1,template-generated synthetic scenario
SCW-0203-1,SCW-0203,2025-07-22,2025-08-03,news,Automotive,Europe,Authorities announced revised export-control requirements that may delay cross-border shipments during the transition period. Sector context: automotive; region: europe.,0.685,1,regulatory_policy,medium,12,train,1,template-generated synthetic scenario
SCW-0203-2,SCW-0203,2025-07-22,2025-08-03,social_media,Automotive,Europe,Industry participants report uncertainty about implementation of updated environmental compliance requirements across several ports. Sector context: automotive; region: europe.,0.618,1,regulatory_policy,medium,12,train,1,template-generated synthetic scenario
SCW-0203-3,SCW-0203,2025-07-22,2025-08-03,supplier_communication,Automotive,Europe,Supplier notice: updated export-control requirements may affect export documentation and lead times for upcoming orders. Sector context: automotive; region: europe.,0.706,1,regulatory_policy,medium,12,train,1,template-generated synthetic scenario
SCW-0203-4,SCW-0203,2025-07-22,2025-08-03,financial_report,Automotive,Europe,Management disclosed potential exposure to new trade documentation regulations that could increase compliance costs and sourcing lead times. Sector context: automotive; region: europe.,0.691,1,regulatory_policy,medium,12,train,1,template-generated synthetic scenario
SCW-0204-1,SCW-0204,2025-07-23,,news,Logistics,Latin America,Manufacturers reported routine operations and balanced inventory positions across major distribution channels. Sector context: logistics; region: latin america.,0.235,0,none,none,,train,1,template-generated synthetic scenario
SCW-0204-2,SCW-0204,2025-07-23,,social_media,Logistics,Latin America,Procurement discussions show typical lead times and stable availability for most monitored inputs. Sector context: logistics; region: latin america.,0.257,0,none,none,,train,1,template-generated synthetic scenario
SCW-0204-3,SCW-0204,2025-07-23,,supplier_communication,Logistics,Latin America,Vendor communication confirms normal operating capacity and standard lead times for current purchase orders. Sector context: logistics; region: latin america.,0.179,0,none,none,,train,1,template-generated synthetic scenario
SCW-0204-4,SCW-0204,2025-07-23,,financial_report,Logistics,Latin America,Management reported stable operations and no material supply interruptions during the current reporting period. Sector context: logistics; region: latin america.,0.116,0,none,none,,train,1,template-generated synthetic scenario
SCW-0205-1,SCW-0205,2025-07-24,,news,Semiconductors,East Asia,"Industry output remained broadly stable this week, with normal freight flows and no material production interruptions reported. Sector context: semiconductors; region: east asia.",0.134,0,none,none,,train,1,template-generated synthetic scenario
SCW-0205-2,SCW-0205,2025-07-24,,social_media,Semiconductors,East Asia,Routine logistics updates indicate normal transit times and no unusual capacity constraints across key lanes. Sector context: semiconductors; region: east asia.,0.112,0,none,none,,train,1,template-generated synthetic scenario
SCW-0205-3,SCW-0205,2025-07-24,,supplier_communication,Semiconductors,East Asia,"Supplier update: production and shipment schedules remain on plan, with no material changes to committed delivery dates. Sector context: semiconductors; region: east asia.",0.313,0,none,none,,train,1,template-generated synthetic scenario
SCW-0205-4,SCW-0205,2025-07-24,,financial_report,Semiconductors,East Asia,Management reported stable operations and no material supply interruptions during the current reporting period. Sector context: semiconductors; region: east asia.,0.193,0,none,none,,train,1,template-generated synthetic scenario
SCW-0206-1,SCW-0206,2025-07-25,,news,Aerospace,Latin America,"Industry output remained broadly stable this week, with normal freight flows and no material production interruptions reported. Sector context: aerospace; region: latin america.",0.141,0,none,none,,train,1,template-generated synthetic scenario
SCW-0206-2,SCW-0206,2025-07-25,,social_media,Aerospace,Latin America,Procurement discussions show typical lead times and stable availability for most monitored inputs. Sector context: aerospace; region: latin america.,0.02,0,none,none,,train,1,template-generated synthetic scenario
SCW-0206-3,SCW-0206,2025-07-25,,supplier_communication,Aerospace,Latin America,"Supplier update: production and shipment schedules remain on plan, with no material changes to committed delivery dates. Sector context: aerospace; region: latin america.",0.195,0,none,none,,train,1,template-generated synthetic scenario
SCW-0206-4,SCW-0206,2025-07-25,,financial_report,Aerospace,Latin America,Risk commentary indicates standard operating conditions with no significant new supply constraints. Sector context: aerospace; region: latin america.,0.305,0,none,none,,train,1,template-generated synthetic scenario
SCW-0207-1,SCW-0207,2025-07-26,,news,Consumer Electronics,North America,Manufacturers reported routine operations and balanced inventory positions across major distribution channels. Sector context: consumer electronics; region: north america.,0.263,0,none,none,,train,1,template-generated synthetic scenario
SCW-0207-2,SCW-0207,2025-07-26,,social_media,Consumer Electronics,North America,Procurement discussions show typical lead times and stable availability for most monitored inputs. Sector context: consumer electronics; region: north america.,0.22,0,none,none,,train,1,template-generated synthetic scenario
SCW-0207-3,SCW-0207,2025-07-26,,supplier_communication,Consumer Electronics,North America,Vendor communication confirms normal operating capacity and standard lead times for current purchase orders. Sector context: consumer electronics; region: north america.,0.239,0,none,none,,train,1,template-generated synthetic scenario
SCW-0207-4,SCW-0207,2025-07-26,,financial_report,Consumer Electronics,North America,Management reported stable operations and no material supply interruptions during the current reporting period. Sector context: consumer electronics; region: north america.,0.155,0,none,none,,train,1,template-generated synthetic scenario
SCW-0208-1,SCW-0208,2025-07-27,,news,Pharmaceuticals,Southeast Asia,"Industry output remained broadly stable this week, with normal freight flows and no material production interruptions reported. Sector context: pharmaceuticals; region: southeast asia.",0.093,0,none,none,,train,1,template-generated synthetic scenario
SCW-0208-2,SCW-0208,2025-07-27,,social_media,Pharmaceuticals,Southeast Asia,Routine logistics updates indicate normal transit times and no unusual capacity constraints across key lanes. Sector context: pharmaceuticals; region: southeast asia.,0.306,0,none,none,,train,1,template-generated synthetic scenario
SCW-0208-3,SCW-0208,2025-07-27,,supplier_communication,Pharmaceuticals,Southeast Asia,"Supplier update: production and shipment schedules remain on plan, with no material changes to committed delivery dates. Sector context: pharmaceuticals; region: southeast asia.",0.058,0,none,none,,train,1,template-generated synthetic scenario
SCW-0208-4,SCW-0208,2025-07-27,,financial_report,Pharmaceuticals,Southeast Asia,Management reported stable operations and no material supply interruptions during the current reporting period. Sector context: pharmaceuticals; region: southeast asia.,0.056,0,none,none,,train,1,template-generated synthetic scenario
SCW-0209-1,SCW-0209,2025-07-28,,news,Industrial Manufacturing,East Asia,Manufacturers reported routine operations and balanced inventory positions across major distribution channels. Sector context: industrial manufacturing; region: east asia.,0.277,0,none,none,,train,1,template-generated synthetic scenario
SCW-0209-2,SCW-0209,2025-07-28,,social_media,Industrial Manufacturing,East Asia,Routine logistics updates indicate normal transit times and no unusual capacity constraints across key lanes. Sector context: industrial manufacturing; region: east asia.,0.273,0,none,none,,train,1,template-generated synthetic scenario
SCW-0209-3,SCW-0209,2025-07-28,,supplier_communication,Industrial Manufacturing,East Asia,"Supplier update: production and shipment schedules remain on plan, with no material changes to committed delivery dates. Sector context: industrial manufacturing; region: east asia.",0.064,0,none,none,,train,1,template-generated synthetic scenario
SCW-0209-4,SCW-0209,2025-07-28,,financial_report,Industrial Manufacturing,East Asia,Risk commentary indicates standard operating conditions with no significant new supply constraints. Sector context: industrial manufacturing; region: east asia.,0.214,0,none,none,,train,1,template-generated synthetic scenario
SCW-0210-1,SCW-0210,2025-07-29,,news,Energy,North America,"Industry output remained broadly stable this week, with normal freight flows and no material production interruptions reported. Sector context: energy; region: north america.",0.157,0,none,none,,train,1,template-generated synthetic scenario
SCW-0210-2,SCW-0210,2025-07-29,,social_media,Energy,North America,Procurement discussions show typical lead times and stable availability for most monitored inputs. Sector context: energy; region: north america.,0.356,0,none,none,,train,1,template-generated synthetic scenario
SCW-0210-3,SCW-0210,2025-07-29,,supplier_communication,Energy,North America,Vendor communication confirms normal operating capacity and standard lead times for current purchase orders. Sector context: energy; region: north america.,0.073,0,none,none,,train,1,template-generated synthetic scenario
SCW-0210-4,SCW-0210,2025-07-29,,financial_report,Energy,North America,Risk commentary indicates standard operating conditions with no significant new supply constraints. Sector context: energy; region: north america.,0.303,0,none,none,,train,1,template-generated synthetic scenario
SCW-0211-1,SCW-0211,2025-07-30,2025-08-09,news,Medical Devices,Southeast Asia,Industry reports indicate a major supplier has initiated restructuring while customers assess continuity risks. Sector context: medical devices; region: southeast asia.,0.798,1,supplier_failure,high,10,train,1,template-generated synthetic scenario
SCW-0211-2,SCW-0211,2025-07-30,2025-08-09,social_media,Medical Devices,Southeast Asia,"Channel checks suggest recurring shipment delays from a component supplier, with buyers searching for alternate sources. Sector context: medical devices; region: southeast asia.",0.879,1,supplier_failure,high,10,train,1,template-generated synthetic scenario
SCW-0211-3,SCW-0211,2025-07-30,2025-08-09,supplier_communication,Medical Devices,Southeast Asia,Vendor communication states that production throughput has declined and allocation controls may be introduced. Sector context: medical devices; region: southeast asia.,0.85,1,supplier_failure,high,10,train,1,template-generated synthetic scenario
SCW-0211-4,SCW-0211,2025-07-30,2025-08-09,financial_report,Medical Devices,Southeast Asia,Financial commentary identifies liquidity and capacity constraints that could affect fulfillment of customer orders. Sector context: medical devices; region: southeast asia.,0.618,1,supplier_failure,high,10,train,1,template-generated synthetic scenario
SCW-0212-1,SCW-0212,2025-07-31,,news,Aerospace,Middle East,"Industry output remained broadly stable this week, with normal freight flows and no material production interruptions reported. Sector context: aerospace; region: middle east.",0.161,0,none,none,,train,1,template-generated synthetic scenario
SCW-0212-2,SCW-0212,2025-07-31,,social_media,Aerospace,Middle East,Routine logistics updates indicate normal transit times and no unusual capacity constraints across key lanes. Sector context: aerospace; region: middle east.,0.284,0,none,none,,train,1,template-generated synthetic scenario
SCW-0212-3,SCW-0212,2025-07-31,,supplier_communication,Aerospace,Middle East,Vendor communication confirms normal operating capacity and standard lead times for current purchase orders. Sector context: aerospace; region: middle east.,0.299,0,none,none,,train,1,template-generated synthetic scenario
SCW-0212-4,SCW-0212,2025-07-31,,financial_report,Aerospace,Middle East,Risk commentary indicates standard operating conditions with no significant new supply constraints. Sector context: aerospace; region: middle east.,0.194,0,none,none,,train,1,template-generated synthetic scenario
SCW-0213-1,SCW-0213,2025-08-01,,news,Retail,Latin America,Manufacturers reported routine operations and balanced inventory positions across major distribution channels. Sector context: retail; region: latin america.,0.208,0,none,none,,train,1,template-generated synthetic scenario
SCW-0213-2,SCW-0213,2025-08-01,,social_media,Retail,Latin America,Procurement discussions show typical lead times and stable availability for most monitored inputs. Sector context: retail; region: latin america.,0.133,0,none,none,,train,1,template-generated synthetic scenario
SCW-0213-3,SCW-0213,2025-08-01,,supplier_communication,Retail,Latin America,"Supplier update: production and shipment schedules remain on plan, with no material changes to committed delivery dates. Sector context: retail; region: latin america.",0.279,0,none,none,,train,1,template-generated synthetic scenario
SCW-0213-4,SCW-0213,2025-08-01,,financial_report,Retail,Latin America,Risk commentary indicates standard operating conditions with no significant new supply constraints. Sector context: retail; region: latin america.,0.258,0,none,none,,train,1,template-generated synthetic scenario
SCW-0214-1,SCW-0214,2025-08-02,2025-08-03,news,Food & Beverage,Global,Industry reports indicate a major supplier has initiated restructuring while customers assess continuity risks. Sector context: food & beverage; region: global.,0.895,1,supplier_failure,high,1,train,1,template-generated synthetic scenario
SCW-0214-2,SCW-0214,2025-08-02,2025-08-03,social_media,Food & Beverage,Global,Multiple procurement discussions mention missed commitments and reduced availability from a shared upstream supplier. Sector context: food & beverage; region: global.,0.865,1,supplier_failure,high,1,train,1,template-generated synthetic scenario
SCW-0214-3,SCW-0214,2025-08-02,2025-08-03,supplier_communication,Food & Beverage,Global,Supplier advisory: capacity is temporarily constrained and certain purchase orders may be delayed beyond contractual dates. Sector context: food & beverage; region: global.,0.878,1,supplier_failure,high,1,train,1,template-generated synthetic scenario
SCW-0214-4,SCW-0214,2025-08-02,2025-08-03,financial_report,Food & Beverage,Global,Financial commentary identifies liquidity and capacity constraints that could affect fulfillment of customer orders. Sector context: food & beverage; region: global.,0.709,1,supplier_failure,high,1,train,1,template-generated synthetic scenario
SCW-0215-1,SCW-0215,2025-08-03,,news,Retail,Global,Manufacturers reported routine operations and balanced inventory positions across major distribution channels. Sector context: retail; region: global.,0.113,0,none,none,,train,1,template-generated synthetic scenario
SCW-0215-2,SCW-0215,2025-08-03,,social_media,Retail,Global,Procurement discussions show typical lead times and stable availability for most monitored inputs. Sector context: retail; region: global.,0.061,0,none,none,,train,1,template-generated synthetic scenario
SCW-0215-3,SCW-0215,2025-08-03,,supplier_communication,Retail,Global,"Supplier update: production and shipment schedules remain on plan, with no material changes to committed delivery dates. Sector context: retail; region: global.",0.201,0,none,none,,train,1,template-generated synthetic scenario
SCW-0215-4,SCW-0215,2025-08-03,,financial_report,Retail,Global,Risk commentary indicates standard operating conditions with no significant new supply constraints. Sector context: retail; region: global.,0.229,0,none,none,,train,1,template-generated synthetic scenario
SCW-0216-1,SCW-0216,2025-08-04,,news,Energy,Europe,Manufacturers reported routine operations and balanced inventory positions across major distribution channels. Sector context: energy; region: europe.,0.363,0,none,none,,train,1,template-generated synthetic scenario
SCW-0216-2,SCW-0216,2025-08-04,,social_media,Energy,Europe,Routine logistics updates indicate normal transit times and no unusual capacity constraints across key lanes. Sector context: energy; region: europe.,0.285,0,none,none,,train,1,template-generated synthetic scenario
SCW-0216-3,SCW-0216,2025-08-04,,supplier_communication,Energy,Europe,"Supplier update: production and shipment schedules remain on plan, with no material changes to committed delivery dates. Sector context: energy; region: europe.",0.396,0,none,none,,train,1,template-generated synthetic scenario
SCW-0216-4,SCW-0216,2025-08-04,,financial_report,Energy,Europe,Management reported stable operations and no material supply interruptions during the current reporting period. Sector context: energy; region: europe.,0.203,0,none,none,,train,1,template-generated synthetic scenario
SCW-0217-1,SCW-0217,2025-08-05,,news,Apparel,Global,Manufacturers reported routine operations and balanced inventory positions across major distribution channels. Sector context: apparel; region: global.,0.187,0,none,none,,train,1,template-generated synthetic scenario
SCW-0217-2,SCW-0217,2025-08-05,,social_media,Apparel,Global,Procurement discussions show typical lead times and stable availability for most monitored inputs. Sector context: apparel; region: global.,0.262,0,none,none,,train,1,template-generated synthetic scenario
SCW-0217-3,SCW-0217,2025-08-05,,supplier_communication,Apparel,Global,Vendor communication confirms normal operating capacity and standard lead times for current purchase orders. Sector context: apparel; region: global.,0.09,0,none,none,,train,1,template-generated synthetic scenario
SCW-0217-4,SCW-0217,2025-08-05,,financial_report,Apparel,Global,Risk commentary indicates standard operating conditions with no significant new supply constraints. Sector context: apparel; region: global.,0.02,0,none,none,,train,1,template-generated synthetic scenario
SCW-0218-1,SCW-0218,2025-08-06,,news,Pharmaceuticals,North America,Manufacturers reported routine operations and balanced inventory positions across major distribution channels. Sector context: pharmaceuticals; region: north america.,0.372,0,none,none,,train,1,template-generated synthetic scenario
SCW-0218-2,SCW-0218,2025-08-06,,social_media,Pharmaceuticals,North America,Routine logistics updates indicate normal transit times and no unusual capacity constraints across key lanes. Sector context: pharmaceuticals; region: north america.,0.179,0,none,none,,train,1,template-generated synthetic scenario
SCW-0218-3,SCW-0218,2025-08-06,,supplier_communication,Pharmaceuticals,North America,Vendor communication confirms normal operating capacity and standard lead times for current purchase orders. Sector context: pharmaceuticals; region: north america.,0.121,0,none,none,,train,1,template-generated synthetic scenario
SCW-0218-4,SCW-0218,2025-08-06,,financial_report,Pharmaceuticals,North America,Risk commentary indicates standard operating conditions with no significant new supply constraints. Sector context: pharmaceuticals; region: north america.,0.173,0,none,none,,train,1,template-generated synthetic scenario
SCW-0219-1,SCW-0219,2025-08-07,,news,Energy,Middle East,Manufacturers reported routine operations and balanced inventory positions across major distribution channels. Sector context: energy; region: middle east.,0.108,0,none,none,,train,1,template-generated synthetic scenario
SCW-0219-2,SCW-0219,2025-08-07,,social_media,Energy,Middle East,Routine logistics updates indicate normal transit times and no unusual capacity constraints across key lanes. Sector context: energy; region: middle east.,0.198,0,none,none,,train,1,template-generated synthetic scenario
SCW-0219-3,SCW-0219,2025-08-07,,supplier_communication,Energy,Middle East,"Supplier update: production and shipment schedules remain on plan, with no material changes to committed delivery dates. Sector context: energy; region: middle east.",0.02,0,none,none,,train,1,template-generated synthetic scenario
SCW-0219-4,SCW-0219,2025-08-07,,financial_report,Energy,Middle East,Risk commentary indicates standard operating conditions with no significant new supply constraints. Sector context: energy; region: middle east.,0.347,0,none,none,,train,1,template-generated synthetic scenario
SCW-0220-1,SCW-0220,2025-08-08,2025-08-22,news,Retail,Southeast Asia,"A major freight corridor is experiencing capacity constraints, with transit times rising across multiple carriers. Sector context: retail; region: southeast asia.",0.701,1,logistics_transport,medium,14,train,1,template-generated synthetic scenario
SCW-0220-2,SCW-0220,2025-08-08,2025-08-22,social_media,Retail,Southeast Asia,"Freight updates show growing queues, missed connections, and limited equipment availability at a major gateway. Sector context: retail; region: southeast asia.",0.586,1,logistics_transport,medium,14,train,1,template-generated synthetic scenario
SCW-0220-3,SCW-0220,2025-08-08,2025-08-22,supplier_communication,Retail,Southeast Asia,Logistics update: current carrier capacity constraints are expected to extend delivery lead times for upcoming shipments. Sector context: retail; region: southeast asia.,0.612,1,logistics_transport,medium,14,train,1,template-generated synthetic scenario
SCW-0220-4,SCW-0220,2025-08-08,2025-08-22,financial_report,Retail,Southeast Asia,Management noted elevated freight costs and transportation bottlenecks that may affect service levels and inventory availability. Sector context: retail; region: southeast asia.,0.764,1,logistics_transport,medium,14,train,1,template-generated synthetic scenario
SCW-0221-1,SCW-0221,2025-08-09,,news,Pharmaceuticals,North America,"Industry output remained broadly stable this week, with normal freight flows and no material production interruptions reported. Sector context: pharmaceuticals; region: north america.",0.257,0,none,none,,train,1,template-generated synthetic scenario
SCW-0221-2,SCW-0221,2025-08-09,,social_media,Pharmaceuticals,North America,Procurement discussions show typical lead times and stable availability for most monitored inputs. Sector context: pharmaceuticals; region: north america.,0.166,0,none,none,,train,1,template-generated synthetic scenario
SCW-0221-3,SCW-0221,2025-08-09,,supplier_communication,Pharmaceuticals,North America,Vendor communication confirms normal operating capacity and standard lead times for current purchase orders. Sector context: pharmaceuticals; region: north america.,0.356,0,none,none,,train,1,template-generated synthetic scenario
SCW-0221-4,SCW-0221,2025-08-09,,financial_report,Pharmaceuticals,North America,Risk commentary indicates standard operating conditions with no significant new supply constraints. Sector context: pharmaceuticals; region: north america.,0.274,0,none,none,,train,1,template-generated synthetic scenario
SCW-0222-1,SCW-0222,2025-08-10,,news,Aerospace,South Asia,Manufacturers reported routine operations and balanced inventory positions across major distribution channels. Sector context: aerospace; region: south asia.,0.235,0,none,none,,train,1,template-generated synthetic scenario
SCW-0222-2,SCW-0222,2025-08-10,,social_media,Aerospace,South Asia,Procurement discussions show typical lead times and stable availability for most monitored inputs. Sector context: aerospace; region: south asia.,0.276,0,none,none,,train,1,template-generated synthetic scenario
SCW-0222-3,SCW-0222,2025-08-10,,supplier_communication,Aerospace,South Asia,Vendor communication confirms normal operating capacity and standard lead times for current purchase orders. Sector context: aerospace; region: south asia.,0.02,0,none,none,,train,1,template-generated synthetic scenario
SCW-0222-4,SCW-0222,2025-08-10,,financial_report,Aerospace,South Asia,Management reported stable operations and no material supply interruptions during the current reporting period. Sector context: aerospace; region: south asia.,0.269,0,none,none,,train,1,template-generated synthetic scenario
SCW-0223-1,SCW-0223,2025-08-11,,news,Food & Beverage,Southeast Asia,"Industry output remained broadly stable this week, with normal freight flows and no material production interruptions reported. Sector context: food & beverage; region: southeast asia.",0.301,0,none,none,,train,1,template-generated synthetic scenario
SCW-0223-2,SCW-0223,2025-08-11,,social_media,Food & Beverage,Southeast Asia,Routine logistics updates indicate normal transit times and no unusual capacity constraints across key lanes. Sector context: food & beverage; region: southeast asia.,0.276,0,none,none,,train,1,template-generated synthetic scenario
SCW-0223-3,SCW-0223,2025-08-11,,supplier_communication,Food & Beverage,Southeast Asia,"Supplier update: production and shipment schedules remain on plan, with no material changes to committed delivery dates. Sector context: food & beverage; region: southeast asia.",0.241,0,none,none,,train,1,template-generated synthetic scenario
SCW-0223-4,SCW-0223,2025-08-11,,financial_report,Food & Beverage,Southeast Asia,Risk commentary indicates standard operating conditions with no significant new supply constraints. Sector context: food & beverage; region: southeast asia.,0.164,0,none,none,,train,1,template-generated synthetic scenario
SCW-0224-1,SCW-0224,2025-08-12,,news,Industrial Manufacturing,Europe,Manufacturers reported routine operations and balanced inventory positions across major distribution channels. Sector context: industrial manufacturing; region: europe.,0.249,0,none,none,,train,1,template-generated synthetic scenario
SCW-0224-2,SCW-0224,2025-08-12,,social_media,Industrial Manufacturing,Europe,Procurement discussions show typical lead times and stable availability for most monitored inputs. Sector context: industrial manufacturing; region: europe.,0.334,0,none,none,,train,1,template-generated synthetic scenario
SCW-0224-3,SCW-0224,2025-08-12,,supplier_communication,Industrial Manufacturing,Europe,"Supplier update: production and shipment schedules remain on plan, with no material changes to committed delivery dates. Sector context: industrial manufacturing; region: europe.",0.225,0,none,none,,train,1,template-generated synthetic scenario
SCW-0224-4,SCW-0224,2025-08-12,,financial_report,Industrial Manufacturing,Europe,Risk commentary indicates standard operating conditions with no significant new supply constraints. Sector context: industrial manufacturing; region: europe.,0.244,0,none,none,,train,1,template-generated synthetic scenario
SCW-0225-1,SCW-0225,2025-08-13,,news,Food & Beverage,Global,Manufacturers reported routine operations and balanced inventory positions across major distribution channels. Sector context: food & beverage; region: global.,0.281,0,none,none,,train,1,template-generated synthetic scenario
SCW-0225-2,SCW-0225,2025-08-13,,social_media,Food & Beverage,Global,Procurement discussions show typical lead times and stable availability for most monitored inputs. Sector context: food & beverage; region: global.,0.377,0,none,none,,train,1,template-generated synthetic scenario
SCW-0225-3,SCW-0225,2025-08-13,,supplier_communication,Food & Beverage,Global,Vendor communication confirms normal operating capacity and standard lead times for current purchase orders. Sector context: food & beverage; region: global.,0.219,0,none,none,,train,1,template-generated synthetic scenario
SCW-0225-4,SCW-0225,2025-08-13,,financial_report,Food & Beverage,Global,Management reported stable operations and no material supply interruptions during the current reporting period. Sector context: food & beverage; region: global.,0.236,0,none,none,,train,1,template-generated synthetic scenario
SCW-0226-1,SCW-0226,2025-08-14,,news,Apparel,Southeast Asia,"Industry output remained broadly stable this week, with normal freight flows and no material production interruptions reported. Sector context: apparel; region: southeast asia.",0.353,0,none,none,,train,1,template-generated synthetic scenario
SCW-0226-2,SCW-0226,2025-08-14,,social_media,Apparel,Southeast Asia,Procurement discussions show typical lead times and stable availability for most monitored inputs. Sector context: apparel; region: southeast asia.,0.417,0,none,none,,train,1,template-generated synthetic scenario
SCW-0226-3,SCW-0226,2025-08-14,,supplier_communication,Apparel,Southeast Asia,Vendor communication confirms normal operating capacity and standard lead times for current purchase orders. Sector context: apparel; region: southeast asia.,0.154,0,none,none,,train,1,template-generated synthetic scenario
SCW-0226-4,SCW-0226,2025-08-14,,financial_report,Apparel,Southeast Asia,Risk commentary indicates standard operating conditions with no significant new supply constraints. Sector context: apparel; region: southeast asia.,0.291,0,none,none,,train,1,template-generated synthetic scenario
SCW-0227-1,SCW-0227,2025-08-15,,news,Energy,East Asia,"Industry output remained broadly stable this week, with normal freight flows and no material production interruptions reported. Sector context: energy; region: east asia.",0.364,0,none,none,,train,1,template-generated synthetic scenario
SCW-0227-2,SCW-0227,2025-08-15,,social_media,Energy,East Asia,Routine logistics updates indicate normal transit times and no unusual capacity constraints across key lanes. Sector context: energy; region: east asia.,0.093,0,none,none,,train,1,template-generated synthetic scenario
SCW-0227-3,SCW-0227,2025-08-15,,supplier_communication,Energy,East Asia,"Supplier update: production and shipment schedules remain on plan, with no material changes to committed delivery dates. Sector context: energy; region: east asia.",0.159,0,none,none,,train,1,template-generated synthetic scenario
SCW-0227-4,SCW-0227,2025-08-15,,financial_report,Energy,East Asia,Management reported stable operations and no material supply interruptions during the current reporting period. Sector context: energy; region: east asia.,0.322,0,none,none,,train,1,template-generated synthetic scenario
SCW-0228-1,SCW-0228,2025-08-16,,news,Retail,Middle East,"Industry output remained broadly stable this week, with normal freight flows and no material production interruptions reported. Sector context: retail; region: middle east.",0.182,0,none,none,,train,1,template-generated synthetic scenario
SCW-0228-2,SCW-0228,2025-08-16,,social_media,Retail,Middle East,Procurement discussions show typical lead times and stable availability for most monitored inputs. Sector context: retail; region: middle east.,0.212,0,none,none,,train,1,template-generated synthetic scenario
SCW-0228-3,SCW-0228,2025-08-16,,supplier_communication,Retail,Middle East,Vendor communication confirms normal operating capacity and standard lead times for current purchase orders. Sector context: retail; region: middle east.,0.191,0,none,none,,train,1,template-generated synthetic scenario
SCW-0228-4,SCW-0228,2025-08-16,,financial_report,Retail,Middle East,Risk commentary indicates standard operating conditions with no significant new supply constraints. Sector context: retail; region: middle east.,0.281,0,none,none,,train,1,template-generated synthetic scenario
SCW-0229-1,SCW-0229,2025-08-17,,news,Energy,Europe,"Industry output remained broadly stable this week, with normal freight flows and no material production interruptions reported. Sector context: energy; region: europe.",0.362,0,none,none,,train,1,template-generated synthetic scenario
SCW-0229-2,SCW-0229,2025-08-17,,social_media,Energy,Europe,Procurement discussions show typical lead times and stable availability for most monitored inputs. Sector context: energy; region: europe.,0.383,0,none,none,,train,1,template-generated synthetic scenario
SCW-0229-3,SCW-0229,2025-08-17,,supplier_communication,Energy,Europe,Vendor communication confirms normal operating capacity and standard lead times for current purchase orders. Sector context: energy; region: europe.,0.285,0,none,none,,train,1,template-generated synthetic scenario
SCW-0229-4,SCW-0229,2025-08-17,,financial_report,Energy,Europe,Risk commentary indicates standard operating conditions with no significant new supply constraints. Sector context: energy; region: europe.,0.224,0,none,none,,train,1,template-generated synthetic scenario
SCW-0230-1,SCW-0230,2025-08-18,,news,Food & Beverage,North America,Manufacturers reported routine operations and balanced inventory positions across major distribution channels. Sector context: food & beverage; region: north america.,0.179,0,none,none,,train,1,template-generated synthetic scenario
SCW-0230-2,SCW-0230,2025-08-18,,social_media,Food & Beverage,North America,Procurement discussions show typical lead times and stable availability for most monitored inputs. Sector context: food & beverage; region: north america.,0.433,0,none,none,,train,1,template-generated synthetic scenario
SCW-0230-3,SCW-0230,2025-08-18,,supplier_communication,Food & Beverage,North America,Vendor communication confirms normal operating capacity and standard lead times for current purchase orders. Sector context: food & beverage; region: north america.,0.115,0,none,none,,train,1,template-generated synthetic scenario
SCW-0230-4,SCW-0230,2025-08-18,,financial_report,Food & Beverage,North America,Risk commentary indicates standard operating conditions with no significant new supply constraints. Sector context: food & beverage; region: north america.,0.234,0,none,none,,train,1,template-generated synthetic scenario
SCW-0231-1,SCW-0231,2025-08-19,2025-08-22,news,Medical Devices,Latin America,"A manufacturing network is experiencing system outages following a cybersecurity event, affecting production scheduling. Sector context: medical devices; region: latin america.",0.937,1,cyber_incident,critical,3,train,1,template-generated synthetic scenario
SCW-0231-2,SCW-0231,2025-08-19,2025-08-22,social_media,Medical Devices,Latin America,Users report widespread shipment-tracking outages and manual processing after a suspected cyber incident. Sector context: medical devices; region: latin america.,0.878,1,cyber_incident,critical,3,train,1,template-generated synthetic scenario
SCW-0231-3,SCW-0231,2025-08-19,2025-08-22,supplier_communication,Medical Devices,Latin America,"Vendor advisory states that manual processes are in place while systems are restored, potentially affecting shipment confirmation. Sector context: medical devices; region: latin america.",0.769,1,cyber_incident,critical,3,train,1,template-generated synthetic scenario
SCW-0231-4,SCW-0231,2025-08-19,2025-08-22,financial_report,Medical Devices,Latin America,"The company disclosed a cybersecurity event that may temporarily affect operations, order processing, and logistics visibility. Sector context: medical devices; region: latin america.",0.85,1,cyber_incident,critical,3,train,1,template-generated synthetic scenario
SCW-0232-1,SCW-0232,2025-08-20,,news,Apparel,Middle East,"Industry output remained broadly stable this week, with normal freight flows and no material production interruptions reported. Sector context: apparel; region: middle east.",0.125,0,none,none,,train,1,template-generated synthetic scenario
SCW-0232-2,SCW-0232,2025-08-20,,social_media,Apparel,Middle East,Procurement discussions show typical lead times and stable availability for most monitored inputs. Sector context: apparel; region: middle east.,0.196,0,none,none,,train,1,template-generated synthetic scenario
SCW-0232-3,SCW-0232,2025-08-20,,supplier_communication,Apparel,Middle East,"Supplier update: production and shipment schedules remain on plan, with no material changes to committed delivery dates. Sector context: apparel; region: middle east.",0.219,0,none,none,,train,1,template-generated synthetic scenario
SCW-0232-4,SCW-0232,2025-08-20,,financial_report,Apparel,Middle East,Risk commentary indicates standard operating conditions with no significant new supply constraints. Sector context: apparel; region: middle east.,0.137,0,none,none,,train,1,template-generated synthetic scenario
SCW-0233-1,SCW-0233,2025-08-21,2025-08-24,news,Apparel,South Asia,New trade restrictions linked to geopolitical tensions may limit access to selected materials and components. Sector context: apparel; region: south asia.,0.557,1,geopolitical,medium,3,train,1,template-generated synthetic scenario
SCW-0233-2,SCW-0233,2025-08-21,2025-08-24,social_media,Apparel,South Asia,Procurement professionals are discussing urgent alternate sourcing after new cross-border restrictions were announced. Sector context: apparel; region: south asia.,0.628,1,geopolitical,medium,3,train,1,template-generated synthetic scenario
SCW-0233-3,SCW-0233,2025-08-21,2025-08-24,supplier_communication,Apparel,South Asia,Vendor notice indicates contingency routing is being evaluated due to regional security and trade restrictions. Sector context: apparel; region: south asia.,0.692,1,geopolitical,medium,3,train,1,template-generated synthetic scenario
SCW-0233-4,SCW-0233,2025-08-21,2025-08-24,financial_report,Apparel,South Asia,"Management identified geopolitical instability as a material risk to sourcing continuity, freight costs, and supplier availability. Sector context: apparel; region: south asia.",0.669,1,geopolitical,medium,3,train,1,template-generated synthetic scenario
SCW-0234-1,SCW-0234,2025-08-22,,news,Consumer Electronics,South Asia,Manufacturers reported routine operations and balanced inventory positions across major distribution channels. Sector context: consumer electronics; region: south asia.,0.313,0,none,none,,train,1,template-generated synthetic scenario
SCW-0234-2,SCW-0234,2025-08-22,,social_media,Consumer Electronics,South Asia,Routine logistics updates indicate normal transit times and no unusual capacity constraints across key lanes. Sector context: consumer electronics; region: south asia.,0.244,0,none,none,,train,1,template-generated synthetic scenario
SCW-0234-3,SCW-0234,2025-08-22,,supplier_communication,Consumer Electronics,South Asia,Vendor communication confirms normal operating capacity and standard lead times for current purchase orders. Sector context: consumer electronics; region: south asia.,0.291,0,none,none,,train,1,template-generated synthetic scenario
SCW-0234-4,SCW-0234,2025-08-22,,financial_report,Consumer Electronics,South Asia,Risk commentary indicates standard operating conditions with no significant new supply constraints. Sector context: consumer electronics; region: south asia.,0.24,0,none,none,,train,1,template-generated synthetic scenario
SCW-0235-1,SCW-0235,2025-08-23,,news,Energy,South Asia,Manufacturers reported routine operations and balanced inventory positions across major distribution channels. Sector context: energy; region: south asia.,0.29,0,none,none,,train,1,template-generated synthetic scenario
SCW-0235-2,SCW-0235,2025-08-23,,social_media,Energy,South Asia,Routine logistics updates indicate normal transit times and no unusual capacity constraints across key lanes. Sector context: energy; region: south asia.,0.186,0,none,none,,train,1,template-generated synthetic scenario
SCW-0235-3,SCW-0235,2025-08-23,,supplier_communication,Energy,South Asia,"Supplier update: production and shipment schedules remain on plan, with no material changes to committed delivery dates. Sector context: energy; region: south asia.",0.131,0,none,none,,train,1,template-generated synthetic scenario
SCW-0235-4,SCW-0235,2025-08-23,,financial_report,Energy,South Asia,Management reported stable operations and no material supply interruptions during the current reporting period. Sector context: energy; region: south asia.,0.089,0,none,none,,train,1,template-generated synthetic scenario
SCW-0236-1,SCW-0236,2025-08-24,,news,Apparel,Europe,"Industry output remained broadly stable this week, with normal freight flows and no material production interruptions reported. Sector context: apparel; region: europe.",0.425,0,none,none,,train,1,template-generated synthetic scenario
SCW-0236-2,SCW-0236,2025-08-24,,social_media,Apparel,Europe,Routine logistics updates indicate normal transit times and no unusual capacity constraints across key lanes. Sector context: apparel; region: europe.,0.122,0,none,none,,train,1,template-generated synthetic scenario
SCW-0236-3,SCW-0236,2025-08-24,,supplier_communication,Apparel,Europe,"Supplier update: production and shipment schedules remain on plan, with no material changes to committed delivery dates. Sector context: apparel; region: europe.",0.02,0,none,none,,train,1,template-generated synthetic scenario
SCW-0236-4,SCW-0236,2025-08-24,,financial_report,Apparel,Europe,Risk commentary indicates standard operating conditions with no significant new supply constraints. Sector context: apparel; region: europe.,0.29,0,none,none,,train,1,template-generated synthetic scenario
SCW-0237-1,SCW-0237,2025-08-25,,news,Food & Beverage,North America,"Industry output remained broadly stable this week, with normal freight flows and no material production interruptions reported. Sector context: food & beverage; region: north america.",0.184,0,none,none,,train,1,template-generated synthetic scenario
SCW-0237-2,SCW-0237,2025-08-25,,social_media,Food & Beverage,North America,Routine logistics updates indicate normal transit times and no unusual capacity constraints across key lanes. Sector context: food & beverage; region: north america.,0.083,0,none,none,,train,1,template-generated synthetic scenario
SCW-0237-3,SCW-0237,2025-08-25,,supplier_communication,Food & Beverage,North America,Vendor communication confirms normal operating capacity and standard lead times for current purchase orders. Sector context: food & beverage; region: north america.,0.063,0,none,none,,train,1,template-generated synthetic scenario
SCW-0237-4,SCW-0237,2025-08-25,,financial_report,Food & Beverage,North America,Risk commentary indicates standard operating conditions with no significant new supply constraints. Sector context: food & beverage; region: north america.,0.167,0,none,none,,train,1,template-generated synthetic scenario
SCW-0238-1,SCW-0238,2025-08-26,,news,Apparel,Global,"Industry output remained broadly stable this week, with normal freight flows and no material production interruptions reported. Sector context: apparel; region: global.",0.193,0,none,none,,train,1,template-generated synthetic scenario
SCW-0238-2,SCW-0238,2025-08-26,,social_media,Apparel,Global,Routine logistics updates indicate normal transit times and no unusual capacity constraints across key lanes. Sector context: apparel; region: global.,0.174,0,none,none,,train,1,template-generated synthetic scenario
SCW-0238-3,SCW-0238,2025-08-26,,supplier_communication,Apparel,Global,"Supplier update: production and shipment schedules remain on plan, with no material changes to committed delivery dates. Sector context: apparel; region: global.",0.282,0,none,none,,train,1,template-generated synthetic scenario
SCW-0238-4,SCW-0238,2025-08-26,,financial_report,Apparel,Global,Management reported stable operations and no material supply interruptions during the current reporting period. Sector context: apparel; region: global.,0.135,0,none,none,,train,1,template-generated synthetic scenario
SCW-0239-1,SCW-0239,2025-08-27,2025-09-10,news,Energy,South Asia,Authorities announced revised environmental compliance requirements that may delay cross-border shipments during the transition period. Sector context: energy; region: south asia.,0.589,1,regulatory_policy,low,14,train,1,template-generated synthetic scenario
SCW-0239-2,SCW-0239,2025-08-27,2025-09-10,social_media,Energy,South Asia,Trade groups are discussing new environmental compliance rules and warning members to prepare for documentation and clearance delays. Sector context: energy; region: south asia.,0.5,1,regulatory_policy,low,14,train,1,template-generated synthetic scenario
SCW-0239-3,SCW-0239,2025-08-27,2025-09-10,supplier_communication,Energy,South Asia,Vendor compliance team advises that new customs controls could temporarily slow order processing and customs clearance. Sector context: energy; region: south asia.,0.521,1,regulatory_policy,low,14,train,1,template-generated synthetic scenario
SCW-0239-4,SCW-0239,2025-08-27,2025-09-10,financial_report,Energy,South Asia,Management disclosed potential exposure to new customs regulations that could increase compliance costs and sourcing lead times. Sector context: energy; region: south asia.,0.5,1,regulatory_policy,low,14,train,1,template-generated synthetic scenario
SCW-0240-1,SCW-0240,2025-08-28,2025-08-30,news,Energy,Latin America,"Labor negotiations remain unresolved at a critical logistics hub, raising the risk of temporary shutdowns. Sector context: energy; region: latin america.",0.819,1,labor_disruption,high,2,train,1,template-generated synthetic scenario
SCW-0240-2,SCW-0240,2025-08-28,2025-08-30,social_media,Energy,Latin America,Local updates indicate staffing shortages and reduced shifts at a major warehouse and transport facility. Sector context: energy; region: latin america.,0.661,1,labor_disruption,high,2,train,1,template-generated synthetic scenario
SCW-0240-3,SCW-0240,2025-08-28,2025-08-30,supplier_communication,Energy,Latin America,Supplier notice: staffing constraints may reduce production output and delay order completion. Sector context: energy; region: latin america.,0.773,1,labor_disruption,high,2,train,1,template-generated synthetic scenario
SCW-0240-4,SCW-0240,2025-08-28,2025-08-30,financial_report,Energy,Latin America,Management identified labor availability and industrial relations as near-term operational risks. Sector context: energy; region: latin america.,0.756,1,labor_disruption,high,2,train,1,template-generated synthetic scenario
SCW-0241-1,SCW-0241,2025-08-29,,news,Apparel,Global,Manufacturers reported routine operations and balanced inventory positions across major distribution channels. Sector context: apparel; region: global.,0.203,0,none,none,,train,1,template-generated synthetic scenario
SCW-0241-2,SCW-0241,2025-08-29,,social_media,Apparel,Global,Routine logistics updates indicate normal transit times and no unusual capacity constraints across key lanes. Sector context: apparel; region: global.,0.197,0,none,none,,train,1,template-generated synthetic scenario
SCW-0241-3,SCW-0241,2025-08-29,,supplier_communication,Apparel,Global,"Supplier update: production and shipment schedules remain on plan, with no material changes to committed delivery dates. Sector context: apparel; region: global.",0.154,0,none,none,,train,1,template-generated synthetic scenario
SCW-0241-4,SCW-0241,2025-08-29,,financial_report,Apparel,Global,Management reported stable operations and no material supply interruptions during the current reporting period. Sector context: apparel; region: global.,0.2,0,none,none,,train,1,template-generated synthetic scenario
SCW-0242-1,SCW-0242,2025-08-30,,news,Food & Beverage,Latin America,Manufacturers reported routine operations and balanced inventory positions across major distribution channels. Sector context: food & beverage; region: latin america.,0.248,0,none,none,,train,1,template-generated synthetic scenario
SCW-0242-2,SCW-0242,2025-08-30,,social_media,Food & Beverage,Latin America,Procurement discussions show typical lead times and stable availability for most monitored inputs. Sector context: food & beverage; region: latin america.,0.155,0,none,none,,train,1,template-generated synthetic scenario
SCW-0242-3,SCW-0242,2025-08-30,,supplier_communication,Food & Beverage,Latin America,"Supplier update: production and shipment schedules remain on plan, with no material changes to committed delivery dates. Sector context: food & beverage; region: latin america.",0.286,0,none,none,,train,1,template-generated synthetic scenario
SCW-0242-4,SCW-0242,2025-08-30,,financial_report,Food & Beverage,Latin America,Risk commentary indicates standard operating conditions with no significant new supply constraints. Sector context: food & beverage; region: latin america.,0.387,0,none,none,,train,1,template-generated synthetic scenario
SCW-0243-1,SCW-0243,2025-08-31,2025-09-13,news,Logistics,Europe,New trade restrictions linked to geopolitical tensions may limit access to selected materials and components. Sector context: logistics; region: europe.,0.815,1,geopolitical,high,13,train,1,template-generated synthetic scenario
SCW-0243-2,SCW-0243,2025-08-31,2025-09-13,social_media,Logistics,Europe,Freight forums report route diversions and rising spot rates as carriers avoid a high-risk corridor. Sector context: logistics; region: europe.,0.859,1,geopolitical,high,13,train,1,template-generated synthetic scenario
SCW-0243-3,SCW-0243,2025-08-31,2025-09-13,supplier_communication,Logistics,Europe,"Supplier update: geopolitical conditions may affect transit routes, lead times, and availability of selected inputs. Sector context: logistics; region: europe.",0.698,1,geopolitical,high,13,train,1,template-generated synthetic scenario
SCW-0243-4,SCW-0243,2025-08-31,2025-09-13,financial_report,Logistics,Europe,"Management identified geopolitical instability as a material risk to sourcing continuity, freight costs, and supplier availability. Sector context: logistics; region: europe.",0.735,1,geopolitical,high,13,train,1,template-generated synthetic scenario
SCW-0244-1,SCW-0244,2025-09-01,2025-09-03,news,Pharmaceuticals,Southeast Asia,"A manufacturing network is experiencing system outages following a cybersecurity event, affecting production scheduling. Sector context: pharmaceuticals; region: southeast asia.",0.57,1,cyber_incident,low,2,train,1,template-generated synthetic scenario
SCW-0244-2,SCW-0244,2025-09-01,2025-09-03,social_media,Pharmaceuticals,Southeast Asia,Operations teams are sharing reports of unavailable planning systems and delayed warehouse transactions. Sector context: pharmaceuticals; region: southeast asia.,0.587,1,cyber_incident,low,2,train,1,template-generated synthetic scenario
SCW-0244-3,SCW-0244,2025-09-01,2025-09-03,supplier_communication,Pharmaceuticals,Southeast Asia,Supplier notification: information systems are operating in contingency mode following a cybersecurity incident; order updates may be delayed. Sector context: pharmaceuticals; region: southeast asia.,0.502,1,cyber_incident,low,2,train,1,template-generated synthetic scenario
SCW-0244-4,SCW-0244,2025-09-01,2025-09-03,financial_report,Pharmaceuticals,Southeast Asia,"The company disclosed a cybersecurity event that may temporarily affect operations, order processing, and logistics visibility. Sector context: pharmaceuticals; region: southeast asia.",0.638,1,cyber_incident,low,2,train,1,template-generated synthetic scenario
SCW-0245-1,SCW-0245,2025-09-02,,news,Food & Beverage,Global,"Industry output remained broadly stable this week, with normal freight flows and no material production interruptions reported. Sector context: food & beverage; region: global.",0.308,0,none,none,,train,1,template-generated synthetic scenario
SCW-0245-2,SCW-0245,2025-09-02,,social_media,Food & Beverage,Global,Procurement discussions show typical lead times and stable availability for most monitored inputs. Sector context: food & beverage; region: global.,0.285,0,none,none,,train,1,template-generated synthetic scenario
SCW-0245-3,SCW-0245,2025-09-02,,supplier_communication,Food & Beverage,Global,Vendor communication confirms normal operating capacity and standard lead times for current purchase orders. Sector context: food & beverage; region: global.,0.133,0,none,none,,train,1,template-generated synthetic scenario
SCW-0245-4,SCW-0245,2025-09-02,,financial_report,Food & Beverage,Global,Management reported stable operations and no material supply interruptions during the current reporting period. Sector context: food & beverage; region: global.,0.401,0,none,none,,train,1,template-generated synthetic scenario
SCW-0246-1,SCW-0246,2025-09-03,2025-09-06,news,Energy,Latin America,A key component producer is reportedly facing liquidity pressure and has reduced output at several facilities. Sector context: energy; region: latin america.,0.788,1,supplier_failure,high,3,train,1,template-generated synthetic scenario
SCW-0246-2,SCW-0246,2025-09-03,2025-09-06,social_media,Energy,Latin America,Multiple procurement discussions mention missed commitments and reduced availability from a shared upstream supplier. Sector context: energy; region: latin america.,0.917,1,supplier_failure,high,3,train,1,template-generated synthetic scenario
SCW-0246-3,SCW-0246,2025-09-03,2025-09-06,supplier_communication,Energy,Latin America,Vendor communication states that production throughput has declined and allocation controls may be introduced. Sector context: energy; region: latin america.,0.819,1,supplier_failure,high,3,train,1,template-generated synthetic scenario
SCW-0246-4,SCW-0246,2025-09-03,2025-09-06,financial_report,Energy,Latin America,The supplier disclosed elevated working-capital pressure and uncertainty regarding near-term production continuity. Sector context: energy; region: latin america.,0.861,1,supplier_failure,high,3,train,1,template-generated synthetic scenario
SCW-0247-1,SCW-0247,2025-09-04,,news,Semiconductors,Latin America,"Industry output remained broadly stable this week, with normal freight flows and no material production interruptions reported. Sector context: semiconductors; region: latin america.",0.153,0,none,none,,train,1,template-generated synthetic scenario
SCW-0247-2,SCW-0247,2025-09-04,,social_media,Semiconductors,Latin America,Procurement discussions show typical lead times and stable availability for most monitored inputs. Sector context: semiconductors; region: latin america.,0.238,0,none,none,,train,1,template-generated synthetic scenario
SCW-0247-3,SCW-0247,2025-09-04,,supplier_communication,Semiconductors,Latin America,Vendor communication confirms normal operating capacity and standard lead times for current purchase orders. Sector context: semiconductors; region: latin america.,0.02,0,none,none,,train,1,template-generated synthetic scenario
SCW-0247-4,SCW-0247,2025-09-04,,financial_report,Semiconductors,Latin America,Risk commentary indicates standard operating conditions with no significant new supply constraints. Sector context: semiconductors; region: latin america.,0.349,0,none,none,,train,1,template-generated synthetic scenario
SCW-0248-1,SCW-0248,2025-09-05,,news,Industrial Manufacturing,North America,Manufacturers reported routine operations and balanced inventory positions across major distribution channels. Sector context: industrial manufacturing; region: north america.,0.212,0,none,none,,train,1,template-generated synthetic scenario
SCW-0248-2,SCW-0248,2025-09-05,,social_media,Industrial Manufacturing,North America,Routine logistics updates indicate normal transit times and no unusual capacity constraints across key lanes. Sector context: industrial manufacturing; region: north america.,0.273,0,none,none,,train,1,template-generated synthetic scenario
SCW-0248-3,SCW-0248,2025-09-05,,supplier_communication,Industrial Manufacturing,North America,Vendor communication confirms normal operating capacity and standard lead times for current purchase orders. Sector context: industrial manufacturing; region: north america.,0.218,0,none,none,,train,1,template-generated synthetic scenario
SCW-0248-4,SCW-0248,2025-09-05,,financial_report,Industrial Manufacturing,North America,Management reported stable operations and no material supply interruptions during the current reporting period. Sector context: industrial manufacturing; region: north america.,0.334,0,none,none,,train,1,template-generated synthetic scenario
SCW-0249-1,SCW-0249,2025-09-06,,news,Food & Beverage,Latin America,"Industry output remained broadly stable this week, with normal freight flows and no material production interruptions reported. Sector context: food & beverage; region: latin america.",0.12,0,none,none,,train,1,template-generated synthetic scenario
SCW-0249-2,SCW-0249,2025-09-06,,social_media,Food & Beverage,Latin America,Procurement discussions show typical lead times and stable availability for most monitored inputs. Sector context: food & beverage; region: latin america.,0.295,0,none,none,,train,1,template-generated synthetic scenario
SCW-0249-3,SCW-0249,2025-09-06,,supplier_communication,Food & Beverage,Latin America,Vendor communication confirms normal operating capacity and standard lead times for current purchase orders. Sector context: food & beverage; region: latin america.,0.034,0,none,none,,train,1,template-generated synthetic scenario
SCW-0249-4,SCW-0249,2025-09-06,,financial_report,Food & Beverage,Latin America,Risk commentary indicates standard operating conditions with no significant new supply constraints. Sector context: food & beverage; region: latin america.,0.123,0,none,none,,train,1,template-generated synthetic scenario
SCW-0250-1,SCW-0250,2025-09-07,,news,Semiconductors,East Asia,"Industry output remained broadly stable this week, with normal freight flows and no material production interruptions reported. Sector context: semiconductors; region: east asia.",0.15,0,none,none,,train,1,template-generated synthetic scenario
SCW-0250-2,SCW-0250,2025-09-07,,social_media,Semiconductors,East Asia,Routine logistics updates indicate normal transit times and no unusual capacity constraints across key lanes. Sector context: semiconductors; region: east asia.,0.19,0,none,none,,train,1,template-generated synthetic scenario
SCW-0250-3,SCW-0250,2025-09-07,,supplier_communication,Semiconductors,East Asia,Vendor communication confirms normal operating capacity and standard lead times for current purchase orders. Sector context: semiconductors; region: east asia.,0.109,0,none,none,,train,1,template-generated synthetic scenario
SCW-0250-4,SCW-0250,2025-09-07,,financial_report,Semiconductors,East Asia,Management reported stable operations and no material supply interruptions during the current reporting period. Sector context: semiconductors; region: east asia.,0.336,0,none,none,,train,1,template-generated synthetic scenario
SCW-0251-1,SCW-0251,2025-09-08,,news,Energy,Europe,"Industry output remained broadly stable this week, with normal freight flows and no material production interruptions reported. Sector context: energy; region: europe.",0.266,0,none,none,,train,1,template-generated synthetic scenario
SCW-0251-2,SCW-0251,2025-09-08,,social_media,Energy,Europe,Procurement discussions show typical lead times and stable availability for most monitored inputs. Sector context: energy; region: europe.,0.133,0,none,none,,train,1,template-generated synthetic scenario
SCW-0251-3,SCW-0251,2025-09-08,,supplier_communication,Energy,Europe,Vendor communication confirms normal operating capacity and standard lead times for current purchase orders. Sector context: energy; region: europe.,0.094,0,none,none,,train,1,template-generated synthetic scenario
SCW-0251-4,SCW-0251,2025-09-08,,financial_report,Energy,Europe,Management reported stable operations and no material supply interruptions during the current reporting period. Sector context: energy; region: europe.,0.158,0,none,none,,train,1,template-generated synthetic scenario
SCW-0252-1,SCW-0252,2025-09-09,,news,Food & Beverage,Southeast Asia,"Industry output remained broadly stable this week, with normal freight flows and no material production interruptions reported. Sector context: food & beverage; region: southeast asia.",0.082,0,none,none,,train,1,template-generated synthetic scenario
SCW-0252-2,SCW-0252,2025-09-09,,social_media,Food & Beverage,Southeast Asia,Routine logistics updates indicate normal transit times and no unusual capacity constraints across key lanes. Sector context: food & beverage; region: southeast asia.,0.252,0,none,none,,train,1,template-generated synthetic scenario
SCW-0252-3,SCW-0252,2025-09-09,,supplier_communication,Food & Beverage,Southeast Asia,Vendor communication confirms normal operating capacity and standard lead times for current purchase orders. Sector context: food & beverage; region: southeast asia.,0.175,0,none,none,,train,1,template-generated synthetic scenario
SCW-0252-4,SCW-0252,2025-09-09,,financial_report,Food & Beverage,Southeast Asia,Management reported stable operations and no material supply interruptions during the current reporting period. Sector context: food & beverage; region: southeast asia.,0.399,0,none,none,,train,1,template-generated synthetic scenario
SCW-0253-1,SCW-0253,2025-09-10,,news,Retail,Europe,"Industry output remained broadly stable this week, with normal freight flows and no material production interruptions reported. Sector context: retail; region: europe.",0.274,0,none,none,,train,1,template-generated synthetic scenario
SCW-0253-2,SCW-0253,2025-09-10,,social_media,Retail,Europe,Procurement discussions show typical lead times and stable availability for most monitored inputs. Sector context: retail; region: europe.,0.151,0,none,none,,train,1,template-generated synthetic scenario
SCW-0253-3,SCW-0253,2025-09-10,,supplier_communication,Retail,Europe,Vendor communication confirms normal operating capacity and standard lead times for current purchase orders. Sector context: retail; region: europe.,0.454,0,none,none,,train,1,template-generated synthetic scenario
SCW-0253-4,SCW-0253,2025-09-10,,financial_report,Retail,Europe,Risk commentary indicates standard operating conditions with no significant new supply constraints. Sector context: retail; region: europe.,0.407,0,none,none,,train,1,template-generated synthetic scenario
SCW-0254-1,SCW-0254,2025-09-11,2025-09-15,news,Logistics,South Asia,New trade restrictions linked to geopolitical tensions may limit access to selected materials and components. Sector context: logistics; region: south asia.,0.804,1,geopolitical,medium,4,train,1,template-generated synthetic scenario
SCW-0254-2,SCW-0254,2025-09-11,2025-09-15,social_media,Logistics,South Asia,Procurement professionals are discussing urgent alternate sourcing after new cross-border restrictions were announced. Sector context: logistics; region: south asia.,0.637,1,geopolitical,medium,4,train,1,template-generated synthetic scenario
SCW-0254-3,SCW-0254,2025-09-11,2025-09-15,supplier_communication,Logistics,South Asia,"Supplier update: geopolitical conditions may affect transit routes, lead times, and availability of selected inputs. Sector context: logistics; region: south asia.",0.653,1,geopolitical,medium,4,train,1,template-generated synthetic scenario
SCW-0254-4,SCW-0254,2025-09-11,2025-09-15,financial_report,Logistics,South Asia,"Management identified geopolitical instability as a material risk to sourcing continuity, freight costs, and supplier availability. Sector context: logistics; region: south asia.",0.674,1,geopolitical,medium,4,train,1,template-generated synthetic scenario
SCW-0255-1,SCW-0255,2025-09-12,,news,Apparel,Global,"Industry output remained broadly stable this week, with normal freight flows and no material production interruptions reported. Sector context: apparel; region: global.",0.162,0,none,none,,train,1,template-generated synthetic scenario
SCW-0255-2,SCW-0255,2025-09-12,,social_media,Apparel,Global,Procurement discussions show typical lead times and stable availability for most monitored inputs. Sector context: apparel; region: global.,0.217,0,none,none,,train,1,template-generated synthetic scenario
SCW-0255-3,SCW-0255,2025-09-12,,supplier_communication,Apparel,Global,"Supplier update: production and shipment schedules remain on plan, with no material changes to committed delivery dates. Sector context: apparel; region: global.",0.22,0,none,none,,train,1,template-generated synthetic scenario
SCW-0255-4,SCW-0255,2025-09-12,,financial_report,Apparel,Global,Management reported stable operations and no material supply interruptions during the current reporting period. Sector context: apparel; region: global.,0.285,0,none,none,,train,1,template-generated synthetic scenario
SCW-0256-1,SCW-0256,2025-09-13,,news,Industrial Manufacturing,East Asia,"Industry output remained broadly stable this week, with normal freight flows and no material production interruptions reported. Sector context: industrial manufacturing; region: east asia.",0.206,0,none,none,,train,1,template-generated synthetic scenario
SCW-0256-2,SCW-0256,2025-09-13,,social_media,Industrial Manufacturing,East Asia,Procurement discussions show typical lead times and stable availability for most monitored inputs. Sector context: industrial manufacturing; region: east asia.,0.097,0,none,none,,train,1,template-generated synthetic scenario
SCW-0256-3,SCW-0256,2025-09-13,,supplier_communication,Industrial Manufacturing,East Asia,Vendor communication confirms normal operating capacity and standard lead times for current purchase orders. Sector context: industrial manufacturing; region: east asia.,0.47,0,none,none,,train,1,template-generated synthetic scenario
SCW-0256-4,SCW-0256,2025-09-13,,financial_report,Industrial Manufacturing,East Asia,Management reported stable operations and no material supply interruptions during the current reporting period. Sector context: industrial manufacturing; region: east asia.,0.115,0,none,none,,train,1,template-generated synthetic scenario
SCW-0257-1,SCW-0257,2025-09-14,,news,Logistics,Latin America,"Industry output remained broadly stable this week, with normal freight flows and no material production interruptions reported. Sector context: logistics; region: latin america.",0.229,0,none,none,,train,1,template-generated synthetic scenario
SCW-0257-2,SCW-0257,2025-09-14,,social_media,Logistics,Latin America,Procurement discussions show typical lead times and stable availability for most monitored inputs. Sector context: logistics; region: latin america.,0.02,0,none,none,,train,1,template-generated synthetic scenario
SCW-0257-3,SCW-0257,2025-09-14,,supplier_communication,Logistics,Latin America,Vendor communication confirms normal operating capacity and standard lead times for current purchase orders. Sector context: logistics; region: latin america.,0.221,0,none,none,,train,1,template-generated synthetic scenario
SCW-0257-4,SCW-0257,2025-09-14,,financial_report,Logistics,Latin America,Management reported stable operations and no material supply interruptions during the current reporting period. Sector context: logistics; region: latin america.,0.127,0,none,none,,train,1,template-generated synthetic scenario
SCW-0258-1,SCW-0258,2025-09-15,2025-09-20,news,Retail,South Asia,"A sudden market shift has driven orders well above forecast, increasing pressure on component supply and fulfillment. Sector context: retail; region: south asia.",0.568,1,demand_shock,low,5,train,1,template-generated synthetic scenario
SCW-0258-2,SCW-0258,2025-09-15,2025-09-20,social_media,Retail,South Asia,Retailers report rapid sell-through and widespread backorders as demand exceeds planned inventory. Sector context: retail; region: south asia.,0.628,1,demand_shock,low,5,train,1,template-generated synthetic scenario
SCW-0258-3,SCW-0258,2025-09-15,2025-09-20,supplier_communication,Retail,South Asia,Vendor advises that demand volatility is affecting capacity planning and committed lead times. Sector context: retail; region: south asia.,0.58,1,demand_shock,low,5,train,1,template-generated synthetic scenario
SCW-0258-4,SCW-0258,2025-09-15,2025-09-20,financial_report,Retail,South Asia,Management noted demand volatility and the possibility of component shortages if order levels remain above forecast. Sector context: retail; region: south asia.,0.64,1,demand_shock,low,5,train,1,template-generated synthetic scenario
SCW-0259-1,SCW-0259,2025-09-16,,news,Logistics,Europe,Manufacturers reported routine operations and balanced inventory positions across major distribution channels. Sector context: logistics; region: europe.,0.24,0,none,none,,train,1,template-generated synthetic scenario
SCW-0259-2,SCW-0259,2025-09-16,,social_media,Logistics,Europe,Routine logistics updates indicate normal transit times and no unusual capacity constraints across key lanes. Sector context: logistics; region: europe.,0.26,0,none,none,,train,1,template-generated synthetic scenario
SCW-0259-3,SCW-0259,2025-09-16,,supplier_communication,Logistics,Europe,"Supplier update: production and shipment schedules remain on plan, with no material changes to committed delivery dates. Sector context: logistics; region: europe.",0.195,0,none,none,,train,1,template-generated synthetic scenario
SCW-0259-4,SCW-0259,2025-09-16,,financial_report,Logistics,Europe,Risk commentary indicates standard operating conditions with no significant new supply constraints. Sector context: logistics; region: europe.,0.226,0,none,none,,train,1,template-generated synthetic scenario
SCW-0260-1,SCW-0260,2025-09-17,,news,Pharmaceuticals,Europe,"Industry output remained broadly stable this week, with normal freight flows and no material production interruptions reported. Sector context: pharmaceuticals; region: europe.",0.341,0,none,none,,train,1,template-generated synthetic scenario
SCW-0260-2,SCW-0260,2025-09-17,,social_media,Pharmaceuticals,Europe,Procurement discussions show typical lead times and stable availability for most monitored inputs. Sector context: pharmaceuticals; region: europe.,0.182,0,none,none,,train,1,template-generated synthetic scenario
SCW-0260-3,SCW-0260,2025-09-17,,supplier_communication,Pharmaceuticals,Europe,"Supplier update: production and shipment schedules remain on plan, with no material changes to committed delivery dates. Sector context: pharmaceuticals; region: europe.",0.121,0,none,none,,train,1,template-generated synthetic scenario
SCW-0260-4,SCW-0260,2025-09-17,,financial_report,Pharmaceuticals,Europe,Risk commentary indicates standard operating conditions with no significant new supply constraints. Sector context: pharmaceuticals; region: europe.,0.351,0,none,none,,train,1,template-generated synthetic scenario
SCW-0261-1,SCW-0261,2025-09-18,,news,Apparel,Middle East,Manufacturers reported routine operations and balanced inventory positions across major distribution channels. Sector context: apparel; region: middle east.,0.024,0,none,none,,train,1,template-generated synthetic scenario
SCW-0261-2,SCW-0261,2025-09-18,,social_media,Apparel,Middle East,Routine logistics updates indicate normal transit times and no unusual capacity constraints across key lanes. Sector context: apparel; region: middle east.,0.327,0,none,none,,train,1,template-generated synthetic scenario
SCW-0261-3,SCW-0261,2025-09-18,,supplier_communication,Apparel,Middle East,"Supplier update: production and shipment schedules remain on plan, with no material changes to committed delivery dates. Sector context: apparel; region: middle east.",0.042,0,none,none,,train,1,template-generated synthetic scenario
SCW-0261-4,SCW-0261,2025-09-18,,financial_report,Apparel,Middle East,Management reported stable operations and no material supply interruptions during the current reporting period. Sector context: apparel; region: middle east.,0.255,0,none,none,,train,1,template-generated synthetic scenario
SCW-0262-1,SCW-0262,2025-09-19,,news,Energy,Global,"Industry output remained broadly stable this week, with normal freight flows and no material production interruptions reported. Sector context: energy; region: global.",0.13,0,none,none,,train,1,template-generated synthetic scenario
SCW-0262-2,SCW-0262,2025-09-19,,social_media,Energy,Global,Procurement discussions show typical lead times and stable availability for most monitored inputs. Sector context: energy; region: global.,0.346,0,none,none,,train,1,template-generated synthetic scenario
SCW-0262-3,SCW-0262,2025-09-19,,supplier_communication,Energy,Global,"Supplier update: production and shipment schedules remain on plan, with no material changes to committed delivery dates. Sector context: energy; region: global.",0.279,0,none,none,,train,1,template-generated synthetic scenario
SCW-0262-4,SCW-0262,2025-09-19,,financial_report,Energy,Global,Management reported stable operations and no material supply interruptions during the current reporting period. Sector context: energy; region: global.,0.122,0,none,none,,train,1,template-generated synthetic scenario
SCW-0263-1,SCW-0263,2025-09-20,,news,Industrial Manufacturing,East Asia,Manufacturers reported routine operations and balanced inventory positions across major distribution channels. Sector context: industrial manufacturing; region: east asia.,0.45,0,none,none,,train,1,template-generated synthetic scenario
SCW-0263-2,SCW-0263,2025-09-20,,social_media,Industrial Manufacturing,East Asia,Procurement discussions show typical lead times and stable availability for most monitored inputs. Sector context: industrial manufacturing; region: east asia.,0.134,0,none,none,,train,1,template-generated synthetic scenario
SCW-0263-3,SCW-0263,2025-09-20,,supplier_communication,Industrial Manufacturing,East Asia,"Supplier update: production and shipment schedules remain on plan, with no material changes to committed delivery dates. Sector context: industrial manufacturing; region: east asia.",0.023,0,none,none,,train,1,template-generated synthetic scenario
SCW-0263-4,SCW-0263,2025-09-20,,financial_report,Industrial Manufacturing,East Asia,Risk commentary indicates standard operating conditions with no significant new supply constraints. Sector context: industrial manufacturing; region: east asia.,0.092,0,none,none,,train,1,template-generated synthetic scenario
SCW-0264-1,SCW-0264,2025-09-21,2025-09-29,news,Aerospace,Latin America,Authorities announced revised trade documentation requirements that may delay cross-border shipments during the transition period. Sector context: aerospace; region: latin america.,0.731,1,regulatory_policy,medium,8,train,1,template-generated synthetic scenario
SCW-0264-2,SCW-0264,2025-09-21,2025-09-29,social_media,Aerospace,Latin America,Trade groups are discussing new customs rules and warning members to prepare for documentation and clearance delays. Sector context: aerospace; region: latin america.,0.661,1,regulatory_policy,medium,8,train,1,template-generated synthetic scenario
SCW-0264-3,SCW-0264,2025-09-21,2025-09-29,supplier_communication,Aerospace,Latin America,Supplier notice: updated trade documentation requirements may affect export documentation and lead times for upcoming orders. Sector context: aerospace; region: latin america.,0.661,1,regulatory_policy,medium,8,train,1,template-generated synthetic scenario
SCW-0264-4,SCW-0264,2025-09-21,2025-09-29,financial_report,Aerospace,Latin America,Risk factors note uncertainty from changing product-origin rules and possible delays in international supply flows. Sector context: aerospace; region: latin america.,0.817,1,regulatory_policy,medium,8,train,1,template-generated synthetic scenario
SCW-0265-1,SCW-0265,2025-09-22,,news,Medical Devices,Global,Manufacturers reported routine operations and balanced inventory positions across major distribution channels. Sector context: medical devices; region: global.,0.111,0,none,none,,train,1,template-generated synthetic scenario
SCW-0265-2,SCW-0265,2025-09-22,,social_media,Medical Devices,Global,Routine logistics updates indicate normal transit times and no unusual capacity constraints across key lanes. Sector context: medical devices; region: global.,0.17,0,none,none,,train,1,template-generated synthetic scenario
SCW-0265-3,SCW-0265,2025-09-22,,supplier_communication,Medical Devices,Global,"Supplier update: production and shipment schedules remain on plan, with no material changes to committed delivery dates. Sector context: medical devices; region: global.",0.354,0,none,none,,train,1,template-generated synthetic scenario
SCW-0265-4,SCW-0265,2025-09-22,,financial_report,Medical Devices,Global,Risk commentary indicates standard operating conditions with no significant new supply constraints. Sector context: medical devices; region: global.,0.27,0,none,none,,train,1,template-generated synthetic scenario
SCW-0266-1,SCW-0266,2025-09-23,,news,Industrial Manufacturing,Middle East,Manufacturers reported routine operations and balanced inventory positions across major distribution channels. Sector context: industrial manufacturing; region: middle east.,0.095,0,none,none,,train,1,template-generated synthetic scenario
SCW-0266-2,SCW-0266,2025-09-23,,social_media,Industrial Manufacturing,Middle East,Procurement discussions show typical lead times and stable availability for most monitored inputs. Sector context: industrial manufacturing; region: middle east.,0.02,0,none,none,,train,1,template-generated synthetic scenario
SCW-0266-3,SCW-0266,2025-09-23,,supplier_communication,Industrial Manufacturing,Middle East,Vendor communication confirms normal operating capacity and standard lead times for current purchase orders. Sector context: industrial manufacturing; region: middle east.,0.108,0,none,none,,train,1,template-generated synthetic scenario
SCW-0266-4,SCW-0266,2025-09-23,,financial_report,Industrial Manufacturing,Middle East,Risk commentary indicates standard operating conditions with no significant new supply constraints. Sector context: industrial manufacturing; region: middle east.,0.156,0,none,none,,train,1,template-generated synthetic scenario
SCW-0267-1,SCW-0267,2025-09-24,,news,Pharmaceuticals,Global,"Industry output remained broadly stable this week, with normal freight flows and no material production interruptions reported. Sector context: pharmaceuticals; region: global.",0.229,0,none,none,,train,1,template-generated synthetic scenario
SCW-0267-2,SCW-0267,2025-09-24,,social_media,Pharmaceuticals,Global,Routine logistics updates indicate normal transit times and no unusual capacity constraints across key lanes. Sector context: pharmaceuticals; region: global.,0.302,0,none,none,,train,1,template-generated synthetic scenario
SCW-0267-3,SCW-0267,2025-09-24,,supplier_communication,Pharmaceuticals,Global,"Supplier update: production and shipment schedules remain on plan, with no material changes to committed delivery dates. Sector context: pharmaceuticals; region: global.",0.344,0,none,none,,train,1,template-generated synthetic scenario
SCW-0267-4,SCW-0267,2025-09-24,,financial_report,Pharmaceuticals,Global,Risk commentary indicates standard operating conditions with no significant new supply constraints. Sector context: pharmaceuticals; region: global.,0.295,0,none,none,,train,1,template-generated synthetic scenario
SCW-0268-1,SCW-0268,2025-09-25,,news,Energy,Europe,Manufacturers reported routine operations and balanced inventory positions across major distribution channels. Sector context: energy; region: europe.,0.275,0,none,none,,train,1,template-generated synthetic scenario
SCW-0268-2,SCW-0268,2025-09-25,,social_media,Energy,Europe,Procurement discussions show typical lead times and stable availability for most monitored inputs. Sector context: energy; region: europe.,0.338,0,none,none,,train,1,template-generated synthetic scenario
SCW-0268-3,SCW-0268,2025-09-25,,supplier_communication,Energy,Europe,Vendor communication confirms normal operating capacity and standard lead times for current purchase orders. Sector context: energy; region: europe.,0.173,0,none,none,,train,1,template-generated synthetic scenario
SCW-0268-4,SCW-0268,2025-09-25,,financial_report,Energy,Europe,Management reported stable operations and no material supply interruptions during the current reporting period. Sector context: energy; region: europe.,0.179,0,none,none,,train,1,template-generated synthetic scenario
SCW-0269-1,SCW-0269,2025-09-26,,news,Industrial Manufacturing,South Asia,"Industry output remained broadly stable this week, with normal freight flows and no material production interruptions reported. Sector context: industrial manufacturing; region: south asia.",0.064,0,none,none,,train,1,template-generated synthetic scenario
SCW-0269-2,SCW-0269,2025-09-26,,social_media,Industrial Manufacturing,South Asia,Procurement discussions show typical lead times and stable availability for most monitored inputs. Sector context: industrial manufacturing; region: south asia.,0.234,0,none,none,,train,1,template-generated synthetic scenario
SCW-0269-3,SCW-0269,2025-09-26,,supplier_communication,Industrial Manufacturing,South Asia,Vendor communication confirms normal operating capacity and standard lead times for current purchase orders. Sector context: industrial manufacturing; region: south asia.,0.225,0,none,none,,train,1,template-generated synthetic scenario
SCW-0269-4,SCW-0269,2025-09-26,,financial_report,Industrial Manufacturing,South Asia,Risk commentary indicates standard operating conditions with no significant new supply constraints. Sector context: industrial manufacturing; region: south asia.,0.02,0,none,none,,train,1,template-generated synthetic scenario
SCW-0270-1,SCW-0270,2025-09-27,,news,Logistics,Global,Manufacturers reported routine operations and balanced inventory positions across major distribution channels. Sector context: logistics; region: global.,0.267,0,none,none,,train,1,template-generated synthetic scenario
SCW-0270-2,SCW-0270,2025-09-27,,social_media,Logistics,Global,Procurement discussions show typical lead times and stable availability for most monitored inputs. Sector context: logistics; region: global.,0.02,0,none,none,,train,1,template-generated synthetic scenario
SCW-0270-3,SCW-0270,2025-09-27,,supplier_communication,Logistics,Global,Vendor communication confirms normal operating capacity and standard lead times for current purchase orders. Sector context: logistics; region: global.,0.2,0,none,none,,train,1,template-generated synthetic scenario
SCW-0270-4,SCW-0270,2025-09-27,,financial_report,Logistics,Global,Management reported stable operations and no material supply interruptions during the current reporting period. Sector context: logistics; region: global.,0.304,0,none,none,,train,1,template-generated synthetic scenario
SCW-0271-1,SCW-0271,2025-09-28,,news,Medical Devices,Middle East,Manufacturers reported routine operations and balanced inventory positions across major distribution channels. Sector context: medical devices; region: middle east.,0.237,0,none,none,,train,1,template-generated synthetic scenario
SCW-0271-2,SCW-0271,2025-09-28,,social_media,Medical Devices,Middle East,Procurement discussions show typical lead times and stable availability for most monitored inputs. Sector context: medical devices; region: middle east.,0.028,0,none,none,,train,1,template-generated synthetic scenario
SCW-0271-3,SCW-0271,2025-09-28,,supplier_communication,Medical Devices,Middle East,"Supplier update: production and shipment schedules remain on plan, with no material changes to committed delivery dates. Sector context: medical devices; region: middle east.",0.18,0,none,none,,train,1,template-generated synthetic scenario
SCW-0271-4,SCW-0271,2025-09-28,,financial_report,Medical Devices,Middle East,Risk commentary indicates standard operating conditions with no significant new supply constraints. Sector context: medical devices; region: middle east.,0.146,0,none,none,,train,1,template-generated synthetic scenario
SCW-0272-1,SCW-0272,2025-09-29,2025-10-06,news,Medical Devices,Global,New trade restrictions linked to geopolitical tensions may limit access to selected materials and components. Sector context: medical devices; region: global.,0.957,1,geopolitical,critical,7,train,1,template-generated synthetic scenario
SCW-0272-2,SCW-0272,2025-09-29,2025-10-06,social_media,Medical Devices,Global,Freight forums report route diversions and rising spot rates as carriers avoid a high-risk corridor. Sector context: medical devices; region: global.,0.767,1,geopolitical,critical,7,train,1,template-generated synthetic scenario
SCW-0272-3,SCW-0272,2025-09-29,2025-10-06,supplier_communication,Medical Devices,Global,"Supplier update: geopolitical conditions may affect transit routes, lead times, and availability of selected inputs. Sector context: medical devices; region: global.",0.912,1,geopolitical,critical,7,train,1,template-generated synthetic scenario
SCW-0272-4,SCW-0272,2025-09-29,2025-10-06,financial_report,Medical Devices,Global,Risk disclosures cite trade restrictions and regional conflict as potential drivers of supply interruption. Sector context: medical devices; region: global.,0.99,1,geopolitical,critical,7,train,1,template-generated synthetic scenario
SCW-0273-1,SCW-0273,2025-09-30,,news,Food & Beverage,Europe,Manufacturers reported routine operations and balanced inventory positions across major distribution channels. Sector context: food & beverage; region: europe.,0.239,0,none,none,,train,1,template-generated synthetic scenario
SCW-0273-2,SCW-0273,2025-09-30,,social_media,Food & Beverage,Europe,Routine logistics updates indicate normal transit times and no unusual capacity constraints across key lanes. Sector context: food & beverage; region: europe.,0.261,0,none,none,,train,1,template-generated synthetic scenario
SCW-0273-3,SCW-0273,2025-09-30,,supplier_communication,Food & Beverage,Europe,"Supplier update: production and shipment schedules remain on plan, with no material changes to committed delivery dates. Sector context: food & beverage; region: europe.",0.263,0,none,none,,train,1,template-generated synthetic scenario
SCW-0273-4,SCW-0273,2025-09-30,,financial_report,Food & Beverage,Europe,Risk commentary indicates standard operating conditions with no significant new supply constraints. Sector context: food & beverage; region: europe.,0.303,0,none,none,,train,1,template-generated synthetic scenario
SCW-0274-1,SCW-0274,2025-10-01,,news,Aerospace,East Asia,Manufacturers reported routine operations and balanced inventory positions across major distribution channels. Sector context: aerospace; region: east asia.,0.195,0,none,none,,train,1,template-generated synthetic scenario
SCW-0274-2,SCW-0274,2025-10-01,,social_media,Aerospace,East Asia,Routine logistics updates indicate normal transit times and no unusual capacity constraints across key lanes. Sector context: aerospace; region: east asia.,0.246,0,none,none,,train,1,template-generated synthetic scenario
SCW-0274-3,SCW-0274,2025-10-01,,supplier_communication,Aerospace,East Asia,Vendor communication confirms normal operating capacity and standard lead times for current purchase orders. Sector context: aerospace; region: east asia.,0.337,0,none,none,,train,1,template-generated synthetic scenario
SCW-0274-4,SCW-0274,2025-10-01,,financial_report,Aerospace,East Asia,Risk commentary indicates standard operating conditions with no significant new supply constraints. Sector context: aerospace; region: east asia.,0.297,0,none,none,,train,1,template-generated synthetic scenario
SCW-0275-1,SCW-0275,2025-10-02,2025-10-15,news,Pharmaceuticals,Southeast Asia,"Emergency agencies reported extreme weather impacts near industrial zones, creating potential delays for inbound materials and outbound freight. Sector context: pharmaceuticals; region: southeast asia.",0.642,1,natural_disaster,high,13,train,1,template-generated synthetic scenario
SCW-0275-2,SCW-0275,2025-10-02,2025-10-15,social_media,Pharmaceuticals,Southeast Asia,Multiple eyewitness updates mention warehouse access problems and delayed cargo movements following wildfire conditions. Sector context: pharmaceuticals; region: southeast asia.,0.763,1,natural_disaster,high,13,train,1,template-generated synthetic scenario
SCW-0275-3,SCW-0275,2025-10-02,2025-10-15,supplier_communication,Pharmaceuticals,Southeast Asia,"Vendor update indicates temporary production disruption related to flooding, with revised delivery commitments expected shortly. Sector context: pharmaceuticals; region: southeast asia.",0.961,1,natural_disaster,high,13,train,1,template-generated synthetic scenario
SCW-0275-4,SCW-0275,2025-10-02,2025-10-15,financial_report,Pharmaceuticals,Southeast Asia,Risk disclosure highlights possible supply interruption from flooding affecting facilities and third-party transportation. Sector context: pharmaceuticals; region: southeast asia.,0.855,1,natural_disaster,high,13,train,1,template-generated synthetic scenario
SCW-0276-1,SCW-0276,2025-10-03,,news,Semiconductors,East Asia,Manufacturers reported routine operations and balanced inventory positions across major distribution channels. Sector context: semiconductors; region: east asia.,0.062,0,none,none,,train,1,template-generated synthetic scenario
SCW-0276-2,SCW-0276,2025-10-03,,social_media,Semiconductors,East Asia,Procurement discussions show typical lead times and stable availability for most monitored inputs. Sector context: semiconductors; region: east asia.,0.267,0,none,none,,train,1,template-generated synthetic scenario
SCW-0276-3,SCW-0276,2025-10-03,,supplier_communication,Semiconductors,East Asia,Vendor communication confirms normal operating capacity and standard lead times for current purchase orders. Sector context: semiconductors; region: east asia.,0.151,0,none,none,,train,1,template-generated synthetic scenario
SCW-0276-4,SCW-0276,2025-10-03,,financial_report,Semiconductors,East Asia,Management reported stable operations and no material supply interruptions during the current reporting period. Sector context: semiconductors; region: east asia.,0.24,0,none,none,,train,1,template-generated synthetic scenario
SCW-0277-1,SCW-0277,2025-10-04,2025-10-07,news,Energy,Southeast Asia,"A major freight corridor is experiencing capacity constraints, with transit times rising across multiple carriers. Sector context: energy; region: southeast asia.",0.686,1,logistics_transport,medium,3,train,1,template-generated synthetic scenario
SCW-0277-2,SCW-0277,2025-10-04,2025-10-07,social_media,Energy,Southeast Asia,"Freight updates show growing queues, missed connections, and limited equipment availability at a major gateway. Sector context: energy; region: southeast asia.",0.559,1,logistics_transport,medium,3,train,1,template-generated synthetic scenario
SCW-0277-3,SCW-0277,2025-10-04,2025-10-07,supplier_communication,Energy,Southeast Asia,Logistics update: current carrier capacity constraints are expected to extend delivery lead times for upcoming shipments. Sector context: energy; region: southeast asia.,0.629,1,logistics_transport,medium,3,train,1,template-generated synthetic scenario
SCW-0277-4,SCW-0277,2025-10-04,2025-10-07,financial_report,Energy,Southeast Asia,Management noted elevated freight costs and transportation bottlenecks that may affect service levels and inventory availability. Sector context: energy; region: southeast asia.,0.685,1,logistics_transport,medium,3,train,1,template-generated synthetic scenario
SCW-0278-1,SCW-0278,2025-10-05,,news,Consumer Electronics,North America,"Industry output remained broadly stable this week, with normal freight flows and no material production interruptions reported. Sector context: consumer electronics; region: north america.",0.053,0,none,none,,train,1,template-generated synthetic scenario
SCW-0278-2,SCW-0278,2025-10-05,,social_media,Consumer Electronics,North America,Routine logistics updates indicate normal transit times and no unusual capacity constraints across key lanes. Sector context: consumer electronics; region: north america.,0.138,0,none,none,,train,1,template-generated synthetic scenario
SCW-0278-3,SCW-0278,2025-10-05,,supplier_communication,Consumer Electronics,North America,"Supplier update: production and shipment schedules remain on plan, with no material changes to committed delivery dates. Sector context: consumer electronics; region: north america.",0.331,0,none,none,,train,1,template-generated synthetic scenario
SCW-0278-4,SCW-0278,2025-10-05,,financial_report,Consumer Electronics,North America,Risk commentary indicates standard operating conditions with no significant new supply constraints. Sector context: consumer electronics; region: north america.,0.293,0,none,none,,train,1,template-generated synthetic scenario
SCW-0279-1,SCW-0279,2025-10-06,2025-10-13,news,Logistics,Southeast Asia,"A major freight corridor is experiencing capacity constraints, with transit times rising across multiple carriers. Sector context: logistics; region: southeast asia.",0.87,1,logistics_transport,high,7,train,1,template-generated synthetic scenario
SCW-0279-2,SCW-0279,2025-10-06,2025-10-13,social_media,Logistics,Southeast Asia,Shippers report repeated rollovers and longer transit times as network congestion intensifies. Sector context: logistics; region: southeast asia.,0.841,1,logistics_transport,high,7,train,1,template-generated synthetic scenario
SCW-0279-3,SCW-0279,2025-10-06,2025-10-13,supplier_communication,Logistics,Southeast Asia,Logistics update: current carrier capacity constraints are expected to extend delivery lead times for upcoming shipments. Sector context: logistics; region: southeast asia.,0.848,1,logistics_transport,high,7,train,1,template-generated synthetic scenario
SCW-0279-4,SCW-0279,2025-10-06,2025-10-13,financial_report,Logistics,Southeast Asia,Risk commentary cites persistent logistics congestion and constrained carrier capacity. Sector context: logistics; region: southeast asia.,0.732,1,logistics_transport,high,7,train,1,template-generated synthetic scenario
SCW-0280-1,SCW-0280,2025-10-07,,news,Apparel,South Asia,"Industry output remained broadly stable this week, with normal freight flows and no material production interruptions reported. Sector context: apparel; region: south asia.",0.191,0,none,none,,train,1,template-generated synthetic scenario
SCW-0280-2,SCW-0280,2025-10-07,,social_media,Apparel,South Asia,Procurement discussions show typical lead times and stable availability for most monitored inputs. Sector context: apparel; region: south asia.,0.32,0,none,none,,train,1,template-generated synthetic scenario
SCW-0280-3,SCW-0280,2025-10-07,,supplier_communication,Apparel,South Asia,"Supplier update: production and shipment schedules remain on plan, with no material changes to committed delivery dates. Sector context: apparel; region: south asia.",0.188,0,none,none,,train,1,template-generated synthetic scenario
SCW-0280-4,SCW-0280,2025-10-07,,financial_report,Apparel,South Asia,Management reported stable operations and no material supply interruptions during the current reporting period. Sector context: apparel; region: south asia.,0.211,0,none,none,,train,1,template-generated synthetic scenario
SCW-0281-1,SCW-0281,2025-10-08,,news,Automotive,Europe,"Industry output remained broadly stable this week, with normal freight flows and no material production interruptions reported. Sector context: automotive; region: europe.",0.073,0,none,none,,train,1,template-generated synthetic scenario
SCW-0281-2,SCW-0281,2025-10-08,,social_media,Automotive,Europe,Routine logistics updates indicate normal transit times and no unusual capacity constraints across key lanes. Sector context: automotive; region: europe.,0.254,0,none,none,,train,1,template-generated synthetic scenario
SCW-0281-3,SCW-0281,2025-10-08,,supplier_communication,Automotive,Europe,"Supplier update: production and shipment schedules remain on plan, with no material changes to committed delivery dates. Sector context: automotive; region: europe.",0.154,0,none,none,,train,1,template-generated synthetic scenario
SCW-0281-4,SCW-0281,2025-10-08,,financial_report,Automotive,Europe,Risk commentary indicates standard operating conditions with no significant new supply constraints. Sector context: automotive; region: europe.,0.349,0,none,none,,train,1,template-generated synthetic scenario
SCW-0282-1,SCW-0282,2025-10-09,2025-10-19,news,Semiconductors,Middle East,Authorities announced revised customs requirements that may delay cross-border shipments during the transition period. Sector context: semiconductors; region: middle east.,0.679,1,regulatory_policy,high,10,train,1,template-generated synthetic scenario
SCW-0282-2,SCW-0282,2025-10-09,2025-10-19,social_media,Semiconductors,Middle East,Industry participants report uncertainty about implementation of updated export-control requirements across several ports. Sector context: semiconductors; region: middle east.,0.711,1,regulatory_policy,high,10,train,1,template-generated synthetic scenario
SCW-0282-3,SCW-0282,2025-10-09,2025-10-19,supplier_communication,Semiconductors,Middle East,Supplier notice: updated export-control requirements may affect export documentation and lead times for upcoming orders. Sector context: semiconductors; region: middle east.,0.721,1,regulatory_policy,high,10,train,1,template-generated synthetic scenario
SCW-0282-4,SCW-0282,2025-10-09,2025-10-19,financial_report,Semiconductors,Middle East,Management disclosed potential exposure to new environmental compliance regulations that could increase compliance costs and sourcing lead times. Sector context: semiconductors; region: middle east.,0.684,1,regulatory_policy,high,10,train,1,template-generated synthetic scenario
SCW-0283-1,SCW-0283,2025-10-10,,news,Food & Beverage,North America,"Industry output remained broadly stable this week, with normal freight flows and no material production interruptions reported. Sector context: food & beverage; region: north america.",0.408,0,none,none,,train,1,template-generated synthetic scenario
SCW-0283-2,SCW-0283,2025-10-10,,social_media,Food & Beverage,North America,Routine logistics updates indicate normal transit times and no unusual capacity constraints across key lanes. Sector context: food & beverage; region: north america.,0.268,0,none,none,,train,1,template-generated synthetic scenario
SCW-0283-3,SCW-0283,2025-10-10,,supplier_communication,Food & Beverage,North America,Vendor communication confirms normal operating capacity and standard lead times for current purchase orders. Sector context: food & beverage; region: north america.,0.125,0,none,none,,train,1,template-generated synthetic scenario
SCW-0283-4,SCW-0283,2025-10-10,,financial_report,Food & Beverage,North America,Management reported stable operations and no material supply interruptions during the current reporting period. Sector context: food & beverage; region: north america.,0.106,0,none,none,,train,1,template-generated synthetic scenario
SCW-0284-1,SCW-0284,2025-10-11,,news,Automotive,Latin America,Manufacturers reported routine operations and balanced inventory positions across major distribution channels. Sector context: automotive; region: latin america.,0.192,0,none,none,,train,1,template-generated synthetic scenario
SCW-0284-2,SCW-0284,2025-10-11,,social_media,Automotive,Latin America,Routine logistics updates indicate normal transit times and no unusual capacity constraints across key lanes. Sector context: automotive; region: latin america.,0.156,0,none,none,,train,1,template-generated synthetic scenario
SCW-0284-3,SCW-0284,2025-10-11,,supplier_communication,Automotive,Latin America,"Supplier update: production and shipment schedules remain on plan, with no material changes to committed delivery dates. Sector context: automotive; region: latin america.",0.373,0,none,none,,train,1,template-generated synthetic scenario
SCW-0284-4,SCW-0284,2025-10-11,,financial_report,Automotive,Latin America,Risk commentary indicates standard operating conditions with no significant new supply constraints. Sector context: automotive; region: latin america.,0.095,0,none,none,,train,1,template-generated synthetic scenario
SCW-0285-1,SCW-0285,2025-10-12,,news,Energy,Southeast Asia,Manufacturers reported routine operations and balanced inventory positions across major distribution channels. Sector context: energy; region: southeast asia.,0.208,0,none,none,,train,1,template-generated synthetic scenario
SCW-0285-2,SCW-0285,2025-10-12,,social_media,Energy,Southeast Asia,Procurement discussions show typical lead times and stable availability for most monitored inputs. Sector context: energy; region: southeast asia.,0.439,0,none,none,,train,1,template-generated synthetic scenario
SCW-0285-3,SCW-0285,2025-10-12,,supplier_communication,Energy,Southeast Asia,"Supplier update: production and shipment schedules remain on plan, with no material changes to committed delivery dates. Sector context: energy; region: southeast asia.",0.236,0,none,none,,train,1,template-generated synthetic scenario
SCW-0285-4,SCW-0285,2025-10-12,,financial_report,Energy,Southeast Asia,Management reported stable operations and no material supply interruptions during the current reporting period. Sector context: energy; region: southeast asia.,0.234,0,none,none,,train,1,template-generated synthetic scenario
SCW-0286-1,SCW-0286,2025-10-13,,news,Automotive,Southeast Asia,Manufacturers reported routine operations and balanced inventory positions across major distribution channels. Sector context: automotive; region: southeast asia.,0.223,0,none,none,,train,1,template-generated synthetic scenario
SCW-0286-2,SCW-0286,2025-10-13,,social_media,Automotive,Southeast Asia,Procurement discussions show typical lead times and stable availability for most monitored inputs. Sector context: automotive; region: southeast asia.,0.102,0,none,none,,train,1,template-generated synthetic scenario
SCW-0286-3,SCW-0286,2025-10-13,,supplier_communication,Automotive,Southeast Asia,"Supplier update: production and shipment schedules remain on plan, with no material changes to committed delivery dates. Sector context: automotive; region: southeast asia.",0.181,0,none,none,,train,1,template-generated synthetic scenario
SCW-0286-4,SCW-0286,2025-10-13,,financial_report,Automotive,Southeast Asia,Management reported stable operations and no material supply interruptions during the current reporting period. Sector context: automotive; region: southeast asia.,0.131,0,none,none,,train,1,template-generated synthetic scenario
SCW-0287-1,SCW-0287,2025-10-14,,news,Medical Devices,Global,Manufacturers reported routine operations and balanced inventory positions across major distribution channels. Sector context: medical devices; region: global.,0.058,0,none,none,,train,1,template-generated synthetic scenario
SCW-0287-2,SCW-0287,2025-10-14,,social_media,Medical Devices,Global,Procurement discussions show typical lead times and stable availability for most monitored inputs. Sector context: medical devices; region: global.,0.02,0,none,none,,train,1,template-generated synthetic scenario
SCW-0287-3,SCW-0287,2025-10-14,,supplier_communication,Medical Devices,Global,"Supplier update: production and shipment schedules remain on plan, with no material changes to committed delivery dates. Sector context: medical devices; region: global.",0.132,0,none,none,,train,1,template-generated synthetic scenario
SCW-0287-4,SCW-0287,2025-10-14,,financial_report,Medical Devices,Global,Risk commentary indicates standard operating conditions with no significant new supply constraints. Sector context: medical devices; region: global.,0.389,0,none,none,,train,1,template-generated synthetic scenario
SCW-0288-1,SCW-0288,2025-10-15,,news,Energy,Southeast Asia,"Industry output remained broadly stable this week, with normal freight flows and no material production interruptions reported. Sector context: energy; region: southeast asia.",0.222,0,none,none,,train,1,template-generated synthetic scenario
SCW-0288-2,SCW-0288,2025-10-15,,social_media,Energy,Southeast Asia,Routine logistics updates indicate normal transit times and no unusual capacity constraints across key lanes. Sector context: energy; region: southeast asia.,0.214,0,none,none,,train,1,template-generated synthetic scenario
SCW-0288-3,SCW-0288,2025-10-15,,supplier_communication,Energy,Southeast Asia,Vendor communication confirms normal operating capacity and standard lead times for current purchase orders. Sector context: energy; region: southeast asia.,0.138,0,none,none,,train,1,template-generated synthetic scenario
SCW-0288-4,SCW-0288,2025-10-15,,financial_report,Energy,Southeast Asia,Risk commentary indicates standard operating conditions with no significant new supply constraints. Sector context: energy; region: southeast asia.,0.326,0,none,none,,train,1,template-generated synthetic scenario
SCW-0289-1,SCW-0289,2025-10-16,,news,Industrial Manufacturing,Southeast Asia,"Industry output remained broadly stable this week, with normal freight flows and no material production interruptions reported. Sector context: industrial manufacturing; region: southeast asia.",0.045,0,none,none,,train,1,template-generated synthetic scenario
SCW-0289-2,SCW-0289,2025-10-16,,social_media,Industrial Manufacturing,Southeast Asia,Routine logistics updates indicate normal transit times and no unusual capacity constraints across key lanes. Sector context: industrial manufacturing; region: southeast asia.,0.327,0,none,none,,train,1,template-generated synthetic scenario
SCW-0289-3,SCW-0289,2025-10-16,,supplier_communication,Industrial Manufacturing,Southeast Asia,Vendor communication confirms normal operating capacity and standard lead times for current purchase orders. Sector context: industrial manufacturing; region: southeast asia.,0.476,0,none,none,,train,1,template-generated synthetic scenario
SCW-0289-4,SCW-0289,2025-10-16,,financial_report,Industrial Manufacturing,Southeast Asia,Management reported stable operations and no material supply interruptions during the current reporting period. Sector context: industrial manufacturing; region: southeast asia.,0.244,0,none,none,,train,1,template-generated synthetic scenario
SCW-0290-1,SCW-0290,2025-10-17,,news,Consumer Electronics,Latin America,"Industry output remained broadly stable this week, with normal freight flows and no material production interruptions reported. Sector context: consumer electronics; region: latin america.",0.26,0,none,none,,train,1,template-generated synthetic scenario
SCW-0290-2,SCW-0290,2025-10-17,,social_media,Consumer Electronics,Latin America,Routine logistics updates indicate normal transit times and no unusual capacity constraints across key lanes. Sector context: consumer electronics; region: latin america.,0.185,0,none,none,,train,1,template-generated synthetic scenario
SCW-0290-3,SCW-0290,2025-10-17,,supplier_communication,Consumer Electronics,Latin America,"Supplier update: production and shipment schedules remain on plan, with no material changes to committed delivery dates. Sector context: consumer electronics; region: latin america.",0.243,0,none,none,,train,1,template-generated synthetic scenario
SCW-0290-4,SCW-0290,2025-10-17,,financial_report,Consumer Electronics,Latin America,Risk commentary indicates standard operating conditions with no significant new supply constraints. Sector context: consumer electronics; region: latin america.,0.253,0,none,none,,train,1,template-generated synthetic scenario
SCW-0291-1,SCW-0291,2025-10-18,,news,Medical Devices,Southeast Asia,Manufacturers reported routine operations and balanced inventory positions across major distribution channels. Sector context: medical devices; region: southeast asia.,0.121,0,none,none,,train,1,template-generated synthetic scenario
SCW-0291-2,SCW-0291,2025-10-18,,social_media,Medical Devices,Southeast Asia,Routine logistics updates indicate normal transit times and no unusual capacity constraints across key lanes. Sector context: medical devices; region: southeast asia.,0.207,0,none,none,,train,1,template-generated synthetic scenario
SCW-0291-3,SCW-0291,2025-10-18,,supplier_communication,Medical Devices,Southeast Asia,"Supplier update: production and shipment schedules remain on plan, with no material changes to committed delivery dates. Sector context: medical devices; region: southeast asia.",0.128,0,none,none,,train,1,template-generated synthetic scenario
SCW-0291-4,SCW-0291,2025-10-18,,financial_report,Medical Devices,Southeast Asia,Risk commentary indicates standard operating conditions with no significant new supply constraints. Sector context: medical devices; region: southeast asia.,0.228,0,none,none,,train,1,template-generated synthetic scenario
SCW-0292-1,SCW-0292,2025-10-19,,news,Automotive,South Asia,"Industry output remained broadly stable this week, with normal freight flows and no material production interruptions reported. Sector context: automotive; region: south asia.",0.052,0,none,none,,train,1,template-generated synthetic scenario
SCW-0292-2,SCW-0292,2025-10-19,,social_media,Automotive,South Asia,Routine logistics updates indicate normal transit times and no unusual capacity constraints across key lanes. Sector context: automotive; region: south asia.,0.249,0,none,none,,train,1,template-generated synthetic scenario
SCW-0292-3,SCW-0292,2025-10-19,,supplier_communication,Automotive,South Asia,"Supplier update: production and shipment schedules remain on plan, with no material changes to committed delivery dates. Sector context: automotive; region: south asia.",0.263,0,none,none,,train,1,template-generated synthetic scenario
SCW-0292-4,SCW-0292,2025-10-19,,financial_report,Automotive,South Asia,Management reported stable operations and no material supply interruptions during the current reporting period. Sector context: automotive; region: south asia.,0.239,0,none,none,,train,1,template-generated synthetic scenario
SCW-0293-1,SCW-0293,2025-10-20,,news,Food & Beverage,Southeast Asia,"Industry output remained broadly stable this week, with normal freight flows and no material production interruptions reported. Sector context: food & beverage; region: southeast asia.",0.117,0,none,none,,train,1,template-generated synthetic scenario
SCW-0293-2,SCW-0293,2025-10-20,,social_media,Food & Beverage,Southeast Asia,Procurement discussions show typical lead times and stable availability for most monitored inputs. Sector context: food & beverage; region: southeast asia.,0.26,0,none,none,,train,1,template-generated synthetic scenario
SCW-0293-3,SCW-0293,2025-10-20,,supplier_communication,Food & Beverage,Southeast Asia,Vendor communication confirms normal operating capacity and standard lead times for current purchase orders. Sector context: food & beverage; region: southeast asia.,0.029,0,none,none,,train,1,template-generated synthetic scenario
SCW-0293-4,SCW-0293,2025-10-20,,financial_report,Food & Beverage,Southeast Asia,Risk commentary indicates standard operating conditions with no significant new supply constraints. Sector context: food & beverage; region: southeast asia.,0.33,0,none,none,,train,1,template-generated synthetic scenario
SCW-0294-1,SCW-0294,2025-10-21,,news,Medical Devices,Latin America,"Industry output remained broadly stable this week, with normal freight flows and no material production interruptions reported. Sector context: medical devices; region: latin america.",0.36,0,none,none,,train,1,template-generated synthetic scenario
SCW-0294-2,SCW-0294,2025-10-21,,social_media,Medical Devices,Latin America,Routine logistics updates indicate normal transit times and no unusual capacity constraints across key lanes. Sector context: medical devices; region: latin america.,0.248,0,none,none,,train,1,template-generated synthetic scenario
SCW-0294-3,SCW-0294,2025-10-21,,supplier_communication,Medical Devices,Latin America,"Supplier update: production and shipment schedules remain on plan, with no material changes to committed delivery dates. Sector context: medical devices; region: latin america.",0.049,0,none,none,,train,1,template-generated synthetic scenario
SCW-0294-4,SCW-0294,2025-10-21,,financial_report,Medical Devices,Latin America,Management reported stable operations and no material supply interruptions during the current reporting period. Sector context: medical devices; region: latin america.,0.211,0,none,none,,train,1,template-generated synthetic scenario
SCW-0295-1,SCW-0295,2025-10-22,2025-10-23,news,Automotive,Europe,Workers at a major transport or production site have announced industrial action that may interrupt normal operations. Sector context: automotive; region: europe.,0.736,1,labor_disruption,high,1,train,1,template-generated synthetic scenario
SCW-0295-2,SCW-0295,2025-10-22,2025-10-23,social_media,Automotive,Europe,Local updates indicate staffing shortages and reduced shifts at a major warehouse and transport facility. Sector context: automotive; region: europe.,0.701,1,labor_disruption,high,1,train,1,template-generated synthetic scenario
SCW-0295-3,SCW-0295,2025-10-22,2025-10-23,supplier_communication,Automotive,Europe,Supplier notice: staffing constraints may reduce production output and delay order completion. Sector context: automotive; region: europe.,0.663,1,labor_disruption,high,1,train,1,template-generated synthetic scenario
SCW-0295-4,SCW-0295,2025-10-22,2025-10-23,financial_report,Automotive,Europe,Management identified labor availability and industrial relations as near-term operational risks. Sector context: automotive; region: europe.,0.815,1,labor_disruption,high,1,train,1,template-generated synthetic scenario
SCW-0296-1,SCW-0296,2025-10-23,,news,Consumer Electronics,Middle East,"Industry output remained broadly stable this week, with normal freight flows and no material production interruptions reported. Sector context: consumer electronics; region: middle east.",0.128,0,none,none,,train,1,template-generated synthetic scenario
SCW-0296-2,SCW-0296,2025-10-23,,social_media,Consumer Electronics,Middle East,Routine logistics updates indicate normal transit times and no unusual capacity constraints across key lanes. Sector context: consumer electronics; region: middle east.,0.446,0,none,none,,train,1,template-generated synthetic scenario
SCW-0296-3,SCW-0296,2025-10-23,,supplier_communication,Consumer Electronics,Middle East,"Supplier update: production and shipment schedules remain on plan, with no material changes to committed delivery dates. Sector context: consumer electronics; region: middle east.",0.102,0,none,none,,train,1,template-generated synthetic scenario
SCW-0296-4,SCW-0296,2025-10-23,,financial_report,Consumer Electronics,Middle East,Management reported stable operations and no material supply interruptions during the current reporting period. Sector context: consumer electronics; region: middle east.,0.268,0,none,none,,train,1,template-generated synthetic scenario
SCW-0297-1,SCW-0297,2025-10-24,2025-11-03,news,Aerospace,Middle East,Port congestion and equipment shortages are increasing vessel dwell times and delaying container availability. Sector context: aerospace; region: middle east.,0.564,1,logistics_transport,low,10,train,1,template-generated synthetic scenario
SCW-0297-2,SCW-0297,2025-10-24,2025-11-03,social_media,Aerospace,Middle East,"Freight updates show growing queues, missed connections, and limited equipment availability at a major gateway. Sector context: aerospace; region: middle east.",0.574,1,logistics_transport,low,10,train,1,template-generated synthetic scenario
SCW-0297-3,SCW-0297,2025-10-24,2025-11-03,supplier_communication,Aerospace,Middle East,Supplier advises that port congestion and equipment shortages may delay confirmed dispatch dates. Sector context: aerospace; region: middle east.,0.618,1,logistics_transport,low,10,train,1,template-generated synthetic scenario
SCW-0297-4,SCW-0297,2025-10-24,2025-11-03,financial_report,Aerospace,Middle East,Risk commentary cites persistent logistics congestion and constrained carrier capacity. Sector context: aerospace; region: middle east.,0.532,1,logistics_transport,low,10,train,1,template-generated synthetic scenario
SCW-0298-1,SCW-0298,2025-10-25,,news,Logistics,South Asia,"Industry output remained broadly stable this week, with normal freight flows and no material production interruptions reported. Sector context: logistics; region: south asia.",0.21,0,none,none,,train,1,template-generated synthetic scenario
SCW-0298-2,SCW-0298,2025-10-25,,social_media,Logistics,South Asia,Procurement discussions show typical lead times and stable availability for most monitored inputs. Sector context: logistics; region: south asia.,0.239,0,none,none,,train,1,template-generated synthetic scenario
SCW-0298-3,SCW-0298,2025-10-25,,supplier_communication,Logistics,South Asia,"Supplier update: production and shipment schedules remain on plan, with no material changes to committed delivery dates. Sector context: logistics; region: south asia.",0.02,0,none,none,,train,1,template-generated synthetic scenario
SCW-0298-4,SCW-0298,2025-10-25,,financial_report,Logistics,South Asia,Risk commentary indicates standard operating conditions with no significant new supply constraints. Sector context: logistics; region: south asia.,0.265,0,none,none,,train,1,template-generated synthetic scenario
SCW-0299-1,SCW-0299,2025-10-26,,news,Semiconductors,Global,"Industry output remained broadly stable this week, with normal freight flows and no material production interruptions reported. Sector context: semiconductors; region: global.",0.311,0,none,none,,train,1,template-generated synthetic scenario
SCW-0299-2,SCW-0299,2025-10-26,,social_media,Semiconductors,Global,Procurement discussions show typical lead times and stable availability for most monitored inputs. Sector context: semiconductors; region: global.,0.188,0,none,none,,train,1,template-generated synthetic scenario
SCW-0299-3,SCW-0299,2025-10-26,,supplier_communication,Semiconductors,Global,Vendor communication confirms normal operating capacity and standard lead times for current purchase orders. Sector context: semiconductors; region: global.,0.243,0,none,none,,train,1,template-generated synthetic scenario
SCW-0299-4,SCW-0299,2025-10-26,,financial_report,Semiconductors,Global,Risk commentary indicates standard operating conditions with no significant new supply constraints. Sector context: semiconductors; region: global.,0.329,0,none,none,,train,1,template-generated synthetic scenario
SCW-0300-1,SCW-0300,2025-10-27,,news,Medical Devices,South Asia,"Industry output remained broadly stable this week, with normal freight flows and no material production interruptions reported. Sector context: medical devices; region: south asia.",0.2,0,none,none,,train,1,template-generated synthetic scenario
SCW-0300-2,SCW-0300,2025-10-27,,social_media,Medical Devices,South Asia,Procurement discussions show typical lead times and stable availability for most monitored inputs. Sector context: medical devices; region: south asia.,0.107,0,none,none,,train,1,template-generated synthetic scenario
SCW-0300-3,SCW-0300,2025-10-27,,supplier_communication,Medical Devices,South Asia,"Supplier update: production and shipment schedules remain on plan, with no material changes to committed delivery dates. Sector context: medical devices; region: south asia.",0.176,0,none,none,,train,1,template-generated synthetic scenario
SCW-0300-4,SCW-0300,2025-10-27,,financial_report,Medical Devices,South Asia,Management reported stable operations and no material supply interruptions during the current reporting period. Sector context: medical devices; region: south asia.,0.253,0,none,none,,train,1,template-generated synthetic scenario
SCW-0301-1,SCW-0301,2025-10-28,2025-10-31,news,Medical Devices,Europe,Unexpected demand acceleration is creating shortages across several product categories and stretching upstream capacity. Sector context: medical devices; region: europe.,0.752,1,demand_shock,high,3,train,1,template-generated synthetic scenario
SCW-0301-2,SCW-0301,2025-10-28,2025-10-31,social_media,Medical Devices,Europe,Retailers report rapid sell-through and widespread backorders as demand exceeds planned inventory. Sector context: medical devices; region: europe.,0.733,1,demand_shock,high,3,train,1,template-generated synthetic scenario
SCW-0301-3,SCW-0301,2025-10-28,2025-10-31,supplier_communication,Medical Devices,Europe,Vendor advises that demand volatility is affecting capacity planning and committed lead times. Sector context: medical devices; region: europe.,0.831,1,demand_shock,high,3,train,1,template-generated synthetic scenario
SCW-0301-4,SCW-0301,2025-10-28,2025-10-31,financial_report,Medical Devices,Europe,Financial commentary cites capacity pressure from unexpectedly strong demand and constrained upstream supply. Sector context: medical devices; region: europe.,0.7,1,demand_shock,high,3,train,1,template-generated synthetic scenario
SCW-0302-1,SCW-0302,2025-10-29,,news,Automotive,Southeast Asia,Manufacturers reported routine operations and balanced inventory positions across major distribution channels. Sector context: automotive; region: southeast asia.,0.202,0,none,none,,train,1,template-generated synthetic scenario
SCW-0302-2,SCW-0302,2025-10-29,,social_media,Automotive,Southeast Asia,Procurement discussions show typical lead times and stable availability for most monitored inputs. Sector context: automotive; region: southeast asia.,0.162,0,none,none,,train,1,template-generated synthetic scenario
SCW-0302-3,SCW-0302,2025-10-29,,supplier_communication,Automotive,Southeast Asia,Vendor communication confirms normal operating capacity and standard lead times for current purchase orders. Sector context: automotive; region: southeast asia.,0.111,0,none,none,,train,1,template-generated synthetic scenario
SCW-0302-4,SCW-0302,2025-10-29,,financial_report,Automotive,Southeast Asia,Risk commentary indicates standard operating conditions with no significant new supply constraints. Sector context: automotive; region: southeast asia.,0.337,0,none,none,,train,1,template-generated synthetic scenario
SCW-0303-1,SCW-0303,2025-10-30,,news,Aerospace,Europe,Manufacturers reported routine operations and balanced inventory positions across major distribution channels. Sector context: aerospace; region: europe.,0.355,0,none,none,,train,1,template-generated synthetic scenario
SCW-0303-2,SCW-0303,2025-10-30,,social_media,Aerospace,Europe,Procurement discussions show typical lead times and stable availability for most monitored inputs. Sector context: aerospace; region: europe.,0.02,0,none,none,,train,1,template-generated synthetic scenario
SCW-0303-3,SCW-0303,2025-10-30,,supplier_communication,Aerospace,Europe,"Supplier update: production and shipment schedules remain on plan, with no material changes to committed delivery dates. Sector context: aerospace; region: europe.",0.203,0,none,none,,train,1,template-generated synthetic scenario
SCW-0303-4,SCW-0303,2025-10-30,,financial_report,Aerospace,Europe,Management reported stable operations and no material supply interruptions during the current reporting period. Sector context: aerospace; region: europe.,0.087,0,none,none,,train,1,template-generated synthetic scenario
SCW-0304-1,SCW-0304,2025-10-31,,news,Aerospace,Global,"Industry output remained broadly stable this week, with normal freight flows and no material production interruptions reported. Sector context: aerospace; region: global.",0.199,0,none,none,,train,1,template-generated synthetic scenario
SCW-0304-2,SCW-0304,2025-10-31,,social_media,Aerospace,Global,Routine logistics updates indicate normal transit times and no unusual capacity constraints across key lanes. Sector context: aerospace; region: global.,0.212,0,none,none,,train,1,template-generated synthetic scenario
SCW-0304-3,SCW-0304,2025-10-31,,supplier_communication,Aerospace,Global,Vendor communication confirms normal operating capacity and standard lead times for current purchase orders. Sector context: aerospace; region: global.,0.137,0,none,none,,train,1,template-generated synthetic scenario
SCW-0304-4,SCW-0304,2025-10-31,,financial_report,Aerospace,Global,Management reported stable operations and no material supply interruptions during the current reporting period. Sector context: aerospace; region: global.,0.243,0,none,none,,train,1,template-generated synthetic scenario
SCW-0305-1,SCW-0305,2025-11-01,,news,Pharmaceuticals,South Asia,Manufacturers reported routine operations and balanced inventory positions across major distribution channels. Sector context: pharmaceuticals; region: south asia.,0.139,0,none,none,,train,1,template-generated synthetic scenario
SCW-0305-2,SCW-0305,2025-11-01,,social_media,Pharmaceuticals,South Asia,Routine logistics updates indicate normal transit times and no unusual capacity constraints across key lanes. Sector context: pharmaceuticals; region: south asia.,0.368,0,none,none,,train,1,template-generated synthetic scenario
SCW-0305-3,SCW-0305,2025-11-01,,supplier_communication,Pharmaceuticals,South Asia,"Supplier update: production and shipment schedules remain on plan, with no material changes to committed delivery dates. Sector context: pharmaceuticals; region: south asia.",0.222,0,none,none,,train,1,template-generated synthetic scenario
SCW-0305-4,SCW-0305,2025-11-01,,financial_report,Pharmaceuticals,South Asia,Management reported stable operations and no material supply interruptions during the current reporting period. Sector context: pharmaceuticals; region: south asia.,0.195,0,none,none,,train,1,template-generated synthetic scenario
SCW-0306-1,SCW-0306,2025-11-02,,news,Pharmaceuticals,South Asia,"Industry output remained broadly stable this week, with normal freight flows and no material production interruptions reported. Sector context: pharmaceuticals; region: south asia.",0.22,0,none,none,,train,1,template-generated synthetic scenario
SCW-0306-2,SCW-0306,2025-11-02,,social_media,Pharmaceuticals,South Asia,Procurement discussions show typical lead times and stable availability for most monitored inputs. Sector context: pharmaceuticals; region: south asia.,0.382,0,none,none,,train,1,template-generated synthetic scenario
SCW-0306-3,SCW-0306,2025-11-02,,supplier_communication,Pharmaceuticals,South Asia,"Supplier update: production and shipment schedules remain on plan, with no material changes to committed delivery dates. Sector context: pharmaceuticals; region: south asia.",0.303,0,none,none,,train,1,template-generated synthetic scenario
SCW-0306-4,SCW-0306,2025-11-02,,financial_report,Pharmaceuticals,South Asia,Management reported stable operations and no material supply interruptions during the current reporting period. Sector context: pharmaceuticals; region: south asia.,0.331,0,none,none,,train,1,template-generated synthetic scenario
SCW-0307-1,SCW-0307,2025-11-03,,news,Pharmaceuticals,Global,"Industry output remained broadly stable this week, with normal freight flows and no material production interruptions reported. Sector context: pharmaceuticals; region: global.",0.115,0,none,none,,train,1,template-generated synthetic scenario
SCW-0307-2,SCW-0307,2025-11-03,,social_media,Pharmaceuticals,Global,Routine logistics updates indicate normal transit times and no unusual capacity constraints across key lanes. Sector context: pharmaceuticals; region: global.,0.195,0,none,none,,train,1,template-generated synthetic scenario
SCW-0307-3,SCW-0307,2025-11-03,,supplier_communication,Pharmaceuticals,Global,"Supplier update: production and shipment schedules remain on plan, with no material changes to committed delivery dates. Sector context: pharmaceuticals; region: global.",0.262,0,none,none,,train,1,template-generated synthetic scenario
SCW-0307-4,SCW-0307,2025-11-03,,financial_report,Pharmaceuticals,Global,Management reported stable operations and no material supply interruptions during the current reporting period. Sector context: pharmaceuticals; region: global.,0.162,0,none,none,,train,1,template-generated synthetic scenario
SCW-0308-1,SCW-0308,2025-11-04,,news,Apparel,Southeast Asia,"Industry output remained broadly stable this week, with normal freight flows and no material production interruptions reported. Sector context: apparel; region: southeast asia.",0.182,0,none,none,,train,1,template-generated synthetic scenario
SCW-0308-2,SCW-0308,2025-11-04,,social_media,Apparel,Southeast Asia,Procurement discussions show typical lead times and stable availability for most monitored inputs. Sector context: apparel; region: southeast asia.,0.021,0,none,none,,train,1,template-generated synthetic scenario
SCW-0308-3,SCW-0308,2025-11-04,,supplier_communication,Apparel,Southeast Asia,"Supplier update: production and shipment schedules remain on plan, with no material changes to committed delivery dates. Sector context: apparel; region: southeast asia.",0.217,0,none,none,,train,1,template-generated synthetic scenario
SCW-0308-4,SCW-0308,2025-11-04,,financial_report,Apparel,Southeast Asia,Management reported stable operations and no material supply interruptions during the current reporting period. Sector context: apparel; region: southeast asia.,0.219,0,none,none,,train,1,template-generated synthetic scenario
SCW-0309-1,SCW-0309,2025-11-05,,news,Retail,Southeast Asia,Manufacturers reported routine operations and balanced inventory positions across major distribution channels. Sector context: retail; region: southeast asia.,0.24,0,none,none,,train,1,template-generated synthetic scenario
SCW-0309-2,SCW-0309,2025-11-05,,social_media,Retail,Southeast Asia,Routine logistics updates indicate normal transit times and no unusual capacity constraints across key lanes. Sector context: retail; region: southeast asia.,0.408,0,none,none,,train,1,template-generated synthetic scenario
SCW-0309-3,SCW-0309,2025-11-05,,supplier_communication,Retail,Southeast Asia,"Supplier update: production and shipment schedules remain on plan, with no material changes to committed delivery dates. Sector context: retail; region: southeast asia.",0.283,0,none,none,,train,1,template-generated synthetic scenario
SCW-0309-4,SCW-0309,2025-11-05,,financial_report,Retail,Southeast Asia,Risk commentary indicates standard operating conditions with no significant new supply constraints. Sector context: retail; region: southeast asia.,0.366,0,none,none,,train,1,template-generated synthetic scenario
SCW-0310-1,SCW-0310,2025-11-06,,news,Consumer Electronics,Latin America,"Industry output remained broadly stable this week, with normal freight flows and no material production interruptions reported. Sector context: consumer electronics; region: latin america.",0.195,0,none,none,,train,1,template-generated synthetic scenario
SCW-0310-2,SCW-0310,2025-11-06,,social_media,Consumer Electronics,Latin America,Routine logistics updates indicate normal transit times and no unusual capacity constraints across key lanes. Sector context: consumer electronics; region: latin america.,0.437,0,none,none,,train,1,template-generated synthetic scenario
SCW-0310-3,SCW-0310,2025-11-06,,supplier_communication,Consumer Electronics,Latin America,Vendor communication confirms normal operating capacity and standard lead times for current purchase orders. Sector context: consumer electronics; region: latin america.,0.275,0,none,none,,train,1,template-generated synthetic scenario
SCW-0310-4,SCW-0310,2025-11-06,,financial_report,Consumer Electronics,Latin America,Management reported stable operations and no material supply interruptions during the current reporting period. Sector context: consumer electronics; region: latin america.,0.283,0,none,none,,train,1,template-generated synthetic scenario
SCW-0311-1,SCW-0311,2025-11-07,2025-11-11,news,Consumer Electronics,North America,A logistics technology provider reported a cyber incident that has disrupted booking and tracking systems. Sector context: consumer electronics; region: north america.,0.693,1,cyber_incident,medium,4,train,1,template-generated synthetic scenario
SCW-0311-2,SCW-0311,2025-11-07,2025-11-11,social_media,Consumer Electronics,North America,Users report widespread shipment-tracking outages and manual processing after a suspected cyber incident. Sector context: consumer electronics; region: north america.,0.916,1,cyber_incident,medium,4,train,1,template-generated synthetic scenario
SCW-0311-3,SCW-0311,2025-11-07,2025-11-11,supplier_communication,Consumer Electronics,North America,"Vendor advisory states that manual processes are in place while systems are restored, potentially affecting shipment confirmation. Sector context: consumer electronics; region: north america.",0.625,1,cyber_incident,medium,4,train,1,template-generated synthetic scenario
SCW-0311-4,SCW-0311,2025-11-07,2025-11-11,financial_report,Consumer Electronics,North America,Management noted business-continuity risk from recent system disruption and ongoing remediation activities. Sector context: consumer electronics; region: north america.,0.796,1,cyber_incident,medium,4,train,1,template-generated synthetic scenario
SCW-0312-1,SCW-0312,2025-11-08,,news,Automotive,Europe,"Industry output remained broadly stable this week, with normal freight flows and no material production interruptions reported. Sector context: automotive; region: europe.",0.233,0,none,none,,train,1,template-generated synthetic scenario
SCW-0312-2,SCW-0312,2025-11-08,,social_media,Automotive,Europe,Procurement discussions show typical lead times and stable availability for most monitored inputs. Sector context: automotive; region: europe.,0.186,0,none,none,,train,1,template-generated synthetic scenario
SCW-0312-3,SCW-0312,2025-11-08,,supplier_communication,Automotive,Europe,"Supplier update: production and shipment schedules remain on plan, with no material changes to committed delivery dates. Sector context: automotive; region: europe.",0.305,0,none,none,,train,1,template-generated synthetic scenario
SCW-0312-4,SCW-0312,2025-11-08,,financial_report,Automotive,Europe,Management reported stable operations and no material supply interruptions during the current reporting period. Sector context: automotive; region: europe.,0.125,0,none,none,,train,1,template-generated synthetic scenario
SCW-0313-1,SCW-0313,2025-11-09,,news,Semiconductors,Europe,"Industry output remained broadly stable this week, with normal freight flows and no material production interruptions reported. Sector context: semiconductors; region: europe.",0.216,0,none,none,,train,1,template-generated synthetic scenario
SCW-0313-2,SCW-0313,2025-11-09,,social_media,Semiconductors,Europe,Procurement discussions show typical lead times and stable availability for most monitored inputs. Sector context: semiconductors; region: europe.,0.152,0,none,none,,train,1,template-generated synthetic scenario
SCW-0313-3,SCW-0313,2025-11-09,,supplier_communication,Semiconductors,Europe,Vendor communication confirms normal operating capacity and standard lead times for current purchase orders. Sector context: semiconductors; region: europe.,0.208,0,none,none,,train,1,template-generated synthetic scenario
SCW-0313-4,SCW-0313,2025-11-09,,financial_report,Semiconductors,Europe,Risk commentary indicates standard operating conditions with no significant new supply constraints. Sector context: semiconductors; region: europe.,0.086,0,none,none,,train,1,template-generated synthetic scenario
SCW-0314-1,SCW-0314,2025-11-10,,news,Pharmaceuticals,Latin America,Manufacturers reported routine operations and balanced inventory positions across major distribution channels. Sector context: pharmaceuticals; region: latin america.,0.279,0,none,none,,train,1,template-generated synthetic scenario
SCW-0314-2,SCW-0314,2025-11-10,,social_media,Pharmaceuticals,Latin America,Routine logistics updates indicate normal transit times and no unusual capacity constraints across key lanes. Sector context: pharmaceuticals; region: latin america.,0.034,0,none,none,,train,1,template-generated synthetic scenario
SCW-0314-3,SCW-0314,2025-11-10,,supplier_communication,Pharmaceuticals,Latin America,Vendor communication confirms normal operating capacity and standard lead times for current purchase orders. Sector context: pharmaceuticals; region: latin america.,0.125,0,none,none,,train,1,template-generated synthetic scenario
SCW-0314-4,SCW-0314,2025-11-10,,financial_report,Pharmaceuticals,Latin America,Management reported stable operations and no material supply interruptions during the current reporting period. Sector context: pharmaceuticals; region: latin america.,0.232,0,none,none,,train,1,template-generated synthetic scenario
SCW-0315-1,SCW-0315,2025-11-11,,news,Medical Devices,Latin America,Manufacturers reported routine operations and balanced inventory positions across major distribution channels. Sector context: medical devices; region: latin america.,0.381,0,none,none,,train,1,template-generated synthetic scenario
SCW-0315-2,SCW-0315,2025-11-11,,social_media,Medical Devices,Latin America,Routine logistics updates indicate normal transit times and no unusual capacity constraints across key lanes. Sector context: medical devices; region: latin america.,0.051,0,none,none,,train,1,template-generated synthetic scenario
SCW-0315-3,SCW-0315,2025-11-11,,supplier_communication,Medical Devices,Latin America,"Supplier update: production and shipment schedules remain on plan, with no material changes to committed delivery dates. Sector context: medical devices; region: latin america.",0.229,0,none,none,,train,1,template-generated synthetic scenario
SCW-0315-4,SCW-0315,2025-11-11,,financial_report,Medical Devices,Latin America,Management reported stable operations and no material supply interruptions during the current reporting period. Sector context: medical devices; region: latin america.,0.25,0,none,none,,train,1,template-generated synthetic scenario
SCW-0316-1,SCW-0316,2025-11-12,,news,Medical Devices,South Asia,"Industry output remained broadly stable this week, with normal freight flows and no material production interruptions reported. Sector context: medical devices; region: south asia.",0.285,0,none,none,,train,1,template-generated synthetic scenario
SCW-0316-2,SCW-0316,2025-11-12,,social_media,Medical Devices,South Asia,Procurement discussions show typical lead times and stable availability for most monitored inputs. Sector context: medical devices; region: south asia.,0.102,0,none,none,,train,1,template-generated synthetic scenario
SCW-0316-3,SCW-0316,2025-11-12,,supplier_communication,Medical Devices,South Asia,"Supplier update: production and shipment schedules remain on plan, with no material changes to committed delivery dates. Sector context: medical devices; region: south asia.",0.146,0,none,none,,train,1,template-generated synthetic scenario
SCW-0316-4,SCW-0316,2025-11-12,,financial_report,Medical Devices,South Asia,Management reported stable operations and no material supply interruptions during the current reporting period. Sector context: medical devices; region: south asia.,0.074,0,none,none,,train,1,template-generated synthetic scenario
SCW-0317-1,SCW-0317,2025-11-13,,news,Medical Devices,East Asia,"Industry output remained broadly stable this week, with normal freight flows and no material production interruptions reported. Sector context: medical devices; region: east asia.",0.202,0,none,none,,train,1,template-generated synthetic scenario
SCW-0317-2,SCW-0317,2025-11-13,,social_media,Medical Devices,East Asia,Procurement discussions show typical lead times and stable availability for most monitored inputs. Sector context: medical devices; region: east asia.,0.336,0,none,none,,train,1,template-generated synthetic scenario
SCW-0317-3,SCW-0317,2025-11-13,,supplier_communication,Medical Devices,East Asia,"Supplier update: production and shipment schedules remain on plan, with no material changes to committed delivery dates. Sector context: medical devices; region: east asia.",0.23,0,none,none,,train,1,template-generated synthetic scenario
SCW-0317-4,SCW-0317,2025-11-13,,financial_report,Medical Devices,East Asia,Management reported stable operations and no material supply interruptions during the current reporting period. Sector context: medical devices; region: east asia.,0.153,0,none,none,,train,1,template-generated synthetic scenario
SCW-0318-1,SCW-0318,2025-11-14,,news,Aerospace,North America,"Industry output remained broadly stable this week, with normal freight flows and no material production interruptions reported. Sector context: aerospace; region: north america.",0.203,0,none,none,,train,1,template-generated synthetic scenario
SCW-0318-2,SCW-0318,2025-11-14,,social_media,Aerospace,North America,Procurement discussions show typical lead times and stable availability for most monitored inputs. Sector context: aerospace; region: north america.,0.084,0,none,none,,train,1,template-generated synthetic scenario
SCW-0318-3,SCW-0318,2025-11-14,,supplier_communication,Aerospace,North America,"Supplier update: production and shipment schedules remain on plan, with no material changes to committed delivery dates. Sector context: aerospace; region: north america.",0.11,0,none,none,,train,1,template-generated synthetic scenario
SCW-0318-4,SCW-0318,2025-11-14,,financial_report,Aerospace,North America,Management reported stable operations and no material supply interruptions during the current reporting period. Sector context: aerospace; region: north america.,0.23,0,none,none,,train,1,template-generated synthetic scenario
SCW-0319-1,SCW-0319,2025-11-15,,news,Aerospace,Southeast Asia,Manufacturers reported routine operations and balanced inventory positions across major distribution channels. Sector context: aerospace; region: southeast asia.,0.152,0,none,none,,train,1,template-generated synthetic scenario
SCW-0319-2,SCW-0319,2025-11-15,,social_media,Aerospace,Southeast Asia,Procurement discussions show typical lead times and stable availability for most monitored inputs. Sector context: aerospace; region: southeast asia.,0.195,0,none,none,,train,1,template-generated synthetic scenario
SCW-0319-3,SCW-0319,2025-11-15,,supplier_communication,Aerospace,Southeast Asia,"Supplier update: production and shipment schedules remain on plan, with no material changes to committed delivery dates. Sector context: aerospace; region: southeast asia.",0.262,0,none,none,,train,1,template-generated synthetic scenario
SCW-0319-4,SCW-0319,2025-11-15,,financial_report,Aerospace,Southeast Asia,Risk commentary indicates standard operating conditions with no significant new supply constraints. Sector context: aerospace; region: southeast asia.,0.222,0,none,none,,train,1,template-generated synthetic scenario
SCW-0320-1,SCW-0320,2025-11-16,,news,Industrial Manufacturing,Latin America,"Industry output remained broadly stable this week, with normal freight flows and no material production interruptions reported. Sector context: industrial manufacturing; region: latin america.",0.393,0,none,none,,train,1,template-generated synthetic scenario
SCW-0320-2,SCW-0320,2025-11-16,,social_media,Industrial Manufacturing,Latin America,Procurement discussions show typical lead times and stable availability for most monitored inputs. Sector context: industrial manufacturing; region: latin america.,0.137,0,none,none,,train,1,template-generated synthetic scenario
SCW-0320-3,SCW-0320,2025-11-16,,supplier_communication,Industrial Manufacturing,Latin America,Vendor communication confirms normal operating capacity and standard lead times for current purchase orders. Sector context: industrial manufacturing; region: latin america.,0.246,0,none,none,,train,1,template-generated synthetic scenario
SCW-0320-4,SCW-0320,2025-11-16,,financial_report,Industrial Manufacturing,Latin America,Management reported stable operations and no material supply interruptions during the current reporting period. Sector context: industrial manufacturing; region: latin america.,0.248,0,none,none,,train,1,template-generated synthetic scenario
SCW-0321-1,SCW-0321,2025-11-17,,news,Medical Devices,Latin America,"Industry output remained broadly stable this week, with normal freight flows and no material production interruptions reported. Sector context: medical devices; region: latin america.",0.22,0,none,none,,train,1,template-generated synthetic scenario
SCW-0321-2,SCW-0321,2025-11-17,,social_media,Medical Devices,Latin America,Procurement discussions show typical lead times and stable availability for most monitored inputs. Sector context: medical devices; region: latin america.,0.171,0,none,none,,train,1,template-generated synthetic scenario
SCW-0321-3,SCW-0321,2025-11-17,,supplier_communication,Medical Devices,Latin America,"Supplier update: production and shipment schedules remain on plan, with no material changes to committed delivery dates. Sector context: medical devices; region: latin america.",0.312,0,none,none,,train,1,template-generated synthetic scenario
SCW-0321-4,SCW-0321,2025-11-17,,financial_report,Medical Devices,Latin America,Management reported stable operations and no material supply interruptions during the current reporting period. Sector context: medical devices; region: latin america.,0.216,0,none,none,,train,1,template-generated synthetic scenario
SCW-0322-1,SCW-0322,2025-11-18,2025-12-02,news,Consumer Electronics,North America,"A major freight corridor is experiencing capacity constraints, with transit times rising across multiple carriers. Sector context: consumer electronics; region: north america.",0.718,1,logistics_transport,medium,14,train,1,template-generated synthetic scenario
SCW-0322-2,SCW-0322,2025-11-18,2025-12-02,social_media,Consumer Electronics,North America,Shippers report repeated rollovers and longer transit times as network congestion intensifies. Sector context: consumer electronics; region: north america.,0.673,1,logistics_transport,medium,14,train,1,template-generated synthetic scenario
SCW-0322-3,SCW-0322,2025-11-18,2025-12-02,supplier_communication,Consumer Electronics,North America,Logistics update: current carrier capacity constraints are expected to extend delivery lead times for upcoming shipments. Sector context: consumer electronics; region: north america.,0.659,1,logistics_transport,medium,14,train,1,template-generated synthetic scenario
SCW-0322-4,SCW-0322,2025-11-18,2025-12-02,financial_report,Consumer Electronics,North America,Risk commentary cites persistent logistics congestion and constrained carrier capacity. Sector context: consumer electronics; region: north america.,0.659,1,logistics_transport,medium,14,train,1,template-generated synthetic scenario
SCW-0323-1,SCW-0323,2025-11-19,,news,Consumer Electronics,East Asia,"Industry output remained broadly stable this week, with normal freight flows and no material production interruptions reported. Sector context: consumer electronics; region: east asia.",0.181,0,none,none,,train,1,template-generated synthetic scenario
SCW-0323-2,SCW-0323,2025-11-19,,social_media,Consumer Electronics,East Asia,Routine logistics updates indicate normal transit times and no unusual capacity constraints across key lanes. Sector context: consumer electronics; region: east asia.,0.077,0,none,none,,train,1,template-generated synthetic scenario
SCW-0323-3,SCW-0323,2025-11-19,,supplier_communication,Consumer Electronics,East Asia,Vendor communication confirms normal operating capacity and standard lead times for current purchase orders. Sector context: consumer electronics; region: east asia.,0.346,0,none,none,,train,1,template-generated synthetic scenario
SCW-0323-4,SCW-0323,2025-11-19,,financial_report,Consumer Electronics,East Asia,Management reported stable operations and no material supply interruptions during the current reporting period. Sector context: consumer electronics; region: east asia.,0.261,0,none,none,,train,1,template-generated synthetic scenario
SCW-0324-1,SCW-0324,2025-11-20,,news,Logistics,Southeast Asia,Manufacturers reported routine operations and balanced inventory positions across major distribution channels. Sector context: logistics; region: southeast asia.,0.245,0,none,none,,train,1,template-generated synthetic scenario
SCW-0324-2,SCW-0324,2025-11-20,,social_media,Logistics,Southeast Asia,Routine logistics updates indicate normal transit times and no unusual capacity constraints across key lanes. Sector context: logistics; region: southeast asia.,0.316,0,none,none,,train,1,template-generated synthetic scenario
SCW-0324-3,SCW-0324,2025-11-20,,supplier_communication,Logistics,Southeast Asia,"Supplier update: production and shipment schedules remain on plan, with no material changes to committed delivery dates. Sector context: logistics; region: southeast asia.",0.265,0,none,none,,train,1,template-generated synthetic scenario
SCW-0324-4,SCW-0324,2025-11-20,,financial_report,Logistics,Southeast Asia,Risk commentary indicates standard operating conditions with no significant new supply constraints. Sector context: logistics; region: southeast asia.,0.179,0,none,none,,train,1,template-generated synthetic scenario
SCW-0325-1,SCW-0325,2025-11-21,,news,Industrial Manufacturing,Europe,Manufacturers reported routine operations and balanced inventory positions across major distribution channels. Sector context: industrial manufacturing; region: europe.,0.258,0,none,none,,train,1,template-generated synthetic scenario
SCW-0325-2,SCW-0325,2025-11-21,,social_media,Industrial Manufacturing,Europe,Routine logistics updates indicate normal transit times and no unusual capacity constraints across key lanes. Sector context: industrial manufacturing; region: europe.,0.26,0,none,none,,train,1,template-generated synthetic scenario
SCW-0325-3,SCW-0325,2025-11-21,,supplier_communication,Industrial Manufacturing,Europe,"Supplier update: production and shipment schedules remain on plan, with no material changes to committed delivery dates. Sector context: industrial manufacturing; region: europe.",0.343,0,none,none,,train,1,template-generated synthetic scenario
SCW-0325-4,SCW-0325,2025-11-21,,financial_report,Industrial Manufacturing,Europe,Risk commentary indicates standard operating conditions with no significant new supply constraints. Sector context: industrial manufacturing; region: europe.,0.238,0,none,none,,train,1,template-generated synthetic scenario
SCW-0326-1,SCW-0326,2025-11-22,,news,Retail,Europe,Manufacturers reported routine operations and balanced inventory positions across major distribution channels. Sector context: retail; region: europe.,0.187,0,none,none,,train,1,template-generated synthetic scenario
SCW-0326-2,SCW-0326,2025-11-22,,social_media,Retail,Europe,Routine logistics updates indicate normal transit times and no unusual capacity constraints across key lanes. Sector context: retail; region: europe.,0.196,0,none,none,,train,1,template-generated synthetic scenario
SCW-0326-3,SCW-0326,2025-11-22,,supplier_communication,Retail,Europe,Vendor communication confirms normal operating capacity and standard lead times for current purchase orders. Sector context: retail; region: europe.,0.25,0,none,none,,train,1,template-generated synthetic scenario
SCW-0326-4,SCW-0326,2025-11-22,,financial_report,Retail,Europe,Risk commentary indicates standard operating conditions with no significant new supply constraints. Sector context: retail; region: europe.,0.189,0,none,none,,train,1,template-generated synthetic scenario
SCW-0327-1,SCW-0327,2025-11-23,,news,Apparel,Southeast Asia,Manufacturers reported routine operations and balanced inventory positions across major distribution channels. Sector context: apparel; region: southeast asia.,0.02,0,none,none,,train,1,template-generated synthetic scenario
SCW-0327-2,SCW-0327,2025-11-23,,social_media,Apparel,Southeast Asia,Routine logistics updates indicate normal transit times and no unusual capacity constraints across key lanes. Sector context: apparel; region: southeast asia.,0.208,0,none,none,,train,1,template-generated synthetic scenario
SCW-0327-3,SCW-0327,2025-11-23,,supplier_communication,Apparel,Southeast Asia,"Supplier update: production and shipment schedules remain on plan, with no material changes to committed delivery dates. Sector context: apparel; region: southeast asia.",0.306,0,none,none,,train,1,template-generated synthetic scenario
SCW-0327-4,SCW-0327,2025-11-23,,financial_report,Apparel,Southeast Asia,Management reported stable operations and no material supply interruptions during the current reporting period. Sector context: apparel; region: southeast asia.,0.231,0,none,none,,train,1,template-generated synthetic scenario
SCW-0328-1,SCW-0328,2025-11-24,,news,Apparel,North America,"Industry output remained broadly stable this week, with normal freight flows and no material production interruptions reported. Sector context: apparel; region: north america.",0.076,0,none,none,,train,1,template-generated synthetic scenario
SCW-0328-2,SCW-0328,2025-11-24,,social_media,Apparel,North America,Routine logistics updates indicate normal transit times and no unusual capacity constraints across key lanes. Sector context: apparel; region: north america.,0.258,0,none,none,,train,1,template-generated synthetic scenario
SCW-0328-3,SCW-0328,2025-11-24,,supplier_communication,Apparel,North America,"Supplier update: production and shipment schedules remain on plan, with no material changes to committed delivery dates. Sector context: apparel; region: north america.",0.335,0,none,none,,train,1,template-generated synthetic scenario
SCW-0328-4,SCW-0328,2025-11-24,,financial_report,Apparel,North America,Risk commentary indicates standard operating conditions with no significant new supply constraints. Sector context: apparel; region: north america.,0.329,0,none,none,,train,1,template-generated synthetic scenario
SCW-0329-1,SCW-0329,2025-11-25,,news,Retail,Middle East,Manufacturers reported routine operations and balanced inventory positions across major distribution channels. Sector context: retail; region: middle east.,0.432,0,none,none,,train,1,template-generated synthetic scenario
SCW-0329-2,SCW-0329,2025-11-25,,social_media,Retail,Middle East,Routine logistics updates indicate normal transit times and no unusual capacity constraints across key lanes. Sector context: retail; region: middle east.,0.242,0,none,none,,train,1,template-generated synthetic scenario
SCW-0329-3,SCW-0329,2025-11-25,,supplier_communication,Retail,Middle East,"Supplier update: production and shipment schedules remain on plan, with no material changes to committed delivery dates. Sector context: retail; region: middle east.",0.158,0,none,none,,train,1,template-generated synthetic scenario
SCW-0329-4,SCW-0329,2025-11-25,,financial_report,Retail,Middle East,Management reported stable operations and no material supply interruptions during the current reporting period. Sector context: retail; region: middle east.,0.229,0,none,none,,train,1,template-generated synthetic scenario
SCW-0330-1,SCW-0330,2025-11-26,,news,Apparel,South Asia,Manufacturers reported routine operations and balanced inventory positions across major distribution channels. Sector context: apparel; region: south asia.,0.02,0,none,none,,train,1,template-generated synthetic scenario
SCW-0330-2,SCW-0330,2025-11-26,,social_media,Apparel,South Asia,Routine logistics updates indicate normal transit times and no unusual capacity constraints across key lanes. Sector context: apparel; region: south asia.,0.089,0,none,none,,train,1,template-generated synthetic scenario
SCW-0330-3,SCW-0330,2025-11-26,,supplier_communication,Apparel,South Asia,"Supplier update: production and shipment schedules remain on plan, with no material changes to committed delivery dates. Sector context: apparel; region: south asia.",0.28,0,none,none,,train,1,template-generated synthetic scenario
SCW-0330-4,SCW-0330,2025-11-26,,financial_report,Apparel,South Asia,Risk commentary indicates standard operating conditions with no significant new supply constraints. Sector context: apparel; region: south asia.,0.177,0,none,none,,train,1,template-generated synthetic scenario
SCW-0331-1,SCW-0331,2025-11-27,,news,Aerospace,Latin America,Manufacturers reported routine operations and balanced inventory positions across major distribution channels. Sector context: aerospace; region: latin america.,0.172,0,none,none,,train,1,template-generated synthetic scenario
SCW-0331-2,SCW-0331,2025-11-27,,social_media,Aerospace,Latin America,Routine logistics updates indicate normal transit times and no unusual capacity constraints across key lanes. Sector context: aerospace; region: latin america.,0.177,0,none,none,,train,1,template-generated synthetic scenario
SCW-0331-3,SCW-0331,2025-11-27,,supplier_communication,Aerospace,Latin America,Vendor communication confirms normal operating capacity and standard lead times for current purchase orders. Sector context: aerospace; region: latin america.,0.169,0,none,none,,train,1,template-generated synthetic scenario
SCW-0331-4,SCW-0331,2025-11-27,,financial_report,Aerospace,Latin America,Risk commentary indicates standard operating conditions with no significant new supply constraints. Sector context: aerospace; region: latin america.,0.273,0,none,none,,train,1,template-generated synthetic scenario
SCW-0332-1,SCW-0332,2025-11-28,2025-12-02,news,Medical Devices,Latin America,Authorities announced revised customs requirements that may delay cross-border shipments during the transition period. Sector context: medical devices; region: latin america.,0.835,1,regulatory_policy,high,4,train,1,template-generated synthetic scenario
SCW-0332-2,SCW-0332,2025-11-28,2025-12-02,social_media,Medical Devices,Latin America,Trade groups are discussing new product-origin rules and warning members to prepare for documentation and clearance delays. Sector context: medical devices; region: latin america.,0.763,1,regulatory_policy,high,4,train,1,template-generated synthetic scenario
SCW-0332-3,SCW-0332,2025-11-28,2025-12-02,supplier_communication,Medical Devices,Latin America,Supplier notice: updated customs requirements may affect export documentation and lead times for upcoming orders. Sector context: medical devices; region: latin america.,0.898,1,regulatory_policy,high,4,train,1,template-generated synthetic scenario
SCW-0332-4,SCW-0332,2025-11-28,2025-12-02,financial_report,Medical Devices,Latin America,Risk factors note uncertainty from changing trade documentation rules and possible delays in international supply flows. Sector context: medical devices; region: latin america.,0.753,1,regulatory_policy,high,4,train,1,template-generated synthetic scenario
SCW-0333-1,SCW-0333,2025-11-29,2025-12-13,news,Logistics,Global,"A new regulatory rule affecting trade documentation is expected to take effect soon, requiring changes to sourcing and documentation. Sector context: logistics; region: global.",0.941,1,regulatory_policy,critical,14,train,1,template-generated synthetic scenario
SCW-0333-2,SCW-0333,2025-11-29,2025-12-13,social_media,Logistics,Global,Industry participants report uncertainty about implementation of updated customs requirements across several ports. Sector context: logistics; region: global.,0.935,1,regulatory_policy,critical,14,train,1,template-generated synthetic scenario
SCW-0333-3,SCW-0333,2025-11-29,2025-12-13,supplier_communication,Logistics,Global,Vendor compliance team advises that new export-control controls could temporarily slow order processing and customs clearance. Sector context: logistics; region: global.,0.957,1,regulatory_policy,critical,14,train,1,template-generated synthetic scenario
SCW-0333-4,SCW-0333,2025-11-29,2025-12-13,financial_report,Logistics,Global,Risk factors note uncertainty from changing environmental compliance rules and possible delays in international supply flows. Sector context: logistics; region: global.,0.869,1,regulatory_policy,critical,14,train,1,template-generated synthetic scenario
SCW-0334-1,SCW-0334,2025-11-30,,news,Food & Beverage,South Asia,"Industry output remained broadly stable this week, with normal freight flows and no material production interruptions reported. Sector context: food & beverage; region: south asia.",0.021,0,none,none,,train,1,template-generated synthetic scenario
SCW-0334-2,SCW-0334,2025-11-30,,social_media,Food & Beverage,South Asia,Routine logistics updates indicate normal transit times and no unusual capacity constraints across key lanes. Sector context: food & beverage; region: south asia.,0.2,0,none,none,,train,1,template-generated synthetic scenario
SCW-0334-3,SCW-0334,2025-11-30,,supplier_communication,Food & Beverage,South Asia,"Supplier update: production and shipment schedules remain on plan, with no material changes to committed delivery dates. Sector context: food & beverage; region: south asia.",0.101,0,none,none,,train,1,template-generated synthetic scenario
SCW-0334-4,SCW-0334,2025-11-30,,financial_report,Food & Beverage,South Asia,Risk commentary indicates standard operating conditions with no significant new supply constraints. Sector context: food & beverage; region: south asia.,0.161,0,none,none,,train,1,template-generated synthetic scenario
SCW-0335-1,SCW-0335,2025-12-01,,news,Apparel,Latin America,Manufacturers reported routine operations and balanced inventory positions across major distribution channels. Sector context: apparel; region: latin america.,0.159,0,none,none,,train,1,template-generated synthetic scenario
SCW-0335-2,SCW-0335,2025-12-01,,social_media,Apparel,Latin America,Routine logistics updates indicate normal transit times and no unusual capacity constraints across key lanes. Sector context: apparel; region: latin america.,0.156,0,none,none,,train,1,template-generated synthetic scenario
SCW-0335-3,SCW-0335,2025-12-01,,supplier_communication,Apparel,Latin America,"Supplier update: production and shipment schedules remain on plan, with no material changes to committed delivery dates. Sector context: apparel; region: latin america.",0.06,0,none,none,,train,1,template-generated synthetic scenario
SCW-0335-4,SCW-0335,2025-12-01,,financial_report,Apparel,Latin America,Risk commentary indicates standard operating conditions with no significant new supply constraints. Sector context: apparel; region: latin america.,0.287,0,none,none,,train,1,template-generated synthetic scenario
SCW-0336-1,SCW-0336,2025-12-02,2025-12-10,news,Logistics,East Asia,Workers at a major transport or production site have announced industrial action that may interrupt normal operations. Sector context: logistics; region: east asia.,0.506,1,labor_disruption,low,8,train,1,template-generated synthetic scenario
SCW-0336-2,SCW-0336,2025-12-02,2025-12-10,social_media,Logistics,East Asia,Local updates indicate staffing shortages and reduced shifts at a major warehouse and transport facility. Sector context: logistics; region: east asia.,0.618,1,labor_disruption,low,8,train,1,template-generated synthetic scenario
SCW-0336-3,SCW-0336,2025-12-02,2025-12-10,supplier_communication,Logistics,East Asia,Supplier notice: staffing constraints may reduce production output and delay order completion. Sector context: logistics; region: east asia.,0.659,1,labor_disruption,low,8,train,1,template-generated synthetic scenario
SCW-0336-4,SCW-0336,2025-12-02,2025-12-10,financial_report,Logistics,East Asia,The company noted potential production and distribution interruptions from workforce constraints. Sector context: logistics; region: east asia.,0.551,1,labor_disruption,low,8,train,1,template-generated synthetic scenario
SCW-0337-1,SCW-0337,2025-12-03,,news,Automotive,Global,Manufacturers reported routine operations and balanced inventory positions across major distribution channels. Sector context: automotive; region: global.,0.419,0,none,none,,train,1,template-generated synthetic scenario
SCW-0337-2,SCW-0337,2025-12-03,,social_media,Automotive,Global,Routine logistics updates indicate normal transit times and no unusual capacity constraints across key lanes. Sector context: automotive; region: global.,0.083,0,none,none,,train,1,template-generated synthetic scenario
SCW-0337-3,SCW-0337,2025-12-03,,supplier_communication,Automotive,Global,Vendor communication confirms normal operating capacity and standard lead times for current purchase orders. Sector context: automotive; region: global.,0.302,0,none,none,,train,1,template-generated synthetic scenario
SCW-0337-4,SCW-0337,2025-12-03,,financial_report,Automotive,Global,Management reported stable operations and no material supply interruptions during the current reporting period. Sector context: automotive; region: global.,0.249,0,none,none,,train,1,template-generated synthetic scenario
SCW-0338-1,SCW-0338,2025-12-04,,news,Industrial Manufacturing,North America,Manufacturers reported routine operations and balanced inventory positions across major distribution channels. Sector context: industrial manufacturing; region: north america.,0.31,0,none,none,,train,1,template-generated synthetic scenario
SCW-0338-2,SCW-0338,2025-12-04,,social_media,Industrial Manufacturing,North America,Routine logistics updates indicate normal transit times and no unusual capacity constraints across key lanes. Sector context: industrial manufacturing; region: north america.,0.344,0,none,none,,train,1,template-generated synthetic scenario
SCW-0338-3,SCW-0338,2025-12-04,,supplier_communication,Industrial Manufacturing,North America,Vendor communication confirms normal operating capacity and standard lead times for current purchase orders. Sector context: industrial manufacturing; region: north america.,0.143,0,none,none,,train,1,template-generated synthetic scenario
SCW-0338-4,SCW-0338,2025-12-04,,financial_report,Industrial Manufacturing,North America,Management reported stable operations and no material supply interruptions during the current reporting period. Sector context: industrial manufacturing; region: north america.,0.187,0,none,none,,train,1,template-generated synthetic scenario
SCW-0339-1,SCW-0339,2025-12-05,,news,Food & Beverage,East Asia,"Industry output remained broadly stable this week, with normal freight flows and no material production interruptions reported. Sector context: food & beverage; region: east asia.",0.095,0,none,none,,train,1,template-generated synthetic scenario
SCW-0339-2,SCW-0339,2025-12-05,,social_media,Food & Beverage,East Asia,Routine logistics updates indicate normal transit times and no unusual capacity constraints across key lanes. Sector context: food & beverage; region: east asia.,0.02,0,none,none,,train,1,template-generated synthetic scenario
SCW-0339-3,SCW-0339,2025-12-05,,supplier_communication,Food & Beverage,East Asia,Vendor communication confirms normal operating capacity and standard lead times for current purchase orders. Sector context: food & beverage; region: east asia.,0.332,0,none,none,,train,1,template-generated synthetic scenario
SCW-0339-4,SCW-0339,2025-12-05,,financial_report,Food & Beverage,East Asia,Risk commentary indicates standard operating conditions with no significant new supply constraints. Sector context: food & beverage; region: east asia.,0.163,0,none,none,,train,1,template-generated synthetic scenario
SCW-0340-1,SCW-0340,2025-12-06,2025-12-16,news,Energy,Europe,"Escalating regional tensions are affecting shipping routes and insurance costs, with carriers considering alternate corridors. Sector context: energy; region: europe.",0.637,1,geopolitical,medium,10,train,1,template-generated synthetic scenario
SCW-0340-2,SCW-0340,2025-12-06,2025-12-16,social_media,Energy,Europe,Procurement professionals are discussing urgent alternate sourcing after new cross-border restrictions were announced. Sector context: energy; region: europe.,0.739,1,geopolitical,medium,10,train,1,template-generated synthetic scenario
SCW-0340-3,SCW-0340,2025-12-06,2025-12-16,supplier_communication,Energy,Europe,Vendor notice indicates contingency routing is being evaluated due to regional security and trade restrictions. Sector context: energy; region: europe.,0.635,1,geopolitical,medium,10,train,1,template-generated synthetic scenario
SCW-0340-4,SCW-0340,2025-12-06,2025-12-16,financial_report,Energy,Europe,"Management identified geopolitical instability as a material risk to sourcing continuity, freight costs, and supplier availability. Sector context: energy; region: europe.",0.527,1,geopolitical,medium,10,train,1,template-generated synthetic scenario
SCW-0341-1,SCW-0341,2025-12-07,,news,Energy,North America,"Industry output remained broadly stable this week, with normal freight flows and no material production interruptions reported. Sector context: energy; region: north america.",0.403,0,none,none,,train,1,template-generated synthetic scenario
SCW-0341-2,SCW-0341,2025-12-07,,social_media,Energy,North America,Routine logistics updates indicate normal transit times and no unusual capacity constraints across key lanes. Sector context: energy; region: north america.,0.237,0,none,none,,train,1,template-generated synthetic scenario
SCW-0341-3,SCW-0341,2025-12-07,,supplier_communication,Energy,North America,"Supplier update: production and shipment schedules remain on plan, with no material changes to committed delivery dates. Sector context: energy; region: north america.",0.166,0,none,none,,train,1,template-generated synthetic scenario
SCW-0341-4,SCW-0341,2025-12-07,,financial_report,Energy,North America,Management reported stable operations and no material supply interruptions during the current reporting period. Sector context: energy; region: north america.,0.307,0,none,none,,train,1,template-generated synthetic scenario
SCW-0342-1,SCW-0342,2025-12-08,,news,Industrial Manufacturing,Global,"Industry output remained broadly stable this week, with normal freight flows and no material production interruptions reported. Sector context: industrial manufacturing; region: global.",0.044,0,none,none,,train,1,template-generated synthetic scenario
SCW-0342-2,SCW-0342,2025-12-08,,social_media,Industrial Manufacturing,Global,Procurement discussions show typical lead times and stable availability for most monitored inputs. Sector context: industrial manufacturing; region: global.,0.206,0,none,none,,train,1,template-generated synthetic scenario
SCW-0342-3,SCW-0342,2025-12-08,,supplier_communication,Industrial Manufacturing,Global,Vendor communication confirms normal operating capacity and standard lead times for current purchase orders. Sector context: industrial manufacturing; region: global.,0.284,0,none,none,,train,1,template-generated synthetic scenario
SCW-0342-4,SCW-0342,2025-12-08,,financial_report,Industrial Manufacturing,Global,Risk commentary indicates standard operating conditions with no significant new supply constraints. Sector context: industrial manufacturing; region: global.,0.026,0,none,none,,train,1,template-generated synthetic scenario
SCW-0343-1,SCW-0343,2025-12-09,,news,Food & Beverage,Europe,Manufacturers reported routine operations and balanced inventory positions across major distribution channels. Sector context: food & beverage; region: europe.,0.095,0,none,none,,train,1,template-generated synthetic scenario
SCW-0343-2,SCW-0343,2025-12-09,,social_media,Food & Beverage,Europe,Procurement discussions show typical lead times and stable availability for most monitored inputs. Sector context: food & beverage; region: europe.,0.217,0,none,none,,train,1,template-generated synthetic scenario
SCW-0343-3,SCW-0343,2025-12-09,,supplier_communication,Food & Beverage,Europe,Vendor communication confirms normal operating capacity and standard lead times for current purchase orders. Sector context: food & beverage; region: europe.,0.23,0,none,none,,train,1,template-generated synthetic scenario
SCW-0343-4,SCW-0343,2025-12-09,,financial_report,Food & Beverage,Europe,Risk commentary indicates standard operating conditions with no significant new supply constraints. Sector context: food & beverage; region: europe.,0.233,0,none,none,,train,1,template-generated synthetic scenario
SCW-0344-1,SCW-0344,2025-12-10,,news,Automotive,Southeast Asia,"Industry output remained broadly stable this week, with normal freight flows and no material production interruptions reported. Sector context: automotive; region: southeast asia.",0.162,0,none,none,,train,1,template-generated synthetic scenario
SCW-0344-2,SCW-0344,2025-12-10,,social_media,Automotive,Southeast Asia,Routine logistics updates indicate normal transit times and no unusual capacity constraints across key lanes. Sector context: automotive; region: southeast asia.,0.326,0,none,none,,train,1,template-generated synthetic scenario
SCW-0344-3,SCW-0344,2025-12-10,,supplier_communication,Automotive,Southeast Asia,"Supplier update: production and shipment schedules remain on plan, with no material changes to committed delivery dates. Sector context: automotive; region: southeast asia.",0.209,0,none,none,,train,1,template-generated synthetic scenario
SCW-0344-4,SCW-0344,2025-12-10,,financial_report,Automotive,Southeast Asia,Management reported stable operations and no material supply interruptions during the current reporting period. Sector context: automotive; region: southeast asia.,0.341,0,none,none,,train,1,template-generated synthetic scenario
SCW-0345-1,SCW-0345,2025-12-11,,news,Apparel,Global,"Industry output remained broadly stable this week, with normal freight flows and no material production interruptions reported. Sector context: apparel; region: global.",0.143,0,none,none,,train,1,template-generated synthetic scenario
SCW-0345-2,SCW-0345,2025-12-11,,social_media,Apparel,Global,Routine logistics updates indicate normal transit times and no unusual capacity constraints across key lanes. Sector context: apparel; region: global.,0.285,0,none,none,,train,1,template-generated synthetic scenario
SCW-0345-3,SCW-0345,2025-12-11,,supplier_communication,Apparel,Global,Vendor communication confirms normal operating capacity and standard lead times for current purchase orders. Sector context: apparel; region: global.,0.173,0,none,none,,train,1,template-generated synthetic scenario
SCW-0345-4,SCW-0345,2025-12-11,,financial_report,Apparel,Global,Management reported stable operations and no material supply interruptions during the current reporting period. Sector context: apparel; region: global.,0.148,0,none,none,,train,1,template-generated synthetic scenario
SCW-0346-1,SCW-0346,2025-12-12,,news,Semiconductors,North America,"Industry output remained broadly stable this week, with normal freight flows and no material production interruptions reported. Sector context: semiconductors; region: north america.",0.317,0,none,none,,train,1,template-generated synthetic scenario
SCW-0346-2,SCW-0346,2025-12-12,,social_media,Semiconductors,North America,Routine logistics updates indicate normal transit times and no unusual capacity constraints across key lanes. Sector context: semiconductors; region: north america.,0.446,0,none,none,,train,1,template-generated synthetic scenario
SCW-0346-3,SCW-0346,2025-12-12,,supplier_communication,Semiconductors,North America,Vendor communication confirms normal operating capacity and standard lead times for current purchase orders. Sector context: semiconductors; region: north america.,0.209,0,none,none,,train,1,template-generated synthetic scenario
SCW-0346-4,SCW-0346,2025-12-12,,financial_report,Semiconductors,North America,Risk commentary indicates standard operating conditions with no significant new supply constraints. Sector context: semiconductors; region: north america.,0.142,0,none,none,,train,1,template-generated synthetic scenario
SCW-0347-1,SCW-0347,2025-12-13,,news,Industrial Manufacturing,Europe,Manufacturers reported routine operations and balanced inventory positions across major distribution channels. Sector context: industrial manufacturing; region: europe.,0.099,0,none,none,,train,1,template-generated synthetic scenario
SCW-0347-2,SCW-0347,2025-12-13,,social_media,Industrial Manufacturing,Europe,Procurement discussions show typical lead times and stable availability for most monitored inputs. Sector context: industrial manufacturing; region: europe.,0.137,0,none,none,,train,1,template-generated synthetic scenario
SCW-0347-3,SCW-0347,2025-12-13,,supplier_communication,Industrial Manufacturing,Europe,"Supplier update: production and shipment schedules remain on plan, with no material changes to committed delivery dates. Sector context: industrial manufacturing; region: europe.",0.165,0,none,none,,train,1,template-generated synthetic scenario
SCW-0347-4,SCW-0347,2025-12-13,,financial_report,Industrial Manufacturing,Europe,Management reported stable operations and no material supply interruptions during the current reporting period. Sector context: industrial manufacturing; region: europe.,0.294,0,none,none,,train,1,template-generated synthetic scenario
SCW-0348-1,SCW-0348,2025-12-14,,news,Food & Beverage,Global,Manufacturers reported routine operations and balanced inventory positions across major distribution channels. Sector context: food & beverage; region: global.,0.144,0,none,none,,train,1,template-generated synthetic scenario
SCW-0348-2,SCW-0348,2025-12-14,,social_media,Food & Beverage,Global,Procurement discussions show typical lead times and stable availability for most monitored inputs. Sector context: food & beverage; region: global.,0.141,0,none,none,,train,1,template-generated synthetic scenario
SCW-0348-3,SCW-0348,2025-12-14,,supplier_communication,Food & Beverage,Global,"Supplier update: production and shipment schedules remain on plan, with no material changes to committed delivery dates. Sector context: food & beverage; region: global.",0.278,0,none,none,,train,1,template-generated synthetic scenario
SCW-0348-4,SCW-0348,2025-12-14,,financial_report,Food & Beverage,Global,Risk commentary indicates standard operating conditions with no significant new supply constraints. Sector context: food & beverage; region: global.,0.18,0,none,none,,train,1,template-generated synthetic scenario
SCW-0349-1,SCW-0349,2025-12-15,,news,Apparel,Southeast Asia,"Industry output remained broadly stable this week, with normal freight flows and no material production interruptions reported. Sector context: apparel; region: southeast asia.",0.086,0,none,none,,train,1,template-generated synthetic scenario
SCW-0349-2,SCW-0349,2025-12-15,,social_media,Apparel,Southeast Asia,Routine logistics updates indicate normal transit times and no unusual capacity constraints across key lanes. Sector context: apparel; region: southeast asia.,0.3,0,none,none,,train,1,template-generated synthetic scenario
SCW-0349-3,SCW-0349,2025-12-15,,supplier_communication,Apparel,Southeast Asia,"Supplier update: production and shipment schedules remain on plan, with no material changes to committed delivery dates. Sector context: apparel; region: southeast asia.",0.263,0,none,none,,train,1,template-generated synthetic scenario
SCW-0349-4,SCW-0349,2025-12-15,,financial_report,Apparel,Southeast Asia,Management reported stable operations and no material supply interruptions during the current reporting period. Sector context: apparel; region: southeast asia.,0.269,0,none,none,,train,1,template-generated synthetic scenario
SCW-0350-1,SCW-0350,2025-12-16,,news,Logistics,North America,Manufacturers reported routine operations and balanced inventory positions across major distribution channels. Sector context: logistics; region: north america.,0.308,0,none,none,,train,1,template-generated synthetic scenario
SCW-0350-2,SCW-0350,2025-12-16,,social_media,Logistics,North America,Procurement discussions show typical lead times and stable availability for most monitored inputs. Sector context: logistics; region: north america.,0.391,0,none,none,,train,1,template-generated synthetic scenario
SCW-0350-3,SCW-0350,2025-12-16,,supplier_communication,Logistics,North America,"Supplier update: production and shipment schedules remain on plan, with no material changes to committed delivery dates. Sector context: logistics; region: north america.",0.072,0,none,none,,train,1,template-generated synthetic scenario
SCW-0350-4,SCW-0350,2025-12-16,,financial_report,Logistics,North America,Management reported stable operations and no material supply interruptions during the current reporting period. Sector context: logistics; region: north america.,0.09,0,none,none,,train,1,template-generated synthetic scenario
SCW-0351-1,SCW-0351,2025-12-17,,news,Apparel,East Asia,"Industry output remained broadly stable this week, with normal freight flows and no material production interruptions reported. Sector context: apparel; region: east asia.",0.124,0,none,none,,train,1,template-generated synthetic scenario
SCW-0351-2,SCW-0351,2025-12-17,,social_media,Apparel,East Asia,Procurement discussions show typical lead times and stable availability for most monitored inputs. Sector context: apparel; region: east asia.,0.204,0,none,none,,train,1,template-generated synthetic scenario
SCW-0351-3,SCW-0351,2025-12-17,,supplier_communication,Apparel,East Asia,"Supplier update: production and shipment schedules remain on plan, with no material changes to committed delivery dates. Sector context: apparel; region: east asia.",0.139,0,none,none,,train,1,template-generated synthetic scenario
SCW-0351-4,SCW-0351,2025-12-17,,financial_report,Apparel,East Asia,Management reported stable operations and no material supply interruptions during the current reporting period. Sector context: apparel; region: east asia.,0.163,0,none,none,,train,1,template-generated synthetic scenario
SCW-0352-1,SCW-0352,2025-12-18,,news,Apparel,Europe,"Industry output remained broadly stable this week, with normal freight flows and no material production interruptions reported. Sector context: apparel; region: europe.",0.209,0,none,none,,train,1,template-generated synthetic scenario
SCW-0352-2,SCW-0352,2025-12-18,,social_media,Apparel,Europe,Routine logistics updates indicate normal transit times and no unusual capacity constraints across key lanes. Sector context: apparel; region: europe.,0.332,0,none,none,,train,1,template-generated synthetic scenario
SCW-0352-3,SCW-0352,2025-12-18,,supplier_communication,Apparel,Europe,"Supplier update: production and shipment schedules remain on plan, with no material changes to committed delivery dates. Sector context: apparel; region: europe.",0.529,0,none,none,,train,1,template-generated synthetic scenario
SCW-0352-4,SCW-0352,2025-12-18,,financial_report,Apparel,Europe,Management reported stable operations and no material supply interruptions during the current reporting period. Sector context: apparel; region: europe.,0.123,0,none,none,,train,1,template-generated synthetic scenario
SCW-0353-1,SCW-0353,2025-12-19,,news,Energy,South Asia,"Industry output remained broadly stable this week, with normal freight flows and no material production interruptions reported. Sector context: energy; region: south asia.",0.02,0,none,none,,train,1,template-generated synthetic scenario
SCW-0353-2,SCW-0353,2025-12-19,,social_media,Energy,South Asia,Procurement discussions show typical lead times and stable availability for most monitored inputs. Sector context: energy; region: south asia.,0.249,0,none,none,,train,1,template-generated synthetic scenario
SCW-0353-3,SCW-0353,2025-12-19,,supplier_communication,Energy,South Asia,Vendor communication confirms normal operating capacity and standard lead times for current purchase orders. Sector context: energy; region: south asia.,0.144,0,none,none,,train,1,template-generated synthetic scenario
SCW-0353-4,SCW-0353,2025-12-19,,financial_report,Energy,South Asia,Risk commentary indicates standard operating conditions with no significant new supply constraints. Sector context: energy; region: south asia.,0.234,0,none,none,,train,1,template-generated synthetic scenario
SCW-0354-1,SCW-0354,2025-12-20,,news,Industrial Manufacturing,North America,"Industry output remained broadly stable this week, with normal freight flows and no material production interruptions reported. Sector context: industrial manufacturing; region: north america.",0.355,0,none,none,,train,1,template-generated synthetic scenario
SCW-0354-2,SCW-0354,2025-12-20,,social_media,Industrial Manufacturing,North America,Procurement discussions show typical lead times and stable availability for most monitored inputs. Sector context: industrial manufacturing; region: north america.,0.367,0,none,none,,train,1,template-generated synthetic scenario
SCW-0354-3,SCW-0354,2025-12-20,,supplier_communication,Industrial Manufacturing,North America,"Supplier update: production and shipment schedules remain on plan, with no material changes to committed delivery dates. Sector context: industrial manufacturing; region: north america.",0.306,0,none,none,,train,1,template-generated synthetic scenario
SCW-0354-4,SCW-0354,2025-12-20,,financial_report,Industrial Manufacturing,North America,Risk commentary indicates standard operating conditions with no significant new supply constraints. Sector context: industrial manufacturing; region: north america.,0.325,0,none,none,,train,1,template-generated synthetic scenario
SCW-0355-1,SCW-0355,2025-12-21,,news,Consumer Electronics,Latin America,"Industry output remained broadly stable this week, with normal freight flows and no material production interruptions reported. Sector context: consumer electronics; region: latin america.",0.295,0,none,none,,train,1,template-generated synthetic scenario
SCW-0355-2,SCW-0355,2025-12-21,,social_media,Consumer Electronics,Latin America,Procurement discussions show typical lead times and stable availability for most monitored inputs. Sector context: consumer electronics; region: latin america.,0.229,0,none,none,,train,1,template-generated synthetic scenario
SCW-0355-3,SCW-0355,2025-12-21,,supplier_communication,Consumer Electronics,Latin America,"Supplier update: production and shipment schedules remain on plan, with no material changes to committed delivery dates. Sector context: consumer electronics; region: latin america.",0.02,0,none,none,,train,1,template-generated synthetic scenario
SCW-0355-4,SCW-0355,2025-12-21,,financial_report,Consumer Electronics,Latin America,Risk commentary indicates standard operating conditions with no significant new supply constraints. Sector context: consumer electronics; region: latin america.,0.157,0,none,none,,train,1,template-generated synthetic scenario
SCW-0356-1,SCW-0356,2025-12-22,2025-12-25,news,Energy,Middle East,"A new regulatory rule affecting trade documentation is expected to take effect soon, requiring changes to sourcing and documentation. Sector context: energy; region: middle east.",0.848,1,regulatory_policy,high,3,train,1,template-generated synthetic scenario
SCW-0356-2,SCW-0356,2025-12-22,2025-12-25,social_media,Energy,Middle East,Trade groups are discussing new trade documentation rules and warning members to prepare for documentation and clearance delays. Sector context: energy; region: middle east.,0.808,1,regulatory_policy,high,3,train,1,template-generated synthetic scenario
SCW-0356-3,SCW-0356,2025-12-22,2025-12-25,supplier_communication,Energy,Middle East,Vendor compliance team advises that new trade documentation controls could temporarily slow order processing and customs clearance. Sector context: energy; region: middle east.,0.856,1,regulatory_policy,high,3,train,1,template-generated synthetic scenario
SCW-0356-4,SCW-0356,2025-12-22,2025-12-25,financial_report,Energy,Middle East,Risk factors note uncertainty from changing export-control rules and possible delays in international supply flows. Sector context: energy; region: middle east.,0.816,1,regulatory_policy,high,3,train,1,template-generated synthetic scenario
SCW-0357-1,SCW-0357,2025-12-23,2026-01-03,news,Pharmaceuticals,North America,"Escalating regional tensions are affecting shipping routes and insurance costs, with carriers considering alternate corridors. Sector context: pharmaceuticals; region: north america.",0.76,1,geopolitical,high,11,train,1,template-generated synthetic scenario
SCW-0357-2,SCW-0357,2025-12-23,2026-01-03,social_media,Pharmaceuticals,North America,Procurement professionals are discussing urgent alternate sourcing after new cross-border restrictions were announced. Sector context: pharmaceuticals; region: north america.,0.798,1,geopolitical,high,11,train,1,template-generated synthetic scenario
SCW-0357-3,SCW-0357,2025-12-23,2026-01-03,supplier_communication,Pharmaceuticals,North America,Vendor notice indicates contingency routing is being evaluated due to regional security and trade restrictions. Sector context: pharmaceuticals; region: north america.,0.73,1,geopolitical,high,11,train,1,template-generated synthetic scenario
SCW-0357-4,SCW-0357,2025-12-23,2026-01-03,financial_report,Pharmaceuticals,North America,"Management identified geopolitical instability as a material risk to sourcing continuity, freight costs, and supplier availability. Sector context: pharmaceuticals; region: north america.",0.772,1,geopolitical,high,11,train,1,template-generated synthetic scenario
SCW-0358-1,SCW-0358,2025-12-24,,news,Automotive,North America,Manufacturers reported routine operations and balanced inventory positions across major distribution channels. Sector context: automotive; region: north america.,0.318,0,none,none,,train,1,template-generated synthetic scenario
SCW-0358-2,SCW-0358,2025-12-24,,social_media,Automotive,North America,Procurement discussions show typical lead times and stable availability for most monitored inputs. Sector context: automotive; region: north america.,0.174,0,none,none,,train,1,template-generated synthetic scenario
SCW-0358-3,SCW-0358,2025-12-24,,supplier_communication,Automotive,North America,Vendor communication confirms normal operating capacity and standard lead times for current purchase orders. Sector context: automotive; region: north america.,0.223,0,none,none,,train,1,template-generated synthetic scenario
SCW-0358-4,SCW-0358,2025-12-24,,financial_report,Automotive,North America,Risk commentary indicates standard operating conditions with no significant new supply constraints. Sector context: automotive; region: north america.,0.223,0,none,none,,train,1,template-generated synthetic scenario
SCW-0359-1,SCW-0359,2025-12-25,2026-01-07,news,Logistics,North America,New trade restrictions linked to geopolitical tensions may limit access to selected materials and components. Sector context: logistics; region: north america.,0.826,1,geopolitical,high,13,train,1,template-generated synthetic scenario
SCW-0359-2,SCW-0359,2025-12-25,2026-01-07,social_media,Logistics,North America,Procurement professionals are discussing urgent alternate sourcing after new cross-border restrictions were announced. Sector context: logistics; region: north america.,0.747,1,geopolitical,high,13,train,1,template-generated synthetic scenario
SCW-0359-3,SCW-0359,2025-12-25,2026-01-07,supplier_communication,Logistics,North America,"Supplier update: geopolitical conditions may affect transit routes, lead times, and availability of selected inputs. Sector context: logistics; region: north america.",0.729,1,geopolitical,high,13,train,1,template-generated synthetic scenario
SCW-0359-4,SCW-0359,2025-12-25,2026-01-07,financial_report,Logistics,North America,"Management identified geopolitical instability as a material risk to sourcing continuity, freight costs, and supplier availability. Sector context: logistics; region: north america.",0.729,1,geopolitical,high,13,train,1,template-generated synthetic scenario
SCW-0360-1,SCW-0360,2025-12-26,,news,Logistics,South Asia,Manufacturers reported routine operations and balanced inventory positions across major distribution channels. Sector context: logistics; region: south asia.,0.038,0,none,none,,train,1,template-generated synthetic scenario
SCW-0360-2,SCW-0360,2025-12-26,,social_media,Logistics,South Asia,Procurement discussions show typical lead times and stable availability for most monitored inputs. Sector context: logistics; region: south asia.,0.166,0,none,none,,train,1,template-generated synthetic scenario
SCW-0360-3,SCW-0360,2025-12-26,,supplier_communication,Logistics,South Asia,Vendor communication confirms normal operating capacity and standard lead times for current purchase orders. Sector context: logistics; region: south asia.,0.282,0,none,none,,train,1,template-generated synthetic scenario
SCW-0360-4,SCW-0360,2025-12-26,,financial_report,Logistics,South Asia,Risk commentary indicates standard operating conditions with no significant new supply constraints. Sector context: logistics; region: south asia.,0.38,0,none,none,,train,1,template-generated synthetic scenario
SCW-0361-1,SCW-0361,2025-12-27,2026-01-05,news,Food & Beverage,Latin America,Industry sources report a product recall that could constrain availability while replacement inventory is produced. Sector context: food & beverage; region: latin america.,0.655,1,quality_recall,low,9,train,1,template-generated synthetic scenario
SCW-0361-2,SCW-0361,2025-12-27,2026-01-05,social_media,Food & Beverage,Latin America,Customers and distributors are reporting elevated defect concerns and temporary product withdrawals. Sector context: food & beverage; region: latin america.,0.654,1,quality_recall,low,9,train,1,template-generated synthetic scenario
SCW-0361-3,SCW-0361,2025-12-27,2026-01-05,supplier_communication,Food & Beverage,Latin America,Supplier quality notice: selected lots are on hold pending investigation; replacement timing will be communicated after root-cause review. Sector context: food & beverage; region: latin america.,0.55,1,quality_recall,low,9,train,1,template-generated synthetic scenario
SCW-0361-4,SCW-0361,2025-12-27,2026-01-05,financial_report,Food & Beverage,Latin America,Risk commentary notes potential supply constraints associated with quality remediation and replacement production. Sector context: food & beverage; region: latin america.,0.792,1,quality_recall,low,9,train,1,template-generated synthetic scenario
SCW-0362-1,SCW-0362,2025-12-28,,news,Automotive,Global,Manufacturers reported routine operations and balanced inventory positions across major distribution channels. Sector context: automotive; region: global.,0.416,0,none,none,,train,1,template-generated synthetic scenario
SCW-0362-2,SCW-0362,2025-12-28,,social_media,Automotive,Global,Procurement discussions show typical lead times and stable availability for most monitored inputs. Sector context: automotive; region: global.,0.297,0,none,none,,train,1,template-generated synthetic scenario
SCW-0362-3,SCW-0362,2025-12-28,,supplier_communication,Automotive,Global,Vendor communication confirms normal operating capacity and standard lead times for current purchase orders. Sector context: automotive; region: global.,0.109,0,none,none,,train,1,template-generated synthetic scenario
SCW-0362-4,SCW-0362,2025-12-28,,financial_report,Automotive,Global,Risk commentary indicates standard operating conditions with no significant new supply constraints. Sector context: automotive; region: global.,0.261,0,none,none,,train,1,template-generated synthetic scenario
SCW-0363-1,SCW-0363,2025-12-29,,news,Aerospace,Middle East,Manufacturers reported routine operations and balanced inventory positions across major distribution channels. Sector context: aerospace; region: middle east.,0.196,0,none,none,,train,1,template-generated synthetic scenario
SCW-0363-2,SCW-0363,2025-12-29,,social_media,Aerospace,Middle East,Procurement discussions show typical lead times and stable availability for most monitored inputs. Sector context: aerospace; region: middle east.,0.298,0,none,none,,train,1,template-generated synthetic scenario
SCW-0363-3,SCW-0363,2025-12-29,,supplier_communication,Aerospace,Middle East,"Supplier update: production and shipment schedules remain on plan, with no material changes to committed delivery dates. Sector context: aerospace; region: middle east.",0.33,0,none,none,,train,1,template-generated synthetic scenario
SCW-0363-4,SCW-0363,2025-12-29,,financial_report,Aerospace,Middle East,Risk commentary indicates standard operating conditions with no significant new supply constraints. Sector context: aerospace; region: middle east.,0.303,0,none,none,,train,1,template-generated synthetic scenario
SCW-0364-1,SCW-0364,2025-12-30,2026-01-03,news,Retail,Europe,"Escalating regional tensions are affecting shipping routes and insurance costs, with carriers considering alternate corridors. Sector context: retail; region: europe.",0.572,1,geopolitical,low,4,train,1,template-generated synthetic scenario
SCW-0364-2,SCW-0364,2025-12-30,2026-01-03,social_media,Retail,Europe,Procurement professionals are discussing urgent alternate sourcing after new cross-border restrictions were announced. Sector context: retail; region: europe.,0.627,1,geopolitical,low,4,train,1,template-generated synthetic scenario
SCW-0364-3,SCW-0364,2025-12-30,2026-01-03,supplier_communication,Retail,Europe,Vendor notice indicates contingency routing is being evaluated due to regional security and trade restrictions. Sector context: retail; region: europe.,0.531,1,geopolitical,low,4,train,1,template-generated synthetic scenario
SCW-0364-4,SCW-0364,2025-12-30,2026-01-03,financial_report,Retail,Europe,Risk disclosures cite trade restrictions and regional conflict as potential drivers of supply interruption. Sector context: retail; region: europe.,0.553,1,geopolitical,low,4,train,1,template-generated synthetic scenario
SCW-0365-1,SCW-0365,2025-12-31,,news,Energy,Europe,Manufacturers reported routine operations and balanced inventory positions across major distribution channels. Sector context: energy; region: europe.,0.128,0,none,none,,train,1,template-generated synthetic scenario
SCW-0365-2,SCW-0365,2025-12-31,,social_media,Energy,Europe,Procurement discussions show typical lead times and stable availability for most monitored inputs. Sector context: energy; region: europe.,0.02,0,none,none,,train,1,template-generated synthetic scenario
SCW-0365-3,SCW-0365,2025-12-31,,supplier_communication,Energy,Europe,Vendor communication confirms normal operating capacity and standard lead times for current purchase orders. Sector context: energy; region: europe.,0.132,0,none,none,,train,1,template-generated synthetic scenario
SCW-0365-4,SCW-0365,2025-12-31,,financial_report,Energy,Europe,Management reported stable operations and no material supply interruptions during the current reporting period. Sector context: energy; region: europe.,0.286,0,none,none,,train,1,template-generated synthetic scenario
SCW-0366-1,SCW-0366,2026-01-01,,news,Food & Beverage,South Asia,"Industry output remained broadly stable this week, with normal freight flows and no material production interruptions reported. Sector context: food & beverage; region: south asia.",0.16,0,none,none,,train,1,template-generated synthetic scenario
SCW-0366-2,SCW-0366,2026-01-01,,social_media,Food & Beverage,South Asia,Routine logistics updates indicate normal transit times and no unusual capacity constraints across key lanes. Sector context: food & beverage; region: south asia.,0.057,0,none,none,,train,1,template-generated synthetic scenario
SCW-0366-3,SCW-0366,2026-01-01,,supplier_communication,Food & Beverage,South Asia,Vendor communication confirms normal operating capacity and standard lead times for current purchase orders. Sector context: food & beverage; region: south asia.,0.229,0,none,none,,train,1,template-generated synthetic scenario
SCW-0366-4,SCW-0366,2026-01-01,,financial_report,Food & Beverage,South Asia,Risk commentary indicates standard operating conditions with no significant new supply constraints. Sector context: food & beverage; region: south asia.,0.056,0,none,none,,train,1,template-generated synthetic scenario
SCW-0367-1,SCW-0367,2026-01-02,,news,Industrial Manufacturing,East Asia,Manufacturers reported routine operations and balanced inventory positions across major distribution channels. Sector context: industrial manufacturing; region: east asia.,0.153,0,none,none,,train,1,template-generated synthetic scenario
SCW-0367-2,SCW-0367,2026-01-02,,social_media,Industrial Manufacturing,East Asia,Procurement discussions show typical lead times and stable availability for most monitored inputs. Sector context: industrial manufacturing; region: east asia.,0.178,0,none,none,,train,1,template-generated synthetic scenario
SCW-0367-3,SCW-0367,2026-01-02,,supplier_communication,Industrial Manufacturing,East Asia,Vendor communication confirms normal operating capacity and standard lead times for current purchase orders. Sector context: industrial manufacturing; region: east asia.,0.27,0,none,none,,train,1,template-generated synthetic scenario
SCW-0367-4,SCW-0367,2026-01-02,,financial_report,Industrial Manufacturing,East Asia,Risk commentary indicates standard operating conditions with no significant new supply constraints. Sector context: industrial manufacturing; region: east asia.,0.224,0,none,none,,train,1,template-generated synthetic scenario
SCW-0368-1,SCW-0368,2026-01-03,,news,Apparel,Middle East,"Industry output remained broadly stable this week, with normal freight flows and no material production interruptions reported. Sector context: apparel; region: middle east.",0.02,0,none,none,,train,1,template-generated synthetic scenario
SCW-0368-2,SCW-0368,2026-01-03,,social_media,Apparel,Middle East,Procurement discussions show typical lead times and stable availability for most monitored inputs. Sector context: apparel; region: middle east.,0.199,0,none,none,,train,1,template-generated synthetic scenario
SCW-0368-3,SCW-0368,2026-01-03,,supplier_communication,Apparel,Middle East,Vendor communication confirms normal operating capacity and standard lead times for current purchase orders. Sector context: apparel; region: middle east.,0.246,0,none,none,,train,1,template-generated synthetic scenario
SCW-0368-4,SCW-0368,2026-01-03,,financial_report,Apparel,Middle East,Management reported stable operations and no material supply interruptions during the current reporting period. Sector context: apparel; region: middle east.,0.267,0,none,none,,train,1,template-generated synthetic scenario
SCW-0369-1,SCW-0369,2026-01-04,,news,Semiconductors,East Asia,"Industry output remained broadly stable this week, with normal freight flows and no material production interruptions reported. Sector context: semiconductors; region: east asia.",0.32,0,none,none,,train,1,template-generated synthetic scenario
SCW-0369-2,SCW-0369,2026-01-04,,social_media,Semiconductors,East Asia,Procurement discussions show typical lead times and stable availability for most monitored inputs. Sector context: semiconductors; region: east asia.,0.1,0,none,none,,train,1,template-generated synthetic scenario
SCW-0369-3,SCW-0369,2026-01-04,,supplier_communication,Semiconductors,East Asia,Vendor communication confirms normal operating capacity and standard lead times for current purchase orders. Sector context: semiconductors; region: east asia.,0.176,0,none,none,,train,1,template-generated synthetic scenario
SCW-0369-4,SCW-0369,2026-01-04,,financial_report,Semiconductors,East Asia,Risk commentary indicates standard operating conditions with no significant new supply constraints. Sector context: semiconductors; region: east asia.,0.206,0,none,none,,train,1,template-generated synthetic scenario
SCW-0370-1,SCW-0370,2026-01-05,,news,Apparel,Europe,"Industry output remained broadly stable this week, with normal freight flows and no material production interruptions reported. Sector context: apparel; region: europe.",0.046,0,none,none,,train,1,template-generated synthetic scenario
SCW-0370-2,SCW-0370,2026-01-05,,social_media,Apparel,Europe,Procurement discussions show typical lead times and stable availability for most monitored inputs. Sector context: apparel; region: europe.,0.156,0,none,none,,train,1,template-generated synthetic scenario
SCW-0370-3,SCW-0370,2026-01-05,,supplier_communication,Apparel,Europe,"Supplier update: production and shipment schedules remain on plan, with no material changes to committed delivery dates. Sector context: apparel; region: europe.",0.271,0,none,none,,train,1,template-generated synthetic scenario
SCW-0370-4,SCW-0370,2026-01-05,,financial_report,Apparel,Europe,Management reported stable operations and no material supply interruptions during the current reporting period. Sector context: apparel; region: europe.,0.1,0,none,none,,train,1,template-generated synthetic scenario
SCW-0371-1,SCW-0371,2026-01-06,2026-01-10,news,Retail,Southeast Asia,Workers at a major transport or production site have announced industrial action that may interrupt normal operations. Sector context: retail; region: southeast asia.,0.716,1,labor_disruption,high,4,train,1,template-generated synthetic scenario
SCW-0371-2,SCW-0371,2026-01-06,2026-01-10,social_media,Retail,Southeast Asia,Industry groups are warning of possible delays if planned labor action proceeds this week. Sector context: retail; region: southeast asia.,0.725,1,labor_disruption,high,4,train,1,template-generated synthetic scenario
SCW-0371-3,SCW-0371,2026-01-06,2026-01-10,supplier_communication,Retail,Southeast Asia,Supplier notice: staffing constraints may reduce production output and delay order completion. Sector context: retail; region: southeast asia.,0.803,1,labor_disruption,high,4,train,1,template-generated synthetic scenario
SCW-0371-4,SCW-0371,2026-01-06,2026-01-10,financial_report,Retail,Southeast Asia,Management identified labor availability and industrial relations as near-term operational risks. Sector context: retail; region: southeast asia.,0.747,1,labor_disruption,high,4,train,1,template-generated synthetic scenario
SCW-0372-1,SCW-0372,2026-01-07,2026-01-15,news,Pharmaceuticals,Europe,Workers at a major transport or production site have announced industrial action that may interrupt normal operations. Sector context: pharmaceuticals; region: europe.,0.758,1,labor_disruption,high,8,train,1,template-generated synthetic scenario
SCW-0372-2,SCW-0372,2026-01-07,2026-01-15,social_media,Pharmaceuticals,Europe,Industry groups are warning of possible delays if planned labor action proceeds this week. Sector context: pharmaceuticals; region: europe.,0.87,1,labor_disruption,high,8,train,1,template-generated synthetic scenario
SCW-0372-3,SCW-0372,2026-01-07,2026-01-15,supplier_communication,Pharmaceuticals,Europe,Vendor advises of potential schedule disruption due to ongoing labor negotiations and reduced shift coverage. Sector context: pharmaceuticals; region: europe.,0.883,1,labor_disruption,high,8,train,1,template-generated synthetic scenario
SCW-0372-4,SCW-0372,2026-01-07,2026-01-15,financial_report,Pharmaceuticals,Europe,The company noted potential production and distribution interruptions from workforce constraints. Sector context: pharmaceuticals; region: europe.,0.789,1,labor_disruption,high,8,train,1,template-generated synthetic scenario
SCW-0373-1,SCW-0373,2026-01-08,,news,Medical Devices,South Asia,Manufacturers reported routine operations and balanced inventory positions across major distribution channels. Sector context: medical devices; region: south asia.,0.222,0,none,none,,train,1,template-generated synthetic scenario
SCW-0373-2,SCW-0373,2026-01-08,,social_media,Medical Devices,South Asia,Procurement discussions show typical lead times and stable availability for most monitored inputs. Sector context: medical devices; region: south asia.,0.338,0,none,none,,train,1,template-generated synthetic scenario
SCW-0373-3,SCW-0373,2026-01-08,,supplier_communication,Medical Devices,South Asia,"Supplier update: production and shipment schedules remain on plan, with no material changes to committed delivery dates. Sector context: medical devices; region: south asia.",0.252,0,none,none,,train,1,template-generated synthetic scenario
SCW-0373-4,SCW-0373,2026-01-08,,financial_report,Medical Devices,South Asia,Risk commentary indicates standard operating conditions with no significant new supply constraints. Sector context: medical devices; region: south asia.,0.289,0,none,none,,train,1,template-generated synthetic scenario
SCW-0374-1,SCW-0374,2026-01-09,,news,Retail,Europe,"Industry output remained broadly stable this week, with normal freight flows and no material production interruptions reported. Sector context: retail; region: europe.",0.246,0,none,none,,train,1,template-generated synthetic scenario
SCW-0374-2,SCW-0374,2026-01-09,,social_media,Retail,Europe,Procurement discussions show typical lead times and stable availability for most monitored inputs. Sector context: retail; region: europe.,0.137,0,none,none,,train,1,template-generated synthetic scenario
SCW-0374-3,SCW-0374,2026-01-09,,supplier_communication,Retail,Europe,"Supplier update: production and shipment schedules remain on plan, with no material changes to committed delivery dates. Sector context: retail; region: europe.",0.318,0,none,none,,train,1,template-generated synthetic scenario
SCW-0374-4,SCW-0374,2026-01-09,,financial_report,Retail,Europe,Management reported stable operations and no material supply interruptions during the current reporting period. Sector context: retail; region: europe.,0.183,0,none,none,,train,1,template-generated synthetic scenario
SCW-0375-1,SCW-0375,2026-01-10,,news,Apparel,Global,"Industry output remained broadly stable this week, with normal freight flows and no material production interruptions reported. Sector context: apparel; region: global.",0.204,0,none,none,,train,1,template-generated synthetic scenario
SCW-0375-2,SCW-0375,2026-01-10,,social_media,Apparel,Global,Routine logistics updates indicate normal transit times and no unusual capacity constraints across key lanes. Sector context: apparel; region: global.,0.213,0,none,none,,train,1,template-generated synthetic scenario
SCW-0375-3,SCW-0375,2026-01-10,,supplier_communication,Apparel,Global,Vendor communication confirms normal operating capacity and standard lead times for current purchase orders. Sector context: apparel; region: global.,0.327,0,none,none,,train,1,template-generated synthetic scenario
SCW-0375-4,SCW-0375,2026-01-10,,financial_report,Apparel,Global,Risk commentary indicates standard operating conditions with no significant new supply constraints. Sector context: apparel; region: global.,0.088,0,none,none,,train,1,template-generated synthetic scenario
SCW-0376-1,SCW-0376,2026-01-11,,news,Industrial Manufacturing,South Asia,"Industry output remained broadly stable this week, with normal freight flows and no material production interruptions reported. Sector context: industrial manufacturing; region: south asia.",0.184,0,none,none,,train,1,template-generated synthetic scenario
SCW-0376-2,SCW-0376,2026-01-11,,social_media,Industrial Manufacturing,South Asia,Procurement discussions show typical lead times and stable availability for most monitored inputs. Sector context: industrial manufacturing; region: south asia.,0.339,0,none,none,,train,1,template-generated synthetic scenario
SCW-0376-3,SCW-0376,2026-01-11,,supplier_communication,Industrial Manufacturing,South Asia,Vendor communication confirms normal operating capacity and standard lead times for current purchase orders. Sector context: industrial manufacturing; region: south asia.,0.162,0,none,none,,train,1,template-generated synthetic scenario
SCW-0376-4,SCW-0376,2026-01-11,,financial_report,Industrial Manufacturing,South Asia,Risk commentary indicates standard operating conditions with no significant new supply constraints. Sector context: industrial manufacturing; region: south asia.,0.038,0,none,none,,train,1,template-generated synthetic scenario
SCW-0377-1,SCW-0377,2026-01-12,,news,Food & Beverage,North America,"Industry output remained broadly stable this week, with normal freight flows and no material production interruptions reported. Sector context: food & beverage; region: north america.",0.226,0,none,none,,train,1,template-generated synthetic scenario
SCW-0377-2,SCW-0377,2026-01-12,,social_media,Food & Beverage,North America,Routine logistics updates indicate normal transit times and no unusual capacity constraints across key lanes. Sector context: food & beverage; region: north america.,0.02,0,none,none,,train,1,template-generated synthetic scenario
SCW-0377-3,SCW-0377,2026-01-12,,supplier_communication,Food & Beverage,North America,Vendor communication confirms normal operating capacity and standard lead times for current purchase orders. Sector context: food & beverage; region: north america.,0.42,0,none,none,,train,1,template-generated synthetic scenario
SCW-0377-4,SCW-0377,2026-01-12,,financial_report,Food & Beverage,North America,Risk commentary indicates standard operating conditions with no significant new supply constraints. Sector context: food & beverage; region: north america.,0.149,0,none,none,,train,1,template-generated synthetic scenario
SCW-0378-1,SCW-0378,2026-01-13,,news,Industrial Manufacturing,Southeast Asia,"Industry output remained broadly stable this week, with normal freight flows and no material production interruptions reported. Sector context: industrial manufacturing; region: southeast asia.",0.146,0,none,none,,train,1,template-generated synthetic scenario
SCW-0378-2,SCW-0378,2026-01-13,,social_media,Industrial Manufacturing,Southeast Asia,Routine logistics updates indicate normal transit times and no unusual capacity constraints across key lanes. Sector context: industrial manufacturing; region: southeast asia.,0.31,0,none,none,,train,1,template-generated synthetic scenario
SCW-0378-3,SCW-0378,2026-01-13,,supplier_communication,Industrial Manufacturing,Southeast Asia,Vendor communication confirms normal operating capacity and standard lead times for current purchase orders. Sector context: industrial manufacturing; region: southeast asia.,0.128,0,none,none,,train,1,template-generated synthetic scenario
SCW-0378-4,SCW-0378,2026-01-13,,financial_report,Industrial Manufacturing,Southeast Asia,Management reported stable operations and no material supply interruptions during the current reporting period. Sector context: industrial manufacturing; region: southeast asia.,0.159,0,none,none,,train,1,template-generated synthetic scenario
SCW-0379-1,SCW-0379,2026-01-14,,news,Food & Beverage,Latin America,"Industry output remained broadly stable this week, with normal freight flows and no material production interruptions reported. Sector context: food & beverage; region: latin america.",0.057,0,none,none,,train,1,template-generated synthetic scenario
SCW-0379-2,SCW-0379,2026-01-14,,social_media,Food & Beverage,Latin America,Routine logistics updates indicate normal transit times and no unusual capacity constraints across key lanes. Sector context: food & beverage; region: latin america.,0.276,0,none,none,,train,1,template-generated synthetic scenario
SCW-0379-3,SCW-0379,2026-01-14,,supplier_communication,Food & Beverage,Latin America,Vendor communication confirms normal operating capacity and standard lead times for current purchase orders. Sector context: food & beverage; region: latin america.,0.314,0,none,none,,train,1,template-generated synthetic scenario
SCW-0379-4,SCW-0379,2026-01-14,,financial_report,Food & Beverage,Latin America,Risk commentary indicates standard operating conditions with no significant new supply constraints. Sector context: food & beverage; region: latin america.,0.242,0,none,none,,train,1,template-generated synthetic scenario
SCW-0380-1,SCW-0380,2026-01-15,2026-01-29,news,Food & Beverage,Europe,A key component producer is reportedly facing liquidity pressure and has reduced output at several facilities. Sector context: food & beverage; region: europe.,0.729,1,supplier_failure,high,14,train,1,template-generated synthetic scenario
SCW-0380-2,SCW-0380,2026-01-15,2026-01-29,social_media,Food & Beverage,Europe,Multiple procurement discussions mention missed commitments and reduced availability from a shared upstream supplier. Sector context: food & beverage; region: europe.,0.779,1,supplier_failure,high,14,train,1,template-generated synthetic scenario
SCW-0380-3,SCW-0380,2026-01-15,2026-01-29,supplier_communication,Food & Beverage,Europe,Vendor communication states that production throughput has declined and allocation controls may be introduced. Sector context: food & beverage; region: europe.,0.791,1,supplier_failure,high,14,train,1,template-generated synthetic scenario
SCW-0380-4,SCW-0380,2026-01-15,2026-01-29,financial_report,Food & Beverage,Europe,Financial commentary identifies liquidity and capacity constraints that could affect fulfillment of customer orders. Sector context: food & beverage; region: europe.,0.823,1,supplier_failure,high,14,train,1,template-generated synthetic scenario
SCW-0381-1,SCW-0381,2026-01-16,,news,Medical Devices,Middle East,Manufacturers reported routine operations and balanced inventory positions across major distribution channels. Sector context: medical devices; region: middle east.,0.02,0,none,none,,train,1,template-generated synthetic scenario
SCW-0381-2,SCW-0381,2026-01-16,,social_media,Medical Devices,Middle East,Procurement discussions show typical lead times and stable availability for most monitored inputs. Sector context: medical devices; region: middle east.,0.037,0,none,none,,train,1,template-generated synthetic scenario
SCW-0381-3,SCW-0381,2026-01-16,,supplier_communication,Medical Devices,Middle East,Vendor communication confirms normal operating capacity and standard lead times for current purchase orders. Sector context: medical devices; region: middle east.,0.148,0,none,none,,train,1,template-generated synthetic scenario
SCW-0381-4,SCW-0381,2026-01-16,,financial_report,Medical Devices,Middle East,Risk commentary indicates standard operating conditions with no significant new supply constraints. Sector context: medical devices; region: middle east.,0.125,0,none,none,,train,1,template-generated synthetic scenario
SCW-0382-1,SCW-0382,2026-01-17,2026-01-21,news,Food & Beverage,South Asia,"A major freight corridor is experiencing capacity constraints, with transit times rising across multiple carriers. Sector context: food & beverage; region: south asia.",0.722,1,logistics_transport,medium,4,train,1,template-generated synthetic scenario
SCW-0382-2,SCW-0382,2026-01-17,2026-01-21,social_media,Food & Beverage,South Asia,Shippers report repeated rollovers and longer transit times as network congestion intensifies. Sector context: food & beverage; region: south asia.,0.634,1,logistics_transport,medium,4,train,1,template-generated synthetic scenario
SCW-0382-3,SCW-0382,2026-01-17,2026-01-21,supplier_communication,Food & Beverage,South Asia,Supplier advises that port congestion and equipment shortages may delay confirmed dispatch dates. Sector context: food & beverage; region: south asia.,0.775,1,logistics_transport,medium,4,train,1,template-generated synthetic scenario
SCW-0382-4,SCW-0382,2026-01-17,2026-01-21,financial_report,Food & Beverage,South Asia,Risk commentary cites persistent logistics congestion and constrained carrier capacity. Sector context: food & beverage; region: south asia.,0.648,1,logistics_transport,medium,4,train,1,template-generated synthetic scenario
SCW-0383-1,SCW-0383,2026-01-18,,news,Apparel,Global,Manufacturers reported routine operations and balanced inventory positions across major distribution channels. Sector context: apparel; region: global.,0.233,0,none,none,,train,1,template-generated synthetic scenario
SCW-0383-2,SCW-0383,2026-01-18,,social_media,Apparel,Global,Routine logistics updates indicate normal transit times and no unusual capacity constraints across key lanes. Sector context: apparel; region: global.,0.312,0,none,none,,train,1,template-generated synthetic scenario
SCW-0383-3,SCW-0383,2026-01-18,,supplier_communication,Apparel,Global,"Supplier update: production and shipment schedules remain on plan, with no material changes to committed delivery dates. Sector context: apparel; region: global.",0.212,0,none,none,,train,1,template-generated synthetic scenario
SCW-0383-4,SCW-0383,2026-01-18,,financial_report,Apparel,Global,Risk commentary indicates standard operating conditions with no significant new supply constraints. Sector context: apparel; region: global.,0.355,0,none,none,,train,1,template-generated synthetic scenario
SCW-0384-1,SCW-0384,2026-01-19,,news,Semiconductors,East Asia,Manufacturers reported routine operations and balanced inventory positions across major distribution channels. Sector context: semiconductors; region: east asia.,0.356,0,none,none,,train,1,template-generated synthetic scenario
SCW-0384-2,SCW-0384,2026-01-19,,social_media,Semiconductors,East Asia,Procurement discussions show typical lead times and stable availability for most monitored inputs. Sector context: semiconductors; region: east asia.,0.15,0,none,none,,train,1,template-generated synthetic scenario
SCW-0384-3,SCW-0384,2026-01-19,,supplier_communication,Semiconductors,East Asia,"Supplier update: production and shipment schedules remain on plan, with no material changes to committed delivery dates. Sector context: semiconductors; region: east asia.",0.271,0,none,none,,train,1,template-generated synthetic scenario
SCW-0384-4,SCW-0384,2026-01-19,,financial_report,Semiconductors,East Asia,Risk commentary indicates standard operating conditions with no significant new supply constraints. Sector context: semiconductors; region: east asia.,0.124,0,none,none,,train,1,template-generated synthetic scenario
SCW-0385-1,SCW-0385,2026-01-20,2026-01-29,news,Food & Beverage,South Asia,"A new regulatory rule affecting trade documentation is expected to take effect soon, requiring changes to sourcing and documentation. Sector context: food & beverage; region: south asia.",0.865,1,regulatory_policy,critical,9,train,1,template-generated synthetic scenario
SCW-0385-2,SCW-0385,2026-01-20,2026-01-29,social_media,Food & Beverage,South Asia,Trade groups are discussing new export-control rules and warning members to prepare for documentation and clearance delays. Sector context: food & beverage; region: south asia.,0.899,1,regulatory_policy,critical,9,train,1,template-generated synthetic scenario
SCW-0385-3,SCW-0385,2026-01-20,2026-01-29,supplier_communication,Food & Beverage,South Asia,Supplier notice: updated trade documentation requirements may affect export documentation and lead times for upcoming orders. Sector context: food & beverage; region: south asia.,0.875,1,regulatory_policy,critical,9,train,1,template-generated synthetic scenario
SCW-0385-4,SCW-0385,2026-01-20,2026-01-29,financial_report,Food & Beverage,South Asia,Risk factors note uncertainty from changing environmental compliance rules and possible delays in international supply flows. Sector context: food & beverage; region: south asia.,0.815,1,regulatory_policy,critical,9,train,1,template-generated synthetic scenario
SCW-0386-1,SCW-0386,2026-01-21,,news,Pharmaceuticals,Latin America,"Industry output remained broadly stable this week, with normal freight flows and no material production interruptions reported. Sector context: pharmaceuticals; region: latin america.",0.205,0,none,none,,train,1,template-generated synthetic scenario
SCW-0386-2,SCW-0386,2026-01-21,,social_media,Pharmaceuticals,Latin America,Routine logistics updates indicate normal transit times and no unusual capacity constraints across key lanes. Sector context: pharmaceuticals; region: latin america.,0.165,0,none,none,,train,1,template-generated synthetic scenario
SCW-0386-3,SCW-0386,2026-01-21,,supplier_communication,Pharmaceuticals,Latin America,"Supplier update: production and shipment schedules remain on plan, with no material changes to committed delivery dates. Sector context: pharmaceuticals; region: latin america.",0.438,0,none,none,,train,1,template-generated synthetic scenario
SCW-0386-4,SCW-0386,2026-01-21,,financial_report,Pharmaceuticals,Latin America,Management reported stable operations and no material supply interruptions during the current reporting period. Sector context: pharmaceuticals; region: latin america.,0.203,0,none,none,,train,1,template-generated synthetic scenario
SCW-0387-1,SCW-0387,2026-01-22,,news,Aerospace,Global,Manufacturers reported routine operations and balanced inventory positions across major distribution channels. Sector context: aerospace; region: global.,0.338,0,none,none,,train,1,template-generated synthetic scenario
SCW-0387-2,SCW-0387,2026-01-22,,social_media,Aerospace,Global,Procurement discussions show typical lead times and stable availability for most monitored inputs. Sector context: aerospace; region: global.,0.02,0,none,none,,train,1,template-generated synthetic scenario
SCW-0387-3,SCW-0387,2026-01-22,,supplier_communication,Aerospace,Global,"Supplier update: production and shipment schedules remain on plan, with no material changes to committed delivery dates. Sector context: aerospace; region: global.",0.202,0,none,none,,train,1,template-generated synthetic scenario
SCW-0387-4,SCW-0387,2026-01-22,,financial_report,Aerospace,Global,Risk commentary indicates standard operating conditions with no significant new supply constraints. Sector context: aerospace; region: global.,0.213,0,none,none,,train,1,template-generated synthetic scenario
SCW-0388-1,SCW-0388,2026-01-23,2026-01-24,news,Food & Beverage,Middle East,Port congestion and equipment shortages are increasing vessel dwell times and delaying container availability. Sector context: food & beverage; region: middle east.,0.572,1,logistics_transport,medium,1,train,1,template-generated synthetic scenario
SCW-0388-2,SCW-0388,2026-01-23,2026-01-24,social_media,Food & Beverage,Middle East,"Freight updates show growing queues, missed connections, and limited equipment availability at a major gateway. Sector context: food & beverage; region: middle east.",0.654,1,logistics_transport,medium,1,train,1,template-generated synthetic scenario
SCW-0388-3,SCW-0388,2026-01-23,2026-01-24,supplier_communication,Food & Beverage,Middle East,Supplier advises that port congestion and equipment shortages may delay confirmed dispatch dates. Sector context: food & beverage; region: middle east.,0.712,1,logistics_transport,medium,1,train,1,template-generated synthetic scenario
SCW-0388-4,SCW-0388,2026-01-23,2026-01-24,financial_report,Food & Beverage,Middle East,Management noted elevated freight costs and transportation bottlenecks that may affect service levels and inventory availability. Sector context: food & beverage; region: middle east.,0.644,1,logistics_transport,medium,1,train,1,template-generated synthetic scenario
SCW-0389-1,SCW-0389,2026-01-24,,news,Semiconductors,Global,Manufacturers reported routine operations and balanced inventory positions across major distribution channels. Sector context: semiconductors; region: global.,0.306,0,none,none,,train,1,template-generated synthetic scenario
SCW-0389-2,SCW-0389,2026-01-24,,social_media,Semiconductors,Global,Routine logistics updates indicate normal transit times and no unusual capacity constraints across key lanes. Sector context: semiconductors; region: global.,0.222,0,none,none,,train,1,template-generated synthetic scenario
SCW-0389-3,SCW-0389,2026-01-24,,supplier_communication,Semiconductors,Global,"Supplier update: production and shipment schedules remain on plan, with no material changes to committed delivery dates. Sector context: semiconductors; region: global.",0.031,0,none,none,,train,1,template-generated synthetic scenario
SCW-0389-4,SCW-0389,2026-01-24,,financial_report,Semiconductors,Global,Risk commentary indicates standard operating conditions with no significant new supply constraints. Sector context: semiconductors; region: global.,0.088,0,none,none,,train,1,template-generated synthetic scenario
SCW-0390-1,SCW-0390,2026-01-25,,news,Retail,Global,Manufacturers reported routine operations and balanced inventory positions across major distribution channels. Sector context: retail; region: global.,0.196,0,none,none,,train,1,template-generated synthetic scenario
SCW-0390-2,SCW-0390,2026-01-25,,social_media,Retail,Global,Routine logistics updates indicate normal transit times and no unusual capacity constraints across key lanes. Sector context: retail; region: global.,0.285,0,none,none,,train,1,template-generated synthetic scenario
SCW-0390-3,SCW-0390,2026-01-25,,supplier_communication,Retail,Global,"Supplier update: production and shipment schedules remain on plan, with no material changes to committed delivery dates. Sector context: retail; region: global.",0.226,0,none,none,,train,1,template-generated synthetic scenario
SCW-0390-4,SCW-0390,2026-01-25,,financial_report,Retail,Global,Management reported stable operations and no material supply interruptions during the current reporting period. Sector context: retail; region: global.,0.304,0,none,none,,train,1,template-generated synthetic scenario
SCW-0391-1,SCW-0391,2026-01-26,,news,Automotive,South Asia,Manufacturers reported routine operations and balanced inventory positions across major distribution channels. Sector context: automotive; region: south asia.,0.295,0,none,none,,train,1,template-generated synthetic scenario
SCW-0391-2,SCW-0391,2026-01-26,,social_media,Automotive,South Asia,Routine logistics updates indicate normal transit times and no unusual capacity constraints across key lanes. Sector context: automotive; region: south asia.,0.389,0,none,none,,train,1,template-generated synthetic scenario
SCW-0391-3,SCW-0391,2026-01-26,,supplier_communication,Automotive,South Asia,"Supplier update: production and shipment schedules remain on plan, with no material changes to committed delivery dates. Sector context: automotive; region: south asia.",0.148,0,none,none,,train,1,template-generated synthetic scenario
SCW-0391-4,SCW-0391,2026-01-26,,financial_report,Automotive,South Asia,Risk commentary indicates standard operating conditions with no significant new supply constraints. Sector context: automotive; region: south asia.,0.209,0,none,none,,train,1,template-generated synthetic scenario
SCW-0392-1,SCW-0392,2026-01-27,,news,Aerospace,North America,"Industry output remained broadly stable this week, with normal freight flows and no material production interruptions reported. Sector context: aerospace; region: north america.",0.176,0,none,none,,train,1,template-generated synthetic scenario
SCW-0392-2,SCW-0392,2026-01-27,,social_media,Aerospace,North America,Procurement discussions show typical lead times and stable availability for most monitored inputs. Sector context: aerospace; region: north america.,0.298,0,none,none,,train,1,template-generated synthetic scenario
SCW-0392-3,SCW-0392,2026-01-27,,supplier_communication,Aerospace,North America,"Supplier update: production and shipment schedules remain on plan, with no material changes to committed delivery dates. Sector context: aerospace; region: north america.",0.02,0,none,none,,train,1,template-generated synthetic scenario
SCW-0392-4,SCW-0392,2026-01-27,,financial_report,Aerospace,North America,Risk commentary indicates standard operating conditions with no significant new supply constraints. Sector context: aerospace; region: north america.,0.364,0,none,none,,train,1,template-generated synthetic scenario
SCW-0393-1,SCW-0393,2026-01-28,,news,Pharmaceuticals,Europe,"Industry output remained broadly stable this week, with normal freight flows and no material production interruptions reported. Sector context: pharmaceuticals; region: europe.",0.21,0,none,none,,train,1,template-generated synthetic scenario
SCW-0393-2,SCW-0393,2026-01-28,,social_media,Pharmaceuticals,Europe,Procurement discussions show typical lead times and stable availability for most monitored inputs. Sector context: pharmaceuticals; region: europe.,0.162,0,none,none,,train,1,template-generated synthetic scenario
SCW-0393-3,SCW-0393,2026-01-28,,supplier_communication,Pharmaceuticals,Europe,"Supplier update: production and shipment schedules remain on plan, with no material changes to committed delivery dates. Sector context: pharmaceuticals; region: europe.",0.18,0,none,none,,train,1,template-generated synthetic scenario
SCW-0393-4,SCW-0393,2026-01-28,,financial_report,Pharmaceuticals,Europe,Risk commentary indicates standard operating conditions with no significant new supply constraints. Sector context: pharmaceuticals; region: europe.,0.02,0,none,none,,train,1,template-generated synthetic scenario
SCW-0394-1,SCW-0394,2026-01-29,,news,Medical Devices,Middle East,"Industry output remained broadly stable this week, with normal freight flows and no material production interruptions reported. Sector context: medical devices; region: middle east.",0.245,0,none,none,,train,1,template-generated synthetic scenario
SCW-0394-2,SCW-0394,2026-01-29,,social_media,Medical Devices,Middle East,Routine logistics updates indicate normal transit times and no unusual capacity constraints across key lanes. Sector context: medical devices; region: middle east.,0.433,0,none,none,,train,1,template-generated synthetic scenario
SCW-0394-3,SCW-0394,2026-01-29,,supplier_communication,Medical Devices,Middle East,Vendor communication confirms normal operating capacity and standard lead times for current purchase orders. Sector context: medical devices; region: middle east.,0.258,0,none,none,,train,1,template-generated synthetic scenario
SCW-0394-4,SCW-0394,2026-01-29,,financial_report,Medical Devices,Middle East,Risk commentary indicates standard operating conditions with no significant new supply constraints. Sector context: medical devices; region: middle east.,0.206,0,none,none,,train,1,template-generated synthetic scenario
SCW-0395-1,SCW-0395,2026-01-30,,news,Medical Devices,North America,Manufacturers reported routine operations and balanced inventory positions across major distribution channels. Sector context: medical devices; region: north america.,0.176,0,none,none,,train,1,template-generated synthetic scenario
SCW-0395-2,SCW-0395,2026-01-30,,social_media,Medical Devices,North America,Routine logistics updates indicate normal transit times and no unusual capacity constraints across key lanes. Sector context: medical devices; region: north america.,0.22,0,none,none,,train,1,template-generated synthetic scenario
SCW-0395-3,SCW-0395,2026-01-30,,supplier_communication,Medical Devices,North America,Vendor communication confirms normal operating capacity and standard lead times for current purchase orders. Sector context: medical devices; region: north america.,0.066,0,none,none,,train,1,template-generated synthetic scenario
SCW-0395-4,SCW-0395,2026-01-30,,financial_report,Medical Devices,North America,Management reported stable operations and no material supply interruptions during the current reporting period. Sector context: medical devices; region: north america.,0.247,0,none,none,,train,1,template-generated synthetic scenario
SCW-0396-1,SCW-0396,2026-01-31,,news,Pharmaceuticals,Latin America,"Industry output remained broadly stable this week, with normal freight flows and no material production interruptions reported. Sector context: pharmaceuticals; region: latin america.",0.239,0,none,none,,train,1,template-generated synthetic scenario
SCW-0396-2,SCW-0396,2026-01-31,,social_media,Pharmaceuticals,Latin America,Procurement discussions show typical lead times and stable availability for most monitored inputs. Sector context: pharmaceuticals; region: latin america.,0.136,0,none,none,,train,1,template-generated synthetic scenario
SCW-0396-3,SCW-0396,2026-01-31,,supplier_communication,Pharmaceuticals,Latin America,"Supplier update: production and shipment schedules remain on plan, with no material changes to committed delivery dates. Sector context: pharmaceuticals; region: latin america.",0.142,0,none,none,,train,1,template-generated synthetic scenario
SCW-0396-4,SCW-0396,2026-01-31,,financial_report,Pharmaceuticals,Latin America,Risk commentary indicates standard operating conditions with no significant new supply constraints. Sector context: pharmaceuticals; region: latin america.,0.291,0,none,none,,train,1,template-generated synthetic scenario
SCW-0397-1,SCW-0397,2026-02-01,2026-02-08,news,Semiconductors,North America,"Escalating regional tensions are affecting shipping routes and insurance costs, with carriers considering alternate corridors. Sector context: semiconductors; region: north america.",0.899,1,geopolitical,high,7,train,1,template-generated synthetic scenario
SCW-0397-2,SCW-0397,2026-02-01,2026-02-08,social_media,Semiconductors,North America,Freight forums report route diversions and rising spot rates as carriers avoid a high-risk corridor. Sector context: semiconductors; region: north america.,0.721,1,geopolitical,high,7,train,1,template-generated synthetic scenario
SCW-0397-3,SCW-0397,2026-02-01,2026-02-08,supplier_communication,Semiconductors,North America,Vendor notice indicates contingency routing is being evaluated due to regional security and trade restrictions. Sector context: semiconductors; region: north america.,0.753,1,geopolitical,high,7,train,1,template-generated synthetic scenario
SCW-0397-4,SCW-0397,2026-02-01,2026-02-08,financial_report,Semiconductors,North America,"Management identified geopolitical instability as a material risk to sourcing continuity, freight costs, and supplier availability. Sector context: semiconductors; region: north america.",0.853,1,geopolitical,high,7,train,1,template-generated synthetic scenario
SCW-0398-1,SCW-0398,2026-02-02,,news,Energy,Southeast Asia,"Industry output remained broadly stable this week, with normal freight flows and no material production interruptions reported. Sector context: energy; region: southeast asia.",0.35,0,none,none,,train,1,template-generated synthetic scenario
SCW-0398-2,SCW-0398,2026-02-02,,social_media,Energy,Southeast Asia,Procurement discussions show typical lead times and stable availability for most monitored inputs. Sector context: energy; region: southeast asia.,0.02,0,none,none,,train,1,template-generated synthetic scenario
SCW-0398-3,SCW-0398,2026-02-02,,supplier_communication,Energy,Southeast Asia,"Supplier update: production and shipment schedules remain on plan, with no material changes to committed delivery dates. Sector context: energy; region: southeast asia.",0.149,0,none,none,,train,1,template-generated synthetic scenario
SCW-0398-4,SCW-0398,2026-02-02,,financial_report,Energy,Southeast Asia,Management reported stable operations and no material supply interruptions during the current reporting period. Sector context: energy; region: southeast asia.,0.294,0,none,none,,train,1,template-generated synthetic scenario
SCW-0399-1,SCW-0399,2026-02-03,,news,Apparel,Global,Manufacturers reported routine operations and balanced inventory positions across major distribution channels. Sector context: apparel; region: global.,0.283,0,none,none,,train,1,template-generated synthetic scenario
SCW-0399-2,SCW-0399,2026-02-03,,social_media,Apparel,Global,Procurement discussions show typical lead times and stable availability for most monitored inputs. Sector context: apparel; region: global.,0.265,0,none,none,,train,1,template-generated synthetic scenario
SCW-0399-3,SCW-0399,2026-02-03,,supplier_communication,Apparel,Global,"Supplier update: production and shipment schedules remain on plan, with no material changes to committed delivery dates. Sector context: apparel; region: global.",0.119,0,none,none,,train,1,template-generated synthetic scenario
SCW-0399-4,SCW-0399,2026-02-03,,financial_report,Apparel,Global,Management reported stable operations and no material supply interruptions during the current reporting period. Sector context: apparel; region: global.,0.237,0,none,none,,train,1,template-generated synthetic scenario
SCW-0400-1,SCW-0400,2026-02-04,2026-02-05,news,Logistics,South Asia,Industry sources report a product recall that could constrain availability while replacement inventory is produced. Sector context: logistics; region: south asia.,0.586,1,quality_recall,medium,1,train,1,template-generated synthetic scenario
SCW-0400-2,SCW-0400,2026-02-04,2026-02-05,social_media,Logistics,South Asia,Customers and distributors are reporting elevated defect concerns and temporary product withdrawals. Sector context: logistics; region: south asia.,0.691,1,quality_recall,medium,1,train,1,template-generated synthetic scenario
SCW-0400-3,SCW-0400,2026-02-04,2026-02-05,supplier_communication,Logistics,South Asia,Vendor advisory requests temporary quarantine of affected material and warns of possible replenishment delays. Sector context: logistics; region: south asia.,0.649,1,quality_recall,medium,1,train,1,template-generated synthetic scenario
SCW-0400-4,SCW-0400,2026-02-04,2026-02-05,financial_report,Logistics,South Asia,Risk commentary notes potential supply constraints associated with quality remediation and replacement production. Sector context: logistics; region: south asia.,0.619,1,quality_recall,medium,1,train,1,template-generated synthetic scenario
SCW-0401-1,SCW-0401,2026-02-05,,news,Semiconductors,East Asia,"Industry output remained broadly stable this week, with normal freight flows and no material production interruptions reported. Sector context: semiconductors; region: east asia.",0.196,0,none,none,,train,1,template-generated synthetic scenario
SCW-0401-2,SCW-0401,2026-02-05,,social_media,Semiconductors,East Asia,Routine logistics updates indicate normal transit times and no unusual capacity constraints across key lanes. Sector context: semiconductors; region: east asia.,0.211,0,none,none,,train,1,template-generated synthetic scenario
SCW-0401-3,SCW-0401,2026-02-05,,supplier_communication,Semiconductors,East Asia,"Supplier update: production and shipment schedules remain on plan, with no material changes to committed delivery dates. Sector context: semiconductors; region: east asia.",0.331,0,none,none,,train,1,template-generated synthetic scenario
SCW-0401-4,SCW-0401,2026-02-05,,financial_report,Semiconductors,East Asia,Risk commentary indicates standard operating conditions with no significant new supply constraints. Sector context: semiconductors; region: east asia.,0.319,0,none,none,,train,1,template-generated synthetic scenario
SCW-0402-1,SCW-0402,2026-02-06,2026-02-19,news,Semiconductors,East Asia,"Labor negotiations remain unresolved at a critical logistics hub, raising the risk of temporary shutdowns. Sector context: semiconductors; region: east asia.",0.759,1,labor_disruption,high,13,train,1,template-generated synthetic scenario
SCW-0402-2,SCW-0402,2026-02-06,2026-02-19,social_media,Semiconductors,East Asia,Industry groups are warning of possible delays if planned labor action proceeds this week. Sector context: semiconductors; region: east asia.,0.893,1,labor_disruption,high,13,train,1,template-generated synthetic scenario
SCW-0402-3,SCW-0402,2026-02-06,2026-02-19,supplier_communication,Semiconductors,East Asia,Vendor advises of potential schedule disruption due to ongoing labor negotiations and reduced shift coverage. Sector context: semiconductors; region: east asia.,0.736,1,labor_disruption,high,13,train,1,template-generated synthetic scenario
SCW-0402-4,SCW-0402,2026-02-06,2026-02-19,financial_report,Semiconductors,East Asia,The company noted potential production and distribution interruptions from workforce constraints. Sector context: semiconductors; region: east asia.,0.744,1,labor_disruption,high,13,train,1,template-generated synthetic scenario
SCW-0403-1,SCW-0403,2026-02-07,,news,Semiconductors,Southeast Asia,"Industry output remained broadly stable this week, with normal freight flows and no material production interruptions reported. Sector context: semiconductors; region: southeast asia.",0.255,0,none,none,,train,1,template-generated synthetic scenario
SCW-0403-2,SCW-0403,2026-02-07,,social_media,Semiconductors,Southeast Asia,Routine logistics updates indicate normal transit times and no unusual capacity constraints across key lanes. Sector context: semiconductors; region: southeast asia.,0.031,0,none,none,,train,1,template-generated synthetic scenario
SCW-0403-3,SCW-0403,2026-02-07,,supplier_communication,Semiconductors,Southeast Asia,"Supplier update: production and shipment schedules remain on plan, with no material changes to committed delivery dates. Sector context: semiconductors; region: southeast asia.",0.275,0,none,none,,train,1,template-generated synthetic scenario
SCW-0403-4,SCW-0403,2026-02-07,,financial_report,Semiconductors,Southeast Asia,Risk commentary indicates standard operating conditions with no significant new supply constraints. Sector context: semiconductors; region: southeast asia.,0.317,0,none,none,,train,1,template-generated synthetic scenario
SCW-0404-1,SCW-0404,2026-02-08,,news,Pharmaceuticals,Europe,"Industry output remained broadly stable this week, with normal freight flows and no material production interruptions reported. Sector context: pharmaceuticals; region: europe.",0.173,0,none,none,,train,1,template-generated synthetic scenario
SCW-0404-2,SCW-0404,2026-02-08,,social_media,Pharmaceuticals,Europe,Procurement discussions show typical lead times and stable availability for most monitored inputs. Sector context: pharmaceuticals; region: europe.,0.256,0,none,none,,train,1,template-generated synthetic scenario
SCW-0404-3,SCW-0404,2026-02-08,,supplier_communication,Pharmaceuticals,Europe,"Supplier update: production and shipment schedules remain on plan, with no material changes to committed delivery dates. Sector context: pharmaceuticals; region: europe.",0.297,0,none,none,,train,1,template-generated synthetic scenario
SCW-0404-4,SCW-0404,2026-02-08,,financial_report,Pharmaceuticals,Europe,Management reported stable operations and no material supply interruptions during the current reporting period. Sector context: pharmaceuticals; region: europe.,0.281,0,none,none,,train,1,template-generated synthetic scenario
SCW-0405-1,SCW-0405,2026-02-09,,news,Aerospace,Southeast Asia,Manufacturers reported routine operations and balanced inventory positions across major distribution channels. Sector context: aerospace; region: southeast asia.,0.444,0,none,none,,train,1,template-generated synthetic scenario
SCW-0405-2,SCW-0405,2026-02-09,,social_media,Aerospace,Southeast Asia,Routine logistics updates indicate normal transit times and no unusual capacity constraints across key lanes. Sector context: aerospace; region: southeast asia.,0.037,0,none,none,,train,1,template-generated synthetic scenario
SCW-0405-3,SCW-0405,2026-02-09,,supplier_communication,Aerospace,Southeast Asia,Vendor communication confirms normal operating capacity and standard lead times for current purchase orders. Sector context: aerospace; region: southeast asia.,0.233,0,none,none,,train,1,template-generated synthetic scenario
SCW-0405-4,SCW-0405,2026-02-09,,financial_report,Aerospace,Southeast Asia,Risk commentary indicates standard operating conditions with no significant new supply constraints. Sector context: aerospace; region: southeast asia.,0.385,0,none,none,,train,1,template-generated synthetic scenario
SCW-0406-1,SCW-0406,2026-02-10,,news,Semiconductors,South Asia,"Industry output remained broadly stable this week, with normal freight flows and no material production interruptions reported. Sector context: semiconductors; region: south asia.",0.277,0,none,none,,train,1,template-generated synthetic scenario
SCW-0406-2,SCW-0406,2026-02-10,,social_media,Semiconductors,South Asia,Procurement discussions show typical lead times and stable availability for most monitored inputs. Sector context: semiconductors; region: south asia.,0.156,0,none,none,,train,1,template-generated synthetic scenario
SCW-0406-3,SCW-0406,2026-02-10,,supplier_communication,Semiconductors,South Asia,"Supplier update: production and shipment schedules remain on plan, with no material changes to committed delivery dates. Sector context: semiconductors; region: south asia.",0.151,0,none,none,,train,1,template-generated synthetic scenario
SCW-0406-4,SCW-0406,2026-02-10,,financial_report,Semiconductors,South Asia,Management reported stable operations and no material supply interruptions during the current reporting period. Sector context: semiconductors; region: south asia.,0.145,0,none,none,,train,1,template-generated synthetic scenario
SCW-0407-1,SCW-0407,2026-02-11,,news,Apparel,Southeast Asia,"Industry output remained broadly stable this week, with normal freight flows and no material production interruptions reported. Sector context: apparel; region: southeast asia.",0.173,0,none,none,,train,1,template-generated synthetic scenario
SCW-0407-2,SCW-0407,2026-02-11,,social_media,Apparel,Southeast Asia,Procurement discussions show typical lead times and stable availability for most monitored inputs. Sector context: apparel; region: southeast asia.,0.182,0,none,none,,train,1,template-generated synthetic scenario
SCW-0407-3,SCW-0407,2026-02-11,,supplier_communication,Apparel,Southeast Asia,"Supplier update: production and shipment schedules remain on plan, with no material changes to committed delivery dates. Sector context: apparel; region: southeast asia.",0.102,0,none,none,,train,1,template-generated synthetic scenario
SCW-0407-4,SCW-0407,2026-02-11,,financial_report,Apparel,Southeast Asia,Management reported stable operations and no material supply interruptions during the current reporting period. Sector context: apparel; region: southeast asia.,0.051,0,none,none,,train,1,template-generated synthetic scenario
SCW-0408-1,SCW-0408,2026-02-12,,news,Semiconductors,Middle East,Manufacturers reported routine operations and balanced inventory positions across major distribution channels. Sector context: semiconductors; region: middle east.,0.24,0,none,none,,train,1,template-generated synthetic scenario
SCW-0408-2,SCW-0408,2026-02-12,,social_media,Semiconductors,Middle East,Routine logistics updates indicate normal transit times and no unusual capacity constraints across key lanes. Sector context: semiconductors; region: middle east.,0.19,0,none,none,,train,1,template-generated synthetic scenario
SCW-0408-3,SCW-0408,2026-02-12,,supplier_communication,Semiconductors,Middle East,Vendor communication confirms normal operating capacity and standard lead times for current purchase orders. Sector context: semiconductors; region: middle east.,0.02,0,none,none,,train,1,template-generated synthetic scenario
SCW-0408-4,SCW-0408,2026-02-12,,financial_report,Semiconductors,Middle East,Management reported stable operations and no material supply interruptions during the current reporting period. Sector context: semiconductors; region: middle east.,0.281,0,none,none,,train,1,template-generated synthetic scenario
SCW-0409-1,SCW-0409,2026-02-13,,news,Automotive,Middle East,"Industry output remained broadly stable this week, with normal freight flows and no material production interruptions reported. Sector context: automotive; region: middle east.",0.366,0,none,none,,train,1,template-generated synthetic scenario
SCW-0409-2,SCW-0409,2026-02-13,,social_media,Automotive,Middle East,Routine logistics updates indicate normal transit times and no unusual capacity constraints across key lanes. Sector context: automotive; region: middle east.,0.202,0,none,none,,train,1,template-generated synthetic scenario
SCW-0409-3,SCW-0409,2026-02-13,,supplier_communication,Automotive,Middle East,Vendor communication confirms normal operating capacity and standard lead times for current purchase orders. Sector context: automotive; region: middle east.,0.353,0,none,none,,train,1,template-generated synthetic scenario
SCW-0409-4,SCW-0409,2026-02-13,,financial_report,Automotive,Middle East,Management reported stable operations and no material supply interruptions during the current reporting period. Sector context: automotive; region: middle east.,0.243,0,none,none,,train,1,template-generated synthetic scenario
SCW-0410-1,SCW-0410,2026-02-14,,news,Retail,North America,Manufacturers reported routine operations and balanced inventory positions across major distribution channels. Sector context: retail; region: north america.,0.233,0,none,none,,train,1,template-generated synthetic scenario
SCW-0410-2,SCW-0410,2026-02-14,,social_media,Retail,North America,Procurement discussions show typical lead times and stable availability for most monitored inputs. Sector context: retail; region: north america.,0.042,0,none,none,,train,1,template-generated synthetic scenario
SCW-0410-3,SCW-0410,2026-02-14,,supplier_communication,Retail,North America,Vendor communication confirms normal operating capacity and standard lead times for current purchase orders. Sector context: retail; region: north america.,0.134,0,none,none,,train,1,template-generated synthetic scenario
SCW-0410-4,SCW-0410,2026-02-14,,financial_report,Retail,North America,Management reported stable operations and no material supply interruptions during the current reporting period. Sector context: retail; region: north america.,0.02,0,none,none,,train,1,template-generated synthetic scenario
SCW-0411-1,SCW-0411,2026-02-15,,news,Logistics,Middle East,"Industry output remained broadly stable this week, with normal freight flows and no material production interruptions reported. Sector context: logistics; region: middle east.",0.407,0,none,none,,train,1,template-generated synthetic scenario
SCW-0411-2,SCW-0411,2026-02-15,,social_media,Logistics,Middle East,Routine logistics updates indicate normal transit times and no unusual capacity constraints across key lanes. Sector context: logistics; region: middle east.,0.202,0,none,none,,train,1,template-generated synthetic scenario
SCW-0411-3,SCW-0411,2026-02-15,,supplier_communication,Logistics,Middle East,Vendor communication confirms normal operating capacity and standard lead times for current purchase orders. Sector context: logistics; region: middle east.,0.17,0,none,none,,train,1,template-generated synthetic scenario
SCW-0411-4,SCW-0411,2026-02-15,,financial_report,Logistics,Middle East,Risk commentary indicates standard operating conditions with no significant new supply constraints. Sector context: logistics; region: middle east.,0.206,0,none,none,,train,1,template-generated synthetic scenario
SCW-0412-1,SCW-0412,2026-02-16,,news,Logistics,Middle East,Manufacturers reported routine operations and balanced inventory positions across major distribution channels. Sector context: logistics; region: middle east.,0.342,0,none,none,,train,1,template-generated synthetic scenario
SCW-0412-2,SCW-0412,2026-02-16,,social_media,Logistics,Middle East,Routine logistics updates indicate normal transit times and no unusual capacity constraints across key lanes. Sector context: logistics; region: middle east.,0.231,0,none,none,,train,1,template-generated synthetic scenario
SCW-0412-3,SCW-0412,2026-02-16,,supplier_communication,Logistics,Middle East,Vendor communication confirms normal operating capacity and standard lead times for current purchase orders. Sector context: logistics; region: middle east.,0.079,0,none,none,,train,1,template-generated synthetic scenario
SCW-0412-4,SCW-0412,2026-02-16,,financial_report,Logistics,Middle East,Risk commentary indicates standard operating conditions with no significant new supply constraints. Sector context: logistics; region: middle east.,0.228,0,none,none,,train,1,template-generated synthetic scenario
SCW-0413-1,SCW-0413,2026-02-17,2026-02-20,news,Pharmaceuticals,Global,"A manufacturing network is experiencing system outages following a cybersecurity event, affecting production scheduling. Sector context: pharmaceuticals; region: global.",0.658,1,cyber_incident,medium,3,train,1,template-generated synthetic scenario
SCW-0413-2,SCW-0413,2026-02-17,2026-02-20,social_media,Pharmaceuticals,Global,Operations teams are sharing reports of unavailable planning systems and delayed warehouse transactions. Sector context: pharmaceuticals; region: global.,0.607,1,cyber_incident,medium,3,train,1,template-generated synthetic scenario
SCW-0413-3,SCW-0413,2026-02-17,2026-02-20,supplier_communication,Pharmaceuticals,Global,"Vendor advisory states that manual processes are in place while systems are restored, potentially affecting shipment confirmation. Sector context: pharmaceuticals; region: global.",0.64,1,cyber_incident,medium,3,train,1,template-generated synthetic scenario
SCW-0413-4,SCW-0413,2026-02-17,2026-02-20,financial_report,Pharmaceuticals,Global,"The company disclosed a cybersecurity event that may temporarily affect operations, order processing, and logistics visibility. Sector context: pharmaceuticals; region: global.",0.615,1,cyber_incident,medium,3,train,1,template-generated synthetic scenario
SCW-0414-1,SCW-0414,2026-02-18,,news,Apparel,East Asia,"Industry output remained broadly stable this week, with normal freight flows and no material production interruptions reported. Sector context: apparel; region: east asia.",0.126,0,none,none,,train,1,template-generated synthetic scenario
SCW-0414-2,SCW-0414,2026-02-18,,social_media,Apparel,East Asia,Procurement discussions show typical lead times and stable availability for most monitored inputs. Sector context: apparel; region: east asia.,0.213,0,none,none,,train,1,template-generated synthetic scenario
SCW-0414-3,SCW-0414,2026-02-18,,supplier_communication,Apparel,East Asia,Vendor communication confirms normal operating capacity and standard lead times for current purchase orders. Sector context: apparel; region: east asia.,0.332,0,none,none,,train,1,template-generated synthetic scenario
SCW-0414-4,SCW-0414,2026-02-18,,financial_report,Apparel,East Asia,Management reported stable operations and no material supply interruptions during the current reporting period. Sector context: apparel; region: east asia.,0.304,0,none,none,,train,1,template-generated synthetic scenario
SCW-0415-1,SCW-0415,2026-02-19,,news,Energy,Southeast Asia,"Industry output remained broadly stable this week, with normal freight flows and no material production interruptions reported. Sector context: energy; region: southeast asia.",0.184,0,none,none,,train,1,template-generated synthetic scenario
SCW-0415-2,SCW-0415,2026-02-19,,social_media,Energy,Southeast Asia,Procurement discussions show typical lead times and stable availability for most monitored inputs. Sector context: energy; region: southeast asia.,0.091,0,none,none,,train,1,template-generated synthetic scenario
SCW-0415-3,SCW-0415,2026-02-19,,supplier_communication,Energy,Southeast Asia,Vendor communication confirms normal operating capacity and standard lead times for current purchase orders. Sector context: energy; region: southeast asia.,0.318,0,none,none,,train,1,template-generated synthetic scenario
SCW-0415-4,SCW-0415,2026-02-19,,financial_report,Energy,Southeast Asia,Risk commentary indicates standard operating conditions with no significant new supply constraints. Sector context: energy; region: southeast asia.,0.534,0,none,none,,train,1,template-generated synthetic scenario
SCW-0416-1,SCW-0416,2026-02-20,,news,Food & Beverage,North America,"Industry output remained broadly stable this week, with normal freight flows and no material production interruptions reported. Sector context: food & beverage; region: north america.",0.364,0,none,none,,train,1,template-generated synthetic scenario
SCW-0416-2,SCW-0416,2026-02-20,,social_media,Food & Beverage,North America,Routine logistics updates indicate normal transit times and no unusual capacity constraints across key lanes. Sector context: food & beverage; region: north america.,0.241,0,none,none,,train,1,template-generated synthetic scenario
SCW-0416-3,SCW-0416,2026-02-20,,supplier_communication,Food & Beverage,North America,"Supplier update: production and shipment schedules remain on plan, with no material changes to committed delivery dates. Sector context: food & beverage; region: north america.",0.358,0,none,none,,train,1,template-generated synthetic scenario
SCW-0416-4,SCW-0416,2026-02-20,,financial_report,Food & Beverage,North America,Management reported stable operations and no material supply interruptions during the current reporting period. Sector context: food & beverage; region: north america.,0.02,0,none,none,,train,1,template-generated synthetic scenario
SCW-0417-1,SCW-0417,2026-02-21,,news,Apparel,Global,"Industry output remained broadly stable this week, with normal freight flows and no material production interruptions reported. Sector context: apparel; region: global.",0.243,0,none,none,,train,1,template-generated synthetic scenario
SCW-0417-2,SCW-0417,2026-02-21,,social_media,Apparel,Global,Procurement discussions show typical lead times and stable availability for most monitored inputs. Sector context: apparel; region: global.,0.259,0,none,none,,train,1,template-generated synthetic scenario
SCW-0417-3,SCW-0417,2026-02-21,,supplier_communication,Apparel,Global,"Supplier update: production and shipment schedules remain on plan, with no material changes to committed delivery dates. Sector context: apparel; region: global.",0.31,0,none,none,,train,1,template-generated synthetic scenario
SCW-0417-4,SCW-0417,2026-02-21,,financial_report,Apparel,Global,Management reported stable operations and no material supply interruptions during the current reporting period. Sector context: apparel; region: global.,0.384,0,none,none,,train,1,template-generated synthetic scenario
SCW-0418-1,SCW-0418,2026-02-22,2026-02-23,news,Logistics,Latin America,Authorities announced revised environmental compliance requirements that may delay cross-border shipments during the transition period. Sector context: logistics; region: latin america.,0.765,1,regulatory_policy,high,1,train,1,template-generated synthetic scenario
SCW-0418-2,SCW-0418,2026-02-22,2026-02-23,social_media,Logistics,Latin America,Trade groups are discussing new trade documentation rules and warning members to prepare for documentation and clearance delays. Sector context: logistics; region: latin america.,0.831,1,regulatory_policy,high,1,train,1,template-generated synthetic scenario
SCW-0418-3,SCW-0418,2026-02-22,2026-02-23,supplier_communication,Logistics,Latin America,Vendor compliance team advises that new customs controls could temporarily slow order processing and customs clearance. Sector context: logistics; region: latin america.,0.761,1,regulatory_policy,high,1,train,1,template-generated synthetic scenario
SCW-0418-4,SCW-0418,2026-02-22,2026-02-23,financial_report,Logistics,Latin America,Risk factors note uncertainty from changing environmental compliance rules and possible delays in international supply flows. Sector context: logistics; region: latin america.,0.776,1,regulatory_policy,high,1,train,1,template-generated synthetic scenario
SCW-0419-1,SCW-0419,2026-02-23,,news,Apparel,East Asia,Manufacturers reported routine operations and balanced inventory positions across major distribution channels. Sector context: apparel; region: east asia.,0.114,0,none,none,,train,1,template-generated synthetic scenario
SCW-0419-2,SCW-0419,2026-02-23,,social_media,Apparel,East Asia,Procurement discussions show typical lead times and stable availability for most monitored inputs. Sector context: apparel; region: east asia.,0.26,0,none,none,,train,1,template-generated synthetic scenario
SCW-0419-3,SCW-0419,2026-02-23,,supplier_communication,Apparel,East Asia,"Supplier update: production and shipment schedules remain on plan, with no material changes to committed delivery dates. Sector context: apparel; region: east asia.",0.54,0,none,none,,train,1,template-generated synthetic scenario
SCW-0419-4,SCW-0419,2026-02-23,,financial_report,Apparel,East Asia,Risk commentary indicates standard operating conditions with no significant new supply constraints. Sector context: apparel; region: east asia.,0.243,0,none,none,,train,1,template-generated synthetic scenario
SCW-0420-1,SCW-0420,2026-02-24,,news,Automotive,East Asia,"Industry output remained broadly stable this week, with normal freight flows and no material production interruptions reported. Sector context: automotive; region: east asia.",0.31,0,none,none,,train,1,template-generated synthetic scenario
SCW-0420-2,SCW-0420,2026-02-24,,social_media,Automotive,East Asia,Routine logistics updates indicate normal transit times and no unusual capacity constraints across key lanes. Sector context: automotive; region: east asia.,0.068,0,none,none,,train,1,template-generated synthetic scenario
SCW-0420-3,SCW-0420,2026-02-24,,supplier_communication,Automotive,East Asia,Vendor communication confirms normal operating capacity and standard lead times for current purchase orders. Sector context: automotive; region: east asia.,0.148,0,none,none,,train,1,template-generated synthetic scenario
SCW-0420-4,SCW-0420,2026-02-24,,financial_report,Automotive,East Asia,Risk commentary indicates standard operating conditions with no significant new supply constraints. Sector context: automotive; region: east asia.,0.153,0,none,none,,train,1,template-generated synthetic scenario
SCW-0421-1,SCW-0421,2026-02-25,,news,Automotive,East Asia,"Industry output remained broadly stable this week, with normal freight flows and no material production interruptions reported. Sector context: automotive; region: east asia.",0.145,0,none,none,,train,1,template-generated synthetic scenario
SCW-0421-2,SCW-0421,2026-02-25,,social_media,Automotive,East Asia,Routine logistics updates indicate normal transit times and no unusual capacity constraints across key lanes. Sector context: automotive; region: east asia.,0.376,0,none,none,,train,1,template-generated synthetic scenario
SCW-0421-3,SCW-0421,2026-02-25,,supplier_communication,Automotive,East Asia,Vendor communication confirms normal operating capacity and standard lead times for current purchase orders. Sector context: automotive; region: east asia.,0.31,0,none,none,,train,1,template-generated synthetic scenario
SCW-0421-4,SCW-0421,2026-02-25,,financial_report,Automotive,East Asia,Management reported stable operations and no material supply interruptions during the current reporting period. Sector context: automotive; region: east asia.,0.062,0,none,none,,train,1,template-generated synthetic scenario
SCW-0422-1,SCW-0422,2026-02-26,,news,Aerospace,Europe,"Industry output remained broadly stable this week, with normal freight flows and no material production interruptions reported. Sector context: aerospace; region: europe.",0.302,0,none,none,,train,1,template-generated synthetic scenario
SCW-0422-2,SCW-0422,2026-02-26,,social_media,Aerospace,Europe,Routine logistics updates indicate normal transit times and no unusual capacity constraints across key lanes. Sector context: aerospace; region: europe.,0.165,0,none,none,,train,1,template-generated synthetic scenario
SCW-0422-3,SCW-0422,2026-02-26,,supplier_communication,Aerospace,Europe,"Supplier update: production and shipment schedules remain on plan, with no material changes to committed delivery dates. Sector context: aerospace; region: europe.",0.469,0,none,none,,train,1,template-generated synthetic scenario
SCW-0422-4,SCW-0422,2026-02-26,,financial_report,Aerospace,Europe,Management reported stable operations and no material supply interruptions during the current reporting period. Sector context: aerospace; region: europe.,0.208,0,none,none,,train,1,template-generated synthetic scenario
SCW-0423-1,SCW-0423,2026-02-27,,news,Food & Beverage,Middle East,Manufacturers reported routine operations and balanced inventory positions across major distribution channels. Sector context: food & beverage; region: middle east.,0.361,0,none,none,,train,1,template-generated synthetic scenario
SCW-0423-2,SCW-0423,2026-02-27,,social_media,Food & Beverage,Middle East,Routine logistics updates indicate normal transit times and no unusual capacity constraints across key lanes. Sector context: food & beverage; region: middle east.,0.146,0,none,none,,train,1,template-generated synthetic scenario
SCW-0423-3,SCW-0423,2026-02-27,,supplier_communication,Food & Beverage,Middle East,Vendor communication confirms normal operating capacity and standard lead times for current purchase orders. Sector context: food & beverage; region: middle east.,0.153,0,none,none,,train,1,template-generated synthetic scenario
SCW-0423-4,SCW-0423,2026-02-27,,financial_report,Food & Beverage,Middle East,Risk commentary indicates standard operating conditions with no significant new supply constraints. Sector context: food & beverage; region: middle east.,0.341,0,none,none,,train,1,template-generated synthetic scenario
SCW-0424-1,SCW-0424,2026-02-28,,news,Aerospace,Latin America,Manufacturers reported routine operations and balanced inventory positions across major distribution channels. Sector context: aerospace; region: latin america.,0.118,0,none,none,,train,1,template-generated synthetic scenario
SCW-0424-2,SCW-0424,2026-02-28,,social_media,Aerospace,Latin America,Procurement discussions show typical lead times and stable availability for most monitored inputs. Sector context: aerospace; region: latin america.,0.106,0,none,none,,train,1,template-generated synthetic scenario
SCW-0424-3,SCW-0424,2026-02-28,,supplier_communication,Aerospace,Latin America,Vendor communication confirms normal operating capacity and standard lead times for current purchase orders. Sector context: aerospace; region: latin america.,0.436,0,none,none,,train,1,template-generated synthetic scenario
SCW-0424-4,SCW-0424,2026-02-28,,financial_report,Aerospace,Latin America,Risk commentary indicates standard operating conditions with no significant new supply constraints. Sector context: aerospace; region: latin america.,0.171,0,none,none,,train,1,template-generated synthetic scenario
SCW-0425-1,SCW-0425,2026-03-01,,news,Retail,Europe,Manufacturers reported routine operations and balanced inventory positions across major distribution channels. Sector context: retail; region: europe.,0.234,0,none,none,,train,1,template-generated synthetic scenario
SCW-0425-2,SCW-0425,2026-03-01,,social_media,Retail,Europe,Routine logistics updates indicate normal transit times and no unusual capacity constraints across key lanes. Sector context: retail; region: europe.,0.127,0,none,none,,train,1,template-generated synthetic scenario
SCW-0425-3,SCW-0425,2026-03-01,,supplier_communication,Retail,Europe,Vendor communication confirms normal operating capacity and standard lead times for current purchase orders. Sector context: retail; region: europe.,0.158,0,none,none,,train,1,template-generated synthetic scenario
SCW-0425-4,SCW-0425,2026-03-01,,financial_report,Retail,Europe,Risk commentary indicates standard operating conditions with no significant new supply constraints. Sector context: retail; region: europe.,0.396,0,none,none,,train,1,template-generated synthetic scenario
SCW-0426-1,SCW-0426,2026-03-02,2026-03-09,news,Medical Devices,Latin America,Industry sources report a product recall that could constrain availability while replacement inventory is produced. Sector context: medical devices; region: latin america.,0.5,1,quality_recall,low,7,train,1,template-generated synthetic scenario
SCW-0426-2,SCW-0426,2026-03-02,2026-03-09,social_media,Medical Devices,Latin America,Customers and distributors are reporting elevated defect concerns and temporary product withdrawals. Sector context: medical devices; region: latin america.,0.605,1,quality_recall,low,7,train,1,template-generated synthetic scenario
SCW-0426-3,SCW-0426,2026-03-02,2026-03-09,supplier_communication,Medical Devices,Latin America,Vendor advisory requests temporary quarantine of affected material and warns of possible replenishment delays. Sector context: medical devices; region: latin america.,0.72,1,quality_recall,low,7,train,1,template-generated synthetic scenario
SCW-0426-4,SCW-0426,2026-03-02,2026-03-09,financial_report,Medical Devices,Latin America,Risk commentary notes potential supply constraints associated with quality remediation and replacement production. Sector context: medical devices; region: latin america.,0.54,1,quality_recall,low,7,train,1,template-generated synthetic scenario
SCW-0427-1,SCW-0427,2026-03-03,,news,Aerospace,South Asia,Manufacturers reported routine operations and balanced inventory positions across major distribution channels. Sector context: aerospace; region: south asia.,0.18,0,none,none,,train,1,template-generated synthetic scenario
SCW-0427-2,SCW-0427,2026-03-03,,social_media,Aerospace,South Asia,Routine logistics updates indicate normal transit times and no unusual capacity constraints across key lanes. Sector context: aerospace; region: south asia.,0.371,0,none,none,,train,1,template-generated synthetic scenario
SCW-0427-3,SCW-0427,2026-03-03,,supplier_communication,Aerospace,South Asia,"Supplier update: production and shipment schedules remain on plan, with no material changes to committed delivery dates. Sector context: aerospace; region: south asia.",0.098,0,none,none,,train,1,template-generated synthetic scenario
SCW-0427-4,SCW-0427,2026-03-03,,financial_report,Aerospace,South Asia,Management reported stable operations and no material supply interruptions during the current reporting period. Sector context: aerospace; region: south asia.,0.042,0,none,none,,train,1,template-generated synthetic scenario
SCW-0428-1,SCW-0428,2026-03-04,,news,Aerospace,Southeast Asia,"Industry output remained broadly stable this week, with normal freight flows and no material production interruptions reported. Sector context: aerospace; region: southeast asia.",0.286,0,none,none,,train,1,template-generated synthetic scenario
SCW-0428-2,SCW-0428,2026-03-04,,social_media,Aerospace,Southeast Asia,Routine logistics updates indicate normal transit times and no unusual capacity constraints across key lanes. Sector context: aerospace; region: southeast asia.,0.081,0,none,none,,train,1,template-generated synthetic scenario
SCW-0428-3,SCW-0428,2026-03-04,,supplier_communication,Aerospace,Southeast Asia,Vendor communication confirms normal operating capacity and standard lead times for current purchase orders. Sector context: aerospace; region: southeast asia.,0.326,0,none,none,,train,1,template-generated synthetic scenario
SCW-0428-4,SCW-0428,2026-03-04,,financial_report,Aerospace,Southeast Asia,Management reported stable operations and no material supply interruptions during the current reporting period. Sector context: aerospace; region: southeast asia.,0.148,0,none,none,,train,1,template-generated synthetic scenario
SCW-0429-1,SCW-0429,2026-03-05,,news,Automotive,Southeast Asia,Manufacturers reported routine operations and balanced inventory positions across major distribution channels. Sector context: automotive; region: southeast asia.,0.057,0,none,none,,train,1,template-generated synthetic scenario
SCW-0429-2,SCW-0429,2026-03-05,,social_media,Automotive,Southeast Asia,Procurement discussions show typical lead times and stable availability for most monitored inputs. Sector context: automotive; region: southeast asia.,0.327,0,none,none,,train,1,template-generated synthetic scenario
SCW-0429-3,SCW-0429,2026-03-05,,supplier_communication,Automotive,Southeast Asia,"Supplier update: production and shipment schedules remain on plan, with no material changes to committed delivery dates. Sector context: automotive; region: southeast asia.",0.398,0,none,none,,train,1,template-generated synthetic scenario
SCW-0429-4,SCW-0429,2026-03-05,,financial_report,Automotive,Southeast Asia,Management reported stable operations and no material supply interruptions during the current reporting period. Sector context: automotive; region: southeast asia.,0.183,0,none,none,,train,1,template-generated synthetic scenario
SCW-0430-1,SCW-0430,2026-03-06,2026-03-15,news,Automotive,Europe,"A new regulatory rule affecting export-control is expected to take effect soon, requiring changes to sourcing and documentation. Sector context: automotive; region: europe.",0.731,1,regulatory_policy,medium,9,train,1,template-generated synthetic scenario
SCW-0430-2,SCW-0430,2026-03-06,2026-03-15,social_media,Automotive,Europe,Industry participants report uncertainty about implementation of updated export-control requirements across several ports. Sector context: automotive; region: europe.,0.706,1,regulatory_policy,medium,9,train,1,template-generated synthetic scenario
SCW-0430-3,SCW-0430,2026-03-06,2026-03-15,supplier_communication,Automotive,Europe,Supplier notice: updated export-control requirements may affect export documentation and lead times for upcoming orders. Sector context: automotive; region: europe.,0.748,1,regulatory_policy,medium,9,train,1,template-generated synthetic scenario
SCW-0430-4,SCW-0430,2026-03-06,2026-03-15,financial_report,Automotive,Europe,Risk factors note uncertainty from changing customs rules and possible delays in international supply flows. Sector context: automotive; region: europe.,0.636,1,regulatory_policy,medium,9,train,1,template-generated synthetic scenario
SCW-0431-1,SCW-0431,2026-03-07,,news,Industrial Manufacturing,Europe,Manufacturers reported routine operations and balanced inventory positions across major distribution channels. Sector context: industrial manufacturing; region: europe.,0.109,0,none,none,,train,1,template-generated synthetic scenario
SCW-0431-2,SCW-0431,2026-03-07,,social_media,Industrial Manufacturing,Europe,Routine logistics updates indicate normal transit times and no unusual capacity constraints across key lanes. Sector context: industrial manufacturing; region: europe.,0.245,0,none,none,,train,1,template-generated synthetic scenario
SCW-0431-3,SCW-0431,2026-03-07,,supplier_communication,Industrial Manufacturing,Europe,Vendor communication confirms normal operating capacity and standard lead times for current purchase orders. Sector context: industrial manufacturing; region: europe.,0.168,0,none,none,,train,1,template-generated synthetic scenario
SCW-0431-4,SCW-0431,2026-03-07,,financial_report,Industrial Manufacturing,Europe,Management reported stable operations and no material supply interruptions during the current reporting period. Sector context: industrial manufacturing; region: europe.,0.072,0,none,none,,train,1,template-generated synthetic scenario
SCW-0432-1,SCW-0432,2026-03-08,,news,Retail,Global,Manufacturers reported routine operations and balanced inventory positions across major distribution channels. Sector context: retail; region: global.,0.272,0,none,none,,train,1,template-generated synthetic scenario
SCW-0432-2,SCW-0432,2026-03-08,,social_media,Retail,Global,Routine logistics updates indicate normal transit times and no unusual capacity constraints across key lanes. Sector context: retail; region: global.,0.057,0,none,none,,train,1,template-generated synthetic scenario
SCW-0432-3,SCW-0432,2026-03-08,,supplier_communication,Retail,Global,"Supplier update: production and shipment schedules remain on plan, with no material changes to committed delivery dates. Sector context: retail; region: global.",0.262,0,none,none,,train,1,template-generated synthetic scenario
SCW-0432-4,SCW-0432,2026-03-08,,financial_report,Retail,Global,Management reported stable operations and no material supply interruptions during the current reporting period. Sector context: retail; region: global.,0.29,0,none,none,,train,1,template-generated synthetic scenario
SCW-0433-1,SCW-0433,2026-03-09,,news,Pharmaceuticals,Middle East,Manufacturers reported routine operations and balanced inventory positions across major distribution channels. Sector context: pharmaceuticals; region: middle east.,0.068,0,none,none,,train,1,template-generated synthetic scenario
SCW-0433-2,SCW-0433,2026-03-09,,social_media,Pharmaceuticals,Middle East,Procurement discussions show typical lead times and stable availability for most monitored inputs. Sector context: pharmaceuticals; region: middle east.,0.291,0,none,none,,train,1,template-generated synthetic scenario
SCW-0433-3,SCW-0433,2026-03-09,,supplier_communication,Pharmaceuticals,Middle East,"Supplier update: production and shipment schedules remain on plan, with no material changes to committed delivery dates. Sector context: pharmaceuticals; region: middle east.",0.245,0,none,none,,train,1,template-generated synthetic scenario
SCW-0433-4,SCW-0433,2026-03-09,,financial_report,Pharmaceuticals,Middle East,Risk commentary indicates standard operating conditions with no significant new supply constraints. Sector context: pharmaceuticals; region: middle east.,0.103,0,none,none,,train,1,template-generated synthetic scenario
SCW-0434-1,SCW-0434,2026-03-10,,news,Logistics,East Asia,"Industry output remained broadly stable this week, with normal freight flows and no material production interruptions reported. Sector context: logistics; region: east asia.",0.128,0,none,none,,train,1,template-generated synthetic scenario
SCW-0434-2,SCW-0434,2026-03-10,,social_media,Logistics,East Asia,Routine logistics updates indicate normal transit times and no unusual capacity constraints across key lanes. Sector context: logistics; region: east asia.,0.265,0,none,none,,train,1,template-generated synthetic scenario
SCW-0434-3,SCW-0434,2026-03-10,,supplier_communication,Logistics,East Asia,Vendor communication confirms normal operating capacity and standard lead times for current purchase orders. Sector context: logistics; region: east asia.,0.092,0,none,none,,train,1,template-generated synthetic scenario
SCW-0434-4,SCW-0434,2026-03-10,,financial_report,Logistics,East Asia,Risk commentary indicates standard operating conditions with no significant new supply constraints. Sector context: logistics; region: east asia.,0.196,0,none,none,,train,1,template-generated synthetic scenario
SCW-0435-1,SCW-0435,2026-03-11,,news,Food & Beverage,Middle East,Manufacturers reported routine operations and balanced inventory positions across major distribution channels. Sector context: food & beverage; region: middle east.,0.075,0,none,none,,train,1,template-generated synthetic scenario
SCW-0435-2,SCW-0435,2026-03-11,,social_media,Food & Beverage,Middle East,Procurement discussions show typical lead times and stable availability for most monitored inputs. Sector context: food & beverage; region: middle east.,0.146,0,none,none,,train,1,template-generated synthetic scenario
SCW-0435-3,SCW-0435,2026-03-11,,supplier_communication,Food & Beverage,Middle East,Vendor communication confirms normal operating capacity and standard lead times for current purchase orders. Sector context: food & beverage; region: middle east.,0.292,0,none,none,,train,1,template-generated synthetic scenario
SCW-0435-4,SCW-0435,2026-03-11,,financial_report,Food & Beverage,Middle East,Management reported stable operations and no material supply interruptions during the current reporting period. Sector context: food & beverage; region: middle east.,0.276,0,none,none,,train,1,template-generated synthetic scenario
SCW-0436-1,SCW-0436,2026-03-12,,news,Food & Beverage,Latin America,"Industry output remained broadly stable this week, with normal freight flows and no material production interruptions reported. Sector context: food & beverage; region: latin america.",0.295,0,none,none,,train,1,template-generated synthetic scenario
SCW-0436-2,SCW-0436,2026-03-12,,social_media,Food & Beverage,Latin America,Routine logistics updates indicate normal transit times and no unusual capacity constraints across key lanes. Sector context: food & beverage; region: latin america.,0.02,0,none,none,,train,1,template-generated synthetic scenario
SCW-0436-3,SCW-0436,2026-03-12,,supplier_communication,Food & Beverage,Latin America,"Supplier update: production and shipment schedules remain on plan, with no material changes to committed delivery dates. Sector context: food & beverage; region: latin america.",0.152,0,none,none,,train,1,template-generated synthetic scenario
SCW-0436-4,SCW-0436,2026-03-12,,financial_report,Food & Beverage,Latin America,Risk commentary indicates standard operating conditions with no significant new supply constraints. Sector context: food & beverage; region: latin america.,0.254,0,none,none,,train,1,template-generated synthetic scenario
SCW-0437-1,SCW-0437,2026-03-13,,news,Apparel,Southeast Asia,"Industry output remained broadly stable this week, with normal freight flows and no material production interruptions reported. Sector context: apparel; region: southeast asia.",0.194,0,none,none,,train,1,template-generated synthetic scenario
SCW-0437-2,SCW-0437,2026-03-13,,social_media,Apparel,Southeast Asia,Procurement discussions show typical lead times and stable availability for most monitored inputs. Sector context: apparel; region: southeast asia.,0.297,0,none,none,,train,1,template-generated synthetic scenario
SCW-0437-3,SCW-0437,2026-03-13,,supplier_communication,Apparel,Southeast Asia,Vendor communication confirms normal operating capacity and standard lead times for current purchase orders. Sector context: apparel; region: southeast asia.,0.02,0,none,none,,train,1,template-generated synthetic scenario
SCW-0437-4,SCW-0437,2026-03-13,,financial_report,Apparel,Southeast Asia,Management reported stable operations and no material supply interruptions during the current reporting period. Sector context: apparel; region: southeast asia.,0.215,0,none,none,,train,1,template-generated synthetic scenario
SCW-0438-1,SCW-0438,2026-03-14,,news,Semiconductors,Global,Manufacturers reported routine operations and balanced inventory positions across major distribution channels. Sector context: semiconductors; region: global.,0.179,0,none,none,,train,1,template-generated synthetic scenario
SCW-0438-2,SCW-0438,2026-03-14,,social_media,Semiconductors,Global,Procurement discussions show typical lead times and stable availability for most monitored inputs. Sector context: semiconductors; region: global.,0.02,0,none,none,,train,1,template-generated synthetic scenario
SCW-0438-3,SCW-0438,2026-03-14,,supplier_communication,Semiconductors,Global,Vendor communication confirms normal operating capacity and standard lead times for current purchase orders. Sector context: semiconductors; region: global.,0.085,0,none,none,,train,1,template-generated synthetic scenario
SCW-0438-4,SCW-0438,2026-03-14,,financial_report,Semiconductors,Global,Risk commentary indicates standard operating conditions with no significant new supply constraints. Sector context: semiconductors; region: global.,0.135,0,none,none,,train,1,template-generated synthetic scenario
SCW-0439-1,SCW-0439,2026-03-15,2026-03-19,news,Consumer Electronics,Europe,Port congestion and equipment shortages are increasing vessel dwell times and delaying container availability. Sector context: consumer electronics; region: europe.,0.758,1,logistics_transport,medium,4,train,1,template-generated synthetic scenario
SCW-0439-2,SCW-0439,2026-03-15,2026-03-19,social_media,Consumer Electronics,Europe,"Freight updates show growing queues, missed connections, and limited equipment availability at a major gateway. Sector context: consumer electronics; region: europe.",0.638,1,logistics_transport,medium,4,train,1,template-generated synthetic scenario
SCW-0439-3,SCW-0439,2026-03-15,2026-03-19,supplier_communication,Consumer Electronics,Europe,Supplier advises that port congestion and equipment shortages may delay confirmed dispatch dates. Sector context: consumer electronics; region: europe.,0.593,1,logistics_transport,medium,4,train,1,template-generated synthetic scenario
SCW-0439-4,SCW-0439,2026-03-15,2026-03-19,financial_report,Consumer Electronics,Europe,Management noted elevated freight costs and transportation bottlenecks that may affect service levels and inventory availability. Sector context: consumer electronics; region: europe.,0.651,1,logistics_transport,medium,4,train,1,template-generated synthetic scenario
SCW-0440-1,SCW-0440,2026-03-16,,news,Logistics,South Asia,Manufacturers reported routine operations and balanced inventory positions across major distribution channels. Sector context: logistics; region: south asia.,0.199,0,none,none,,train,1,template-generated synthetic scenario
SCW-0440-2,SCW-0440,2026-03-16,,social_media,Logistics,South Asia,Routine logistics updates indicate normal transit times and no unusual capacity constraints across key lanes. Sector context: logistics; region: south asia.,0.156,0,none,none,,train,1,template-generated synthetic scenario
SCW-0440-3,SCW-0440,2026-03-16,,supplier_communication,Logistics,South Asia,Vendor communication confirms normal operating capacity and standard lead times for current purchase orders. Sector context: logistics; region: south asia.,0.297,0,none,none,,train,1,template-generated synthetic scenario
SCW-0440-4,SCW-0440,2026-03-16,,financial_report,Logistics,South Asia,Management reported stable operations and no material supply interruptions during the current reporting period. Sector context: logistics; region: south asia.,0.245,0,none,none,,train,1,template-generated synthetic scenario
SCW-0441-1,SCW-0441,2026-03-17,,news,Food & Beverage,Latin America,Manufacturers reported routine operations and balanced inventory positions across major distribution channels. Sector context: food & beverage; region: latin america.,0.293,0,none,none,,train,1,template-generated synthetic scenario
SCW-0441-2,SCW-0441,2026-03-17,,social_media,Food & Beverage,Latin America,Procurement discussions show typical lead times and stable availability for most monitored inputs. Sector context: food & beverage; region: latin america.,0.365,0,none,none,,train,1,template-generated synthetic scenario
SCW-0441-3,SCW-0441,2026-03-17,,supplier_communication,Food & Beverage,Latin America,Vendor communication confirms normal operating capacity and standard lead times for current purchase orders. Sector context: food & beverage; region: latin america.,0.039,0,none,none,,train,1,template-generated synthetic scenario
SCW-0441-4,SCW-0441,2026-03-17,,financial_report,Food & Beverage,Latin America,Management reported stable operations and no material supply interruptions during the current reporting period. Sector context: food & beverage; region: latin america.,0.202,0,none,none,,train,1,template-generated synthetic scenario
SCW-0442-1,SCW-0442,2026-03-18,,news,Industrial Manufacturing,Global,"Industry output remained broadly stable this week, with normal freight flows and no material production interruptions reported. Sector context: industrial manufacturing; region: global.",0.02,0,none,none,,train,1,template-generated synthetic scenario
SCW-0442-2,SCW-0442,2026-03-18,,social_media,Industrial Manufacturing,Global,Routine logistics updates indicate normal transit times and no unusual capacity constraints across key lanes. Sector context: industrial manufacturing; region: global.,0.356,0,none,none,,train,1,template-generated synthetic scenario
SCW-0442-3,SCW-0442,2026-03-18,,supplier_communication,Industrial Manufacturing,Global,"Supplier update: production and shipment schedules remain on plan, with no material changes to committed delivery dates. Sector context: industrial manufacturing; region: global.",0.301,0,none,none,,train,1,template-generated synthetic scenario
SCW-0442-4,SCW-0442,2026-03-18,,financial_report,Industrial Manufacturing,Global,Risk commentary indicates standard operating conditions with no significant new supply constraints. Sector context: industrial manufacturing; region: global.,0.227,0,none,none,,train,1,template-generated synthetic scenario
SCW-0443-1,SCW-0443,2026-03-19,2026-03-27,news,Logistics,Global,Workers at a major transport or production site have announced industrial action that may interrupt normal operations. Sector context: logistics; region: global.,0.741,1,labor_disruption,medium,8,train,1,template-generated synthetic scenario
SCW-0443-2,SCW-0443,2026-03-19,2026-03-27,social_media,Logistics,Global,Local updates indicate staffing shortages and reduced shifts at a major warehouse and transport facility. Sector context: logistics; region: global.,0.726,1,labor_disruption,medium,8,train,1,template-generated synthetic scenario
SCW-0443-3,SCW-0443,2026-03-19,2026-03-27,supplier_communication,Logistics,Global,Supplier notice: staffing constraints may reduce production output and delay order completion. Sector context: logistics; region: global.,0.687,1,labor_disruption,medium,8,train,1,template-generated synthetic scenario
SCW-0443-4,SCW-0443,2026-03-19,2026-03-27,financial_report,Logistics,Global,The company noted potential production and distribution interruptions from workforce constraints. Sector context: logistics; region: global.,0.598,1,labor_disruption,medium,8,train,1,template-generated synthetic scenario
SCW-0444-1,SCW-0444,2026-03-20,,news,Medical Devices,East Asia,"Industry output remained broadly stable this week, with normal freight flows and no material production interruptions reported. Sector context: medical devices; region: east asia.",0.22,0,none,none,,train,1,template-generated synthetic scenario
SCW-0444-2,SCW-0444,2026-03-20,,social_media,Medical Devices,East Asia,Routine logistics updates indicate normal transit times and no unusual capacity constraints across key lanes. Sector context: medical devices; region: east asia.,0.231,0,none,none,,train,1,template-generated synthetic scenario
SCW-0444-3,SCW-0444,2026-03-20,,supplier_communication,Medical Devices,East Asia,Vendor communication confirms normal operating capacity and standard lead times for current purchase orders. Sector context: medical devices; region: east asia.,0.31,0,none,none,,train,1,template-generated synthetic scenario
SCW-0444-4,SCW-0444,2026-03-20,,financial_report,Medical Devices,East Asia,Risk commentary indicates standard operating conditions with no significant new supply constraints. Sector context: medical devices; region: east asia.,0.104,0,none,none,,train,1,template-generated synthetic scenario
SCW-0445-1,SCW-0445,2026-03-21,,news,Semiconductors,Latin America,"Industry output remained broadly stable this week, with normal freight flows and no material production interruptions reported. Sector context: semiconductors; region: latin america.",0.269,0,none,none,,train,1,template-generated synthetic scenario
SCW-0445-2,SCW-0445,2026-03-21,,social_media,Semiconductors,Latin America,Procurement discussions show typical lead times and stable availability for most monitored inputs. Sector context: semiconductors; region: latin america.,0.103,0,none,none,,train,1,template-generated synthetic scenario
SCW-0445-3,SCW-0445,2026-03-21,,supplier_communication,Semiconductors,Latin America,Vendor communication confirms normal operating capacity and standard lead times for current purchase orders. Sector context: semiconductors; region: latin america.,0.247,0,none,none,,train,1,template-generated synthetic scenario
SCW-0445-4,SCW-0445,2026-03-21,,financial_report,Semiconductors,Latin America,Management reported stable operations and no material supply interruptions during the current reporting period. Sector context: semiconductors; region: latin america.,0.306,0,none,none,,train,1,template-generated synthetic scenario
SCW-0446-1,SCW-0446,2026-03-22,,news,Logistics,Southeast Asia,"Industry output remained broadly stable this week, with normal freight flows and no material production interruptions reported. Sector context: logistics; region: southeast asia.",0.077,0,none,none,,train,1,template-generated synthetic scenario
SCW-0446-2,SCW-0446,2026-03-22,,social_media,Logistics,Southeast Asia,Procurement discussions show typical lead times and stable availability for most monitored inputs. Sector context: logistics; region: southeast asia.,0.372,0,none,none,,train,1,template-generated synthetic scenario
SCW-0446-3,SCW-0446,2026-03-22,,supplier_communication,Logistics,Southeast Asia,Vendor communication confirms normal operating capacity and standard lead times for current purchase orders. Sector context: logistics; region: southeast asia.,0.207,0,none,none,,train,1,template-generated synthetic scenario
SCW-0446-4,SCW-0446,2026-03-22,,financial_report,Logistics,Southeast Asia,Risk commentary indicates standard operating conditions with no significant new supply constraints. Sector context: logistics; region: southeast asia.,0.284,0,none,none,,train,1,template-generated synthetic scenario
SCW-0447-1,SCW-0447,2026-03-23,,news,Logistics,Middle East,"Industry output remained broadly stable this week, with normal freight flows and no material production interruptions reported. Sector context: logistics; region: middle east.",0.29,0,none,none,,train,1,template-generated synthetic scenario
SCW-0447-2,SCW-0447,2026-03-23,,social_media,Logistics,Middle East,Routine logistics updates indicate normal transit times and no unusual capacity constraints across key lanes. Sector context: logistics; region: middle east.,0.301,0,none,none,,train,1,template-generated synthetic scenario
SCW-0447-3,SCW-0447,2026-03-23,,supplier_communication,Logistics,Middle East,"Supplier update: production and shipment schedules remain on plan, with no material changes to committed delivery dates. Sector context: logistics; region: middle east.",0.341,0,none,none,,train,1,template-generated synthetic scenario
SCW-0447-4,SCW-0447,2026-03-23,,financial_report,Logistics,Middle East,Management reported stable operations and no material supply interruptions during the current reporting period. Sector context: logistics; region: middle east.,0.164,0,none,none,,train,1,template-generated synthetic scenario
SCW-0448-1,SCW-0448,2026-03-24,,news,Food & Beverage,South Asia,"Industry output remained broadly stable this week, with normal freight flows and no material production interruptions reported. Sector context: food & beverage; region: south asia.",0.234,0,none,none,,train,1,template-generated synthetic scenario
SCW-0448-2,SCW-0448,2026-03-24,,social_media,Food & Beverage,South Asia,Routine logistics updates indicate normal transit times and no unusual capacity constraints across key lanes. Sector context: food & beverage; region: south asia.,0.342,0,none,none,,train,1,template-generated synthetic scenario
SCW-0448-3,SCW-0448,2026-03-24,,supplier_communication,Food & Beverage,South Asia,"Supplier update: production and shipment schedules remain on plan, with no material changes to committed delivery dates. Sector context: food & beverage; region: south asia.",0.274,0,none,none,,train,1,template-generated synthetic scenario
SCW-0448-4,SCW-0448,2026-03-24,,financial_report,Food & Beverage,South Asia,Management reported stable operations and no material supply interruptions during the current reporting period. Sector context: food & beverage; region: south asia.,0.384,0,none,none,,train,1,template-generated synthetic scenario
SCW-0449-1,SCW-0449,2026-03-25,,news,Apparel,Southeast Asia,"Industry output remained broadly stable this week, with normal freight flows and no material production interruptions reported. Sector context: apparel; region: southeast asia.",0.093,0,none,none,,train,1,template-generated synthetic scenario
SCW-0449-2,SCW-0449,2026-03-25,,social_media,Apparel,Southeast Asia,Procurement discussions show typical lead times and stable availability for most monitored inputs. Sector context: apparel; region: southeast asia.,0.02,0,none,none,,train,1,template-generated synthetic scenario
SCW-0449-3,SCW-0449,2026-03-25,,supplier_communication,Apparel,Southeast Asia,"Supplier update: production and shipment schedules remain on plan, with no material changes to committed delivery dates. Sector context: apparel; region: southeast asia.",0.276,0,none,none,,train,1,template-generated synthetic scenario
SCW-0449-4,SCW-0449,2026-03-25,,financial_report,Apparel,Southeast Asia,Risk commentary indicates standard operating conditions with no significant new supply constraints. Sector context: apparel; region: southeast asia.,0.19,0,none,none,,train,1,template-generated synthetic scenario
SCW-0450-1,SCW-0450,2026-03-26,,news,Pharmaceuticals,Global,Manufacturers reported routine operations and balanced inventory positions across major distribution channels. Sector context: pharmaceuticals; region: global.,0.144,0,none,none,,train,1,template-generated synthetic scenario
SCW-0450-2,SCW-0450,2026-03-26,,social_media,Pharmaceuticals,Global,Routine logistics updates indicate normal transit times and no unusual capacity constraints across key lanes. Sector context: pharmaceuticals; region: global.,0.209,0,none,none,,train,1,template-generated synthetic scenario
SCW-0450-3,SCW-0450,2026-03-26,,supplier_communication,Pharmaceuticals,Global,"Supplier update: production and shipment schedules remain on plan, with no material changes to committed delivery dates. Sector context: pharmaceuticals; region: global.",0.394,0,none,none,,train,1,template-generated synthetic scenario
SCW-0450-4,SCW-0450,2026-03-26,,financial_report,Pharmaceuticals,Global,Management reported stable operations and no material supply interruptions during the current reporting period. Sector context: pharmaceuticals; region: global.,0.228,0,none,none,,train,1,template-generated synthetic scenario
SCW-0451-1,SCW-0451,2026-03-27,,news,Semiconductors,Europe,"Industry output remained broadly stable this week, with normal freight flows and no material production interruptions reported. Sector context: semiconductors; region: europe.",0.293,0,none,none,,train,1,template-generated synthetic scenario
SCW-0451-2,SCW-0451,2026-03-27,,social_media,Semiconductors,Europe,Procurement discussions show typical lead times and stable availability for most monitored inputs. Sector context: semiconductors; region: europe.,0.127,0,none,none,,train,1,template-generated synthetic scenario
SCW-0451-3,SCW-0451,2026-03-27,,supplier_communication,Semiconductors,Europe,Vendor communication confirms normal operating capacity and standard lead times for current purchase orders. Sector context: semiconductors; region: europe.,0.318,0,none,none,,train,1,template-generated synthetic scenario
SCW-0451-4,SCW-0451,2026-03-27,,financial_report,Semiconductors,Europe,Management reported stable operations and no material supply interruptions during the current reporting period. Sector context: semiconductors; region: europe.,0.225,0,none,none,,train,1,template-generated synthetic scenario
SCW-0452-1,SCW-0452,2026-03-28,,news,Medical Devices,Southeast Asia,Manufacturers reported routine operations and balanced inventory positions across major distribution channels. Sector context: medical devices; region: southeast asia.,0.17,0,none,none,,train,1,template-generated synthetic scenario
SCW-0452-2,SCW-0452,2026-03-28,,social_media,Medical Devices,Southeast Asia,Routine logistics updates indicate normal transit times and no unusual capacity constraints across key lanes. Sector context: medical devices; region: southeast asia.,0.085,0,none,none,,train,1,template-generated synthetic scenario
SCW-0452-3,SCW-0452,2026-03-28,,supplier_communication,Medical Devices,Southeast Asia,Vendor communication confirms normal operating capacity and standard lead times for current purchase orders. Sector context: medical devices; region: southeast asia.,0.23,0,none,none,,train,1,template-generated synthetic scenario
SCW-0452-4,SCW-0452,2026-03-28,,financial_report,Medical Devices,Southeast Asia,Management reported stable operations and no material supply interruptions during the current reporting period. Sector context: medical devices; region: southeast asia.,0.21,0,none,none,,train,1,template-generated synthetic scenario
SCW-0453-1,SCW-0453,2026-03-29,,news,Energy,Europe,"Industry output remained broadly stable this week, with normal freight flows and no material production interruptions reported. Sector context: energy; region: europe.",0.192,0,none,none,,train,1,template-generated synthetic scenario
SCW-0453-2,SCW-0453,2026-03-29,,social_media,Energy,Europe,Procurement discussions show typical lead times and stable availability for most monitored inputs. Sector context: energy; region: europe.,0.254,0,none,none,,train,1,template-generated synthetic scenario
SCW-0453-3,SCW-0453,2026-03-29,,supplier_communication,Energy,Europe,"Supplier update: production and shipment schedules remain on plan, with no material changes to committed delivery dates. Sector context: energy; region: europe.",0.364,0,none,none,,train,1,template-generated synthetic scenario
SCW-0453-4,SCW-0453,2026-03-29,,financial_report,Energy,Europe,Risk commentary indicates standard operating conditions with no significant new supply constraints. Sector context: energy; region: europe.,0.298,0,none,none,,train,1,template-generated synthetic scenario
SCW-0454-1,SCW-0454,2026-03-30,,news,Aerospace,Global,"Industry output remained broadly stable this week, with normal freight flows and no material production interruptions reported. Sector context: aerospace; region: global.",0.221,0,none,none,,train,1,template-generated synthetic scenario
SCW-0454-2,SCW-0454,2026-03-30,,social_media,Aerospace,Global,Procurement discussions show typical lead times and stable availability for most monitored inputs. Sector context: aerospace; region: global.,0.261,0,none,none,,train,1,template-generated synthetic scenario
SCW-0454-3,SCW-0454,2026-03-30,,supplier_communication,Aerospace,Global,"Supplier update: production and shipment schedules remain on plan, with no material changes to committed delivery dates. Sector context: aerospace; region: global.",0.156,0,none,none,,train,1,template-generated synthetic scenario
SCW-0454-4,SCW-0454,2026-03-30,,financial_report,Aerospace,Global,Management reported stable operations and no material supply interruptions during the current reporting period. Sector context: aerospace; region: global.,0.25,0,none,none,,train,1,template-generated synthetic scenario
SCW-0455-1,SCW-0455,2026-03-31,2026-04-07,news,Consumer Electronics,East Asia,Industry sources report a product recall that could constrain availability while replacement inventory is produced. Sector context: consumer electronics; region: east asia.,0.512,1,quality_recall,low,7,train,1,template-generated synthetic scenario
SCW-0455-2,SCW-0455,2026-03-31,2026-04-07,social_media,Consumer Electronics,East Asia,Customers and distributors are reporting elevated defect concerns and temporary product withdrawals. Sector context: consumer electronics; region: east asia.,0.662,1,quality_recall,low,7,train,1,template-generated synthetic scenario
SCW-0455-3,SCW-0455,2026-03-31,2026-04-07,supplier_communication,Consumer Electronics,East Asia,Supplier quality notice: selected lots are on hold pending investigation; replacement timing will be communicated after root-cause review. Sector context: consumer electronics; region: east asia.,0.5,1,quality_recall,low,7,train,1,template-generated synthetic scenario
SCW-0455-4,SCW-0455,2026-03-31,2026-04-07,financial_report,Consumer Electronics,East Asia,Risk commentary notes potential supply constraints associated with quality remediation and replacement production. Sector context: consumer electronics; region: east asia.,0.552,1,quality_recall,low,7,train,1,template-generated synthetic scenario
SCW-0456-1,SCW-0456,2026-04-01,2026-04-12,news,Industrial Manufacturing,Southeast Asia,Port congestion and equipment shortages are increasing vessel dwell times and delaying container availability. Sector context: industrial manufacturing; region: southeast asia.,0.737,1,logistics_transport,medium,11,validation,1,template-generated synthetic scenario
SCW-0456-2,SCW-0456,2026-04-01,2026-04-12,social_media,Industrial Manufacturing,Southeast Asia,"Freight updates show growing queues, missed connections, and limited equipment availability at a major gateway. Sector context: industrial manufacturing; region: southeast asia.",0.652,1,logistics_transport,medium,11,validation,1,template-generated synthetic scenario
SCW-0456-3,SCW-0456,2026-04-01,2026-04-12,supplier_communication,Industrial Manufacturing,Southeast Asia,Supplier advises that port congestion and equipment shortages may delay confirmed dispatch dates. Sector context: industrial manufacturing; region: southeast asia.,0.536,1,logistics_transport,medium,11,validation,1,template-generated synthetic scenario
SCW-0456-4,SCW-0456,2026-04-01,2026-04-12,financial_report,Industrial Manufacturing,Southeast Asia,Management noted elevated freight costs and transportation bottlenecks that may affect service levels and inventory availability. Sector context: industrial manufacturing; region: southeast asia.,0.718,1,logistics_transport,medium,11,validation,1,template-generated synthetic scenario
SCW-0457-1,SCW-0457,2026-04-02,2026-04-09,news,Medical Devices,Europe,New trade restrictions linked to geopolitical tensions may limit access to selected materials and components. Sector context: medical devices; region: europe.,0.846,1,geopolitical,critical,7,validation,1,template-generated synthetic scenario
SCW-0457-2,SCW-0457,2026-04-02,2026-04-09,social_media,Medical Devices,Europe,Procurement professionals are discussing urgent alternate sourcing after new cross-border restrictions were announced. Sector context: medical devices; region: europe.,0.946,1,geopolitical,critical,7,validation,1,template-generated synthetic scenario
SCW-0457-3,SCW-0457,2026-04-02,2026-04-09,supplier_communication,Medical Devices,Europe,Vendor notice indicates contingency routing is being evaluated due to regional security and trade restrictions. Sector context: medical devices; region: europe.,0.873,1,geopolitical,critical,7,validation,1,template-generated synthetic scenario
SCW-0457-4,SCW-0457,2026-04-02,2026-04-09,financial_report,Medical Devices,Europe,"Management identified geopolitical instability as a material risk to sourcing continuity, freight costs, and supplier availability. Sector context: medical devices; region: europe.",0.912,1,geopolitical,critical,7,validation,1,template-generated synthetic scenario
SCW-0458-1,SCW-0458,2026-04-03,,news,Pharmaceuticals,East Asia,Manufacturers reported routine operations and balanced inventory positions across major distribution channels. Sector context: pharmaceuticals; region: east asia.,0.204,0,none,none,,validation,1,template-generated synthetic scenario
SCW-0458-2,SCW-0458,2026-04-03,,social_media,Pharmaceuticals,East Asia,Routine logistics updates indicate normal transit times and no unusual capacity constraints across key lanes. Sector context: pharmaceuticals; region: east asia.,0.237,0,none,none,,validation,1,template-generated synthetic scenario
SCW-0458-3,SCW-0458,2026-04-03,,supplier_communication,Pharmaceuticals,East Asia,Vendor communication confirms normal operating capacity and standard lead times for current purchase orders. Sector context: pharmaceuticals; region: east asia.,0.295,0,none,none,,validation,1,template-generated synthetic scenario
SCW-0458-4,SCW-0458,2026-04-03,,financial_report,Pharmaceuticals,East Asia,Management reported stable operations and no material supply interruptions during the current reporting period. Sector context: pharmaceuticals; region: east asia.,0.318,0,none,none,,validation,1,template-generated synthetic scenario
SCW-0459-1,SCW-0459,2026-04-04,,news,Pharmaceuticals,Global,Manufacturers reported routine operations and balanced inventory positions across major distribution channels. Sector context: pharmaceuticals; region: global.,0.295,0,none,none,,validation,1,template-generated synthetic scenario
SCW-0459-2,SCW-0459,2026-04-04,,social_media,Pharmaceuticals,Global,Routine logistics updates indicate normal transit times and no unusual capacity constraints across key lanes. Sector context: pharmaceuticals; region: global.,0.192,0,none,none,,validation,1,template-generated synthetic scenario
SCW-0459-3,SCW-0459,2026-04-04,,supplier_communication,Pharmaceuticals,Global,"Supplier update: production and shipment schedules remain on plan, with no material changes to committed delivery dates. Sector context: pharmaceuticals; region: global.",0.285,0,none,none,,validation,1,template-generated synthetic scenario
SCW-0459-4,SCW-0459,2026-04-04,,financial_report,Pharmaceuticals,Global,Management reported stable operations and no material supply interruptions during the current reporting period. Sector context: pharmaceuticals; region: global.,0.237,0,none,none,,validation,1,template-generated synthetic scenario
SCW-0460-1,SCW-0460,2026-04-05,,news,Automotive,East Asia,"Industry output remained broadly stable this week, with normal freight flows and no material production interruptions reported. Sector context: automotive; region: east asia.",0.163,0,none,none,,validation,1,template-generated synthetic scenario
SCW-0460-2,SCW-0460,2026-04-05,,social_media,Automotive,East Asia,Procurement discussions show typical lead times and stable availability for most monitored inputs. Sector context: automotive; region: east asia.,0.371,0,none,none,,validation,1,template-generated synthetic scenario
SCW-0460-3,SCW-0460,2026-04-05,,supplier_communication,Automotive,East Asia,Vendor communication confirms normal operating capacity and standard lead times for current purchase orders. Sector context: automotive; region: east asia.,0.381,0,none,none,,validation,1,template-generated synthetic scenario
SCW-0460-4,SCW-0460,2026-04-05,,financial_report,Automotive,East Asia,Management reported stable operations and no material supply interruptions during the current reporting period. Sector context: automotive; region: east asia.,0.081,0,none,none,,validation,1,template-generated synthetic scenario
SCW-0461-1,SCW-0461,2026-04-06,2026-04-08,news,Aerospace,Middle East,Port congestion and equipment shortages are increasing vessel dwell times and delaying container availability. Sector context: aerospace; region: middle east.,0.654,1,logistics_transport,medium,2,validation,1,template-generated synthetic scenario
SCW-0461-2,SCW-0461,2026-04-06,2026-04-08,social_media,Aerospace,Middle East,"Freight updates show growing queues, missed connections, and limited equipment availability at a major gateway. Sector context: aerospace; region: middle east.",0.733,1,logistics_transport,medium,2,validation,1,template-generated synthetic scenario
SCW-0461-3,SCW-0461,2026-04-06,2026-04-08,supplier_communication,Aerospace,Middle East,Supplier advises that port congestion and equipment shortages may delay confirmed dispatch dates. Sector context: aerospace; region: middle east.,0.572,1,logistics_transport,medium,2,validation,1,template-generated synthetic scenario
SCW-0461-4,SCW-0461,2026-04-06,2026-04-08,financial_report,Aerospace,Middle East,Management noted elevated freight costs and transportation bottlenecks that may affect service levels and inventory availability. Sector context: aerospace; region: middle east.,0.691,1,logistics_transport,medium,2,validation,1,template-generated synthetic scenario
SCW-0462-1,SCW-0462,2026-04-07,,news,Semiconductors,East Asia,Manufacturers reported routine operations and balanced inventory positions across major distribution channels. Sector context: semiconductors; region: east asia.,0.246,0,none,none,,validation,1,template-generated synthetic scenario
SCW-0462-2,SCW-0462,2026-04-07,,social_media,Semiconductors,East Asia,Routine logistics updates indicate normal transit times and no unusual capacity constraints across key lanes. Sector context: semiconductors; region: east asia.,0.153,0,none,none,,validation,1,template-generated synthetic scenario
SCW-0462-3,SCW-0462,2026-04-07,,supplier_communication,Semiconductors,East Asia,Vendor communication confirms normal operating capacity and standard lead times for current purchase orders. Sector context: semiconductors; region: east asia.,0.103,0,none,none,,validation,1,template-generated synthetic scenario
SCW-0462-4,SCW-0462,2026-04-07,,financial_report,Semiconductors,East Asia,Management reported stable operations and no material supply interruptions during the current reporting period. Sector context: semiconductors; region: east asia.,0.02,0,none,none,,validation,1,template-generated synthetic scenario
SCW-0463-1,SCW-0463,2026-04-08,,news,Retail,East Asia,Manufacturers reported routine operations and balanced inventory positions across major distribution channels. Sector context: retail; region: east asia.,0.289,0,none,none,,validation,1,template-generated synthetic scenario
SCW-0463-2,SCW-0463,2026-04-08,,social_media,Retail,East Asia,Procurement discussions show typical lead times and stable availability for most monitored inputs. Sector context: retail; region: east asia.,0.263,0,none,none,,validation,1,template-generated synthetic scenario
SCW-0463-3,SCW-0463,2026-04-08,,supplier_communication,Retail,East Asia,"Supplier update: production and shipment schedules remain on plan, with no material changes to committed delivery dates. Sector context: retail; region: east asia.",0.141,0,none,none,,validation,1,template-generated synthetic scenario
SCW-0463-4,SCW-0463,2026-04-08,,financial_report,Retail,East Asia,Management reported stable operations and no material supply interruptions during the current reporting period. Sector context: retail; region: east asia.,0.214,0,none,none,,validation,1,template-generated synthetic scenario
SCW-0464-1,SCW-0464,2026-04-09,,news,Pharmaceuticals,Southeast Asia,Manufacturers reported routine operations and balanced inventory positions across major distribution channels. Sector context: pharmaceuticals; region: southeast asia.,0.234,0,none,none,,validation,1,template-generated synthetic scenario
SCW-0464-2,SCW-0464,2026-04-09,,social_media,Pharmaceuticals,Southeast Asia,Procurement discussions show typical lead times and stable availability for most monitored inputs. Sector context: pharmaceuticals; region: southeast asia.,0.145,0,none,none,,validation,1,template-generated synthetic scenario
SCW-0464-3,SCW-0464,2026-04-09,,supplier_communication,Pharmaceuticals,Southeast Asia,Vendor communication confirms normal operating capacity and standard lead times for current purchase orders. Sector context: pharmaceuticals; region: southeast asia.,0.283,0,none,none,,validation,1,template-generated synthetic scenario
SCW-0464-4,SCW-0464,2026-04-09,,financial_report,Pharmaceuticals,Southeast Asia,Risk commentary indicates standard operating conditions with no significant new supply constraints. Sector context: pharmaceuticals; region: southeast asia.,0.157,0,none,none,,validation,1,template-generated synthetic scenario
SCW-0465-1,SCW-0465,2026-04-10,,news,Consumer Electronics,Middle East,"Industry output remained broadly stable this week, with normal freight flows and no material production interruptions reported. Sector context: consumer electronics; region: middle east.",0.283,0,none,none,,validation,1,template-generated synthetic scenario
SCW-0465-2,SCW-0465,2026-04-10,,social_media,Consumer Electronics,Middle East,Procurement discussions show typical lead times and stable availability for most monitored inputs. Sector context: consumer electronics; region: middle east.,0.286,0,none,none,,validation,1,template-generated synthetic scenario
SCW-0465-3,SCW-0465,2026-04-10,,supplier_communication,Consumer Electronics,Middle East,Vendor communication confirms normal operating capacity and standard lead times for current purchase orders. Sector context: consumer electronics; region: middle east.,0.145,0,none,none,,validation,1,template-generated synthetic scenario
SCW-0465-4,SCW-0465,2026-04-10,,financial_report,Consumer Electronics,Middle East,Management reported stable operations and no material supply interruptions during the current reporting period. Sector context: consumer electronics; region: middle east.,0.38,0,none,none,,validation,1,template-generated synthetic scenario
SCW-0466-1,SCW-0466,2026-04-11,,news,Energy,Europe,"Industry output remained broadly stable this week, with normal freight flows and no material production interruptions reported. Sector context: energy; region: europe.",0.191,0,none,none,,validation,1,template-generated synthetic scenario
SCW-0466-2,SCW-0466,2026-04-11,,social_media,Energy,Europe,Routine logistics updates indicate normal transit times and no unusual capacity constraints across key lanes. Sector context: energy; region: europe.,0.243,0,none,none,,validation,1,template-generated synthetic scenario
SCW-0466-3,SCW-0466,2026-04-11,,supplier_communication,Energy,Europe,Vendor communication confirms normal operating capacity and standard lead times for current purchase orders. Sector context: energy; region: europe.,0.392,0,none,none,,validation,1,template-generated synthetic scenario
SCW-0466-4,SCW-0466,2026-04-11,,financial_report,Energy,Europe,Management reported stable operations and no material supply interruptions during the current reporting period. Sector context: energy; region: europe.,0.28,0,none,none,,validation,1,template-generated synthetic scenario
SCW-0467-1,SCW-0467,2026-04-12,,news,Retail,Middle East,"Industry output remained broadly stable this week, with normal freight flows and no material production interruptions reported. Sector context: retail; region: middle east.",0.324,0,none,none,,validation,1,template-generated synthetic scenario
SCW-0467-2,SCW-0467,2026-04-12,,social_media,Retail,Middle East,Procurement discussions show typical lead times and stable availability for most monitored inputs. Sector context: retail; region: middle east.,0.338,0,none,none,,validation,1,template-generated synthetic scenario
SCW-0467-3,SCW-0467,2026-04-12,,supplier_communication,Retail,Middle East,Vendor communication confirms normal operating capacity and standard lead times for current purchase orders. Sector context: retail; region: middle east.,0.163,0,none,none,,validation,1,template-generated synthetic scenario
SCW-0467-4,SCW-0467,2026-04-12,,financial_report,Retail,Middle East,Risk commentary indicates standard operating conditions with no significant new supply constraints. Sector context: retail; region: middle east.,0.141,0,none,none,,validation,1,template-generated synthetic scenario
SCW-0468-1,SCW-0468,2026-04-13,,news,Industrial Manufacturing,Europe,"Industry output remained broadly stable this week, with normal freight flows and no material production interruptions reported. Sector context: industrial manufacturing; region: europe.",0.15,0,none,none,,validation,1,template-generated synthetic scenario
SCW-0468-2,SCW-0468,2026-04-13,,social_media,Industrial Manufacturing,Europe,Procurement discussions show typical lead times and stable availability for most monitored inputs. Sector context: industrial manufacturing; region: europe.,0.305,0,none,none,,validation,1,template-generated synthetic scenario
SCW-0468-3,SCW-0468,2026-04-13,,supplier_communication,Industrial Manufacturing,Europe,Vendor communication confirms normal operating capacity and standard lead times for current purchase orders. Sector context: industrial manufacturing; region: europe.,0.038,0,none,none,,validation,1,template-generated synthetic scenario
SCW-0468-4,SCW-0468,2026-04-13,,financial_report,Industrial Manufacturing,Europe,Risk commentary indicates standard operating conditions with no significant new supply constraints. Sector context: industrial manufacturing; region: europe.,0.128,0,none,none,,validation,1,template-generated synthetic scenario
SCW-0469-1,SCW-0469,2026-04-14,,news,Industrial Manufacturing,Europe,Manufacturers reported routine operations and balanced inventory positions across major distribution channels. Sector context: industrial manufacturing; region: europe.,0.175,0,none,none,,validation,1,template-generated synthetic scenario
SCW-0469-2,SCW-0469,2026-04-14,,social_media,Industrial Manufacturing,Europe,Procurement discussions show typical lead times and stable availability for most monitored inputs. Sector context: industrial manufacturing; region: europe.,0.345,0,none,none,,validation,1,template-generated synthetic scenario
SCW-0469-3,SCW-0469,2026-04-14,,supplier_communication,Industrial Manufacturing,Europe,"Supplier update: production and shipment schedules remain on plan, with no material changes to committed delivery dates. Sector context: industrial manufacturing; region: europe.",0.202,0,none,none,,validation,1,template-generated synthetic scenario
SCW-0469-4,SCW-0469,2026-04-14,,financial_report,Industrial Manufacturing,Europe,Risk commentary indicates standard operating conditions with no significant new supply constraints. Sector context: industrial manufacturing; region: europe.,0.25,0,none,none,,validation,1,template-generated synthetic scenario
SCW-0470-1,SCW-0470,2026-04-15,,news,Apparel,Latin America,Manufacturers reported routine operations and balanced inventory positions across major distribution channels. Sector context: apparel; region: latin america.,0.051,0,none,none,,validation,1,template-generated synthetic scenario
SCW-0470-2,SCW-0470,2026-04-15,,social_media,Apparel,Latin America,Procurement discussions show typical lead times and stable availability for most monitored inputs. Sector context: apparel; region: latin america.,0.256,0,none,none,,validation,1,template-generated synthetic scenario
SCW-0470-3,SCW-0470,2026-04-15,,supplier_communication,Apparel,Latin America,"Supplier update: production and shipment schedules remain on plan, with no material changes to committed delivery dates. Sector context: apparel; region: latin america.",0.157,0,none,none,,validation,1,template-generated synthetic scenario
SCW-0470-4,SCW-0470,2026-04-15,,financial_report,Apparel,Latin America,Management reported stable operations and no material supply interruptions during the current reporting period. Sector context: apparel; region: latin america.,0.179,0,none,none,,validation,1,template-generated synthetic scenario
SCW-0471-1,SCW-0471,2026-04-16,2026-04-20,news,Consumer Electronics,Global,Unexpected demand acceleration is creating shortages across several product categories and stretching upstream capacity. Sector context: consumer electronics; region: global.,0.536,1,demand_shock,low,4,validation,1,template-generated synthetic scenario
SCW-0471-2,SCW-0471,2026-04-16,2026-04-20,social_media,Consumer Electronics,Global,Procurement discussions indicate spot shortages and supplier allocation following an abrupt demand surge. Sector context: consumer electronics; region: global.,0.5,1,demand_shock,low,4,validation,1,template-generated synthetic scenario
SCW-0471-3,SCW-0471,2026-04-16,2026-04-20,supplier_communication,Consumer Electronics,Global,Vendor advises that demand volatility is affecting capacity planning and committed lead times. Sector context: consumer electronics; region: global.,0.526,1,demand_shock,low,4,validation,1,template-generated synthetic scenario
SCW-0471-4,SCW-0471,2026-04-16,2026-04-20,financial_report,Consumer Electronics,Global,Management noted demand volatility and the possibility of component shortages if order levels remain above forecast. Sector context: consumer electronics; region: global.,0.597,1,demand_shock,low,4,validation,1,template-generated synthetic scenario
SCW-0472-1,SCW-0472,2026-04-17,,news,Consumer Electronics,Europe,"Industry output remained broadly stable this week, with normal freight flows and no material production interruptions reported. Sector context: consumer electronics; region: europe.",0.02,0,none,none,,validation,1,template-generated synthetic scenario
SCW-0472-2,SCW-0472,2026-04-17,,social_media,Consumer Electronics,Europe,Routine logistics updates indicate normal transit times and no unusual capacity constraints across key lanes. Sector context: consumer electronics; region: europe.,0.295,0,none,none,,validation,1,template-generated synthetic scenario
SCW-0472-3,SCW-0472,2026-04-17,,supplier_communication,Consumer Electronics,Europe,"Supplier update: production and shipment schedules remain on plan, with no material changes to committed delivery dates. Sector context: consumer electronics; region: europe.",0.245,0,none,none,,validation,1,template-generated synthetic scenario
SCW-0472-4,SCW-0472,2026-04-17,,financial_report,Consumer Electronics,Europe,Management reported stable operations and no material supply interruptions during the current reporting period. Sector context: consumer electronics; region: europe.,0.24,0,none,none,,validation,1,template-generated synthetic scenario
SCW-0473-1,SCW-0473,2026-04-18,,news,Logistics,Europe,"Industry output remained broadly stable this week, with normal freight flows and no material production interruptions reported. Sector context: logistics; region: europe.",0.087,0,none,none,,validation,1,template-generated synthetic scenario
SCW-0473-2,SCW-0473,2026-04-18,,social_media,Logistics,Europe,Routine logistics updates indicate normal transit times and no unusual capacity constraints across key lanes. Sector context: logistics; region: europe.,0.124,0,none,none,,validation,1,template-generated synthetic scenario
SCW-0473-3,SCW-0473,2026-04-18,,supplier_communication,Logistics,Europe,"Supplier update: production and shipment schedules remain on plan, with no material changes to committed delivery dates. Sector context: logistics; region: europe.",0.26,0,none,none,,validation,1,template-generated synthetic scenario
SCW-0473-4,SCW-0473,2026-04-18,,financial_report,Logistics,Europe,Risk commentary indicates standard operating conditions with no significant new supply constraints. Sector context: logistics; region: europe.,0.212,0,none,none,,validation,1,template-generated synthetic scenario
SCW-0474-1,SCW-0474,2026-04-19,,news,Retail,East Asia,"Industry output remained broadly stable this week, with normal freight flows and no material production interruptions reported. Sector context: retail; region: east asia.",0.099,0,none,none,,validation,1,template-generated synthetic scenario
SCW-0474-2,SCW-0474,2026-04-19,,social_media,Retail,East Asia,Routine logistics updates indicate normal transit times and no unusual capacity constraints across key lanes. Sector context: retail; region: east asia.,0.259,0,none,none,,validation,1,template-generated synthetic scenario
SCW-0474-3,SCW-0474,2026-04-19,,supplier_communication,Retail,East Asia,"Supplier update: production and shipment schedules remain on plan, with no material changes to committed delivery dates. Sector context: retail; region: east asia.",0.187,0,none,none,,validation,1,template-generated synthetic scenario
SCW-0474-4,SCW-0474,2026-04-19,,financial_report,Retail,East Asia,Management reported stable operations and no material supply interruptions during the current reporting period. Sector context: retail; region: east asia.,0.356,0,none,none,,validation,1,template-generated synthetic scenario
SCW-0475-1,SCW-0475,2026-04-20,,news,Consumer Electronics,Europe,"Industry output remained broadly stable this week, with normal freight flows and no material production interruptions reported. Sector context: consumer electronics; region: europe.",0.086,0,none,none,,validation,1,template-generated synthetic scenario
SCW-0475-2,SCW-0475,2026-04-20,,social_media,Consumer Electronics,Europe,Procurement discussions show typical lead times and stable availability for most monitored inputs. Sector context: consumer electronics; region: europe.,0.184,0,none,none,,validation,1,template-generated synthetic scenario
SCW-0475-3,SCW-0475,2026-04-20,,supplier_communication,Consumer Electronics,Europe,"Supplier update: production and shipment schedules remain on plan, with no material changes to committed delivery dates. Sector context: consumer electronics; region: europe.",0.066,0,none,none,,validation,1,template-generated synthetic scenario
SCW-0475-4,SCW-0475,2026-04-20,,financial_report,Consumer Electronics,Europe,Risk commentary indicates standard operating conditions with no significant new supply constraints. Sector context: consumer electronics; region: europe.,0.112,0,none,none,,validation,1,template-generated synthetic scenario
SCW-0476-1,SCW-0476,2026-04-21,,news,Logistics,Middle East,Manufacturers reported routine operations and balanced inventory positions across major distribution channels. Sector context: logistics; region: middle east.,0.244,0,none,none,,validation,1,template-generated synthetic scenario
SCW-0476-2,SCW-0476,2026-04-21,,social_media,Logistics,Middle East,Procurement discussions show typical lead times and stable availability for most monitored inputs. Sector context: logistics; region: middle east.,0.168,0,none,none,,validation,1,template-generated synthetic scenario
SCW-0476-3,SCW-0476,2026-04-21,,supplier_communication,Logistics,Middle East,"Supplier update: production and shipment schedules remain on plan, with no material changes to committed delivery dates. Sector context: logistics; region: middle east.",0.066,0,none,none,,validation,1,template-generated synthetic scenario
SCW-0476-4,SCW-0476,2026-04-21,,financial_report,Logistics,Middle East,Management reported stable operations and no material supply interruptions during the current reporting period. Sector context: logistics; region: middle east.,0.252,0,none,none,,validation,1,template-generated synthetic scenario
SCW-0477-1,SCW-0477,2026-04-22,,news,Semiconductors,North America,Manufacturers reported routine operations and balanced inventory positions across major distribution channels. Sector context: semiconductors; region: north america.,0.287,0,none,none,,validation,1,template-generated synthetic scenario
SCW-0477-2,SCW-0477,2026-04-22,,social_media,Semiconductors,North America,Procurement discussions show typical lead times and stable availability for most monitored inputs. Sector context: semiconductors; region: north america.,0.323,0,none,none,,validation,1,template-generated synthetic scenario
SCW-0477-3,SCW-0477,2026-04-22,,supplier_communication,Semiconductors,North America,Vendor communication confirms normal operating capacity and standard lead times for current purchase orders. Sector context: semiconductors; region: north america.,0.228,0,none,none,,validation,1,template-generated synthetic scenario
SCW-0477-4,SCW-0477,2026-04-22,,financial_report,Semiconductors,North America,Risk commentary indicates standard operating conditions with no significant new supply constraints. Sector context: semiconductors; region: north america.,0.198,0,none,none,,validation,1,template-generated synthetic scenario
SCW-0478-1,SCW-0478,2026-04-23,2026-04-29,news,Aerospace,Southeast Asia,New trade restrictions linked to geopolitical tensions may limit access to selected materials and components. Sector context: aerospace; region: southeast asia.,0.75,1,geopolitical,high,6,validation,1,template-generated synthetic scenario
SCW-0478-2,SCW-0478,2026-04-23,2026-04-29,social_media,Aerospace,Southeast Asia,Procurement professionals are discussing urgent alternate sourcing after new cross-border restrictions were announced. Sector context: aerospace; region: southeast asia.,0.692,1,geopolitical,high,6,validation,1,template-generated synthetic scenario
SCW-0478-3,SCW-0478,2026-04-23,2026-04-29,supplier_communication,Aerospace,Southeast Asia,Vendor notice indicates contingency routing is being evaluated due to regional security and trade restrictions. Sector context: aerospace; region: southeast asia.,0.742,1,geopolitical,high,6,validation,1,template-generated synthetic scenario
SCW-0478-4,SCW-0478,2026-04-23,2026-04-29,financial_report,Aerospace,Southeast Asia,"Management identified geopolitical instability as a material risk to sourcing continuity, freight costs, and supplier availability. Sector context: aerospace; region: southeast asia.",0.771,1,geopolitical,high,6,validation,1,template-generated synthetic scenario
SCW-0479-1,SCW-0479,2026-04-24,2026-04-27,news,Semiconductors,Global,"Emergency agencies reported a severe storm impacts near industrial zones, creating potential delays for inbound materials and outbound freight. Sector context: semiconductors; region: global.",0.708,1,natural_disaster,medium,3,validation,1,template-generated synthetic scenario
SCW-0479-2,SCW-0479,2026-04-24,2026-04-27,social_media,Semiconductors,Global,Local posts report road closures and power interruptions after extreme weather; trucks are being rerouted around the affected area. Sector context: semiconductors; region: global.,0.644,1,natural_disaster,medium,3,validation,1,template-generated synthetic scenario
SCW-0479-3,SCW-0479,2026-04-24,2026-04-27,supplier_communication,Semiconductors,Global,Supplier notice: operations may be constrained due to flooding; shipment schedules are under review and recovery timing remains uncertain. Sector context: semiconductors; region: global.,0.712,1,natural_disaster,medium,3,validation,1,template-generated synthetic scenario
SCW-0479-4,SCW-0479,2026-04-24,2026-04-27,financial_report,Semiconductors,Global,Risk disclosure highlights possible supply interruption from extreme weather affecting facilities and third-party transportation. Sector context: semiconductors; region: global.,0.662,1,natural_disaster,medium,3,validation,1,template-generated synthetic scenario
SCW-0480-1,SCW-0480,2026-04-25,,news,Aerospace,South Asia,Manufacturers reported routine operations and balanced inventory positions across major distribution channels. Sector context: aerospace; region: south asia.,0.179,0,none,none,,validation,1,template-generated synthetic scenario
SCW-0480-2,SCW-0480,2026-04-25,,social_media,Aerospace,South Asia,Routine logistics updates indicate normal transit times and no unusual capacity constraints across key lanes. Sector context: aerospace; region: south asia.,0.031,0,none,none,,validation,1,template-generated synthetic scenario
SCW-0480-3,SCW-0480,2026-04-25,,supplier_communication,Aerospace,South Asia,Vendor communication confirms normal operating capacity and standard lead times for current purchase orders. Sector context: aerospace; region: south asia.,0.283,0,none,none,,validation,1,template-generated synthetic scenario
SCW-0480-4,SCW-0480,2026-04-25,,financial_report,Aerospace,South Asia,Management reported stable operations and no material supply interruptions during the current reporting period. Sector context: aerospace; region: south asia.,0.231,0,none,none,,validation,1,template-generated synthetic scenario
SCW-0481-1,SCW-0481,2026-04-26,,news,Energy,Europe,"Industry output remained broadly stable this week, with normal freight flows and no material production interruptions reported. Sector context: energy; region: europe.",0.162,0,none,none,,validation,1,template-generated synthetic scenario
SCW-0481-2,SCW-0481,2026-04-26,,social_media,Energy,Europe,Procurement discussions show typical lead times and stable availability for most monitored inputs. Sector context: energy; region: europe.,0.02,0,none,none,,validation,1,template-generated synthetic scenario
SCW-0481-3,SCW-0481,2026-04-26,,supplier_communication,Energy,Europe,Vendor communication confirms normal operating capacity and standard lead times for current purchase orders. Sector context: energy; region: europe.,0.176,0,none,none,,validation,1,template-generated synthetic scenario
SCW-0481-4,SCW-0481,2026-04-26,,financial_report,Energy,Europe,Management reported stable operations and no material supply interruptions during the current reporting period. Sector context: energy; region: europe.,0.432,0,none,none,,validation,1,template-generated synthetic scenario
SCW-0482-1,SCW-0482,2026-04-27,2026-04-30,news,Consumer Electronics,Middle East,New trade restrictions linked to geopolitical tensions may limit access to selected materials and components. Sector context: consumer electronics; region: middle east.,0.865,1,geopolitical,critical,3,validation,1,template-generated synthetic scenario
SCW-0482-2,SCW-0482,2026-04-27,2026-04-30,social_media,Consumer Electronics,Middle East,Procurement professionals are discussing urgent alternate sourcing after new cross-border restrictions were announced. Sector context: consumer electronics; region: middle east.,0.841,1,geopolitical,critical,3,validation,1,template-generated synthetic scenario
SCW-0482-3,SCW-0482,2026-04-27,2026-04-30,supplier_communication,Consumer Electronics,Middle East,"Supplier update: geopolitical conditions may affect transit routes, lead times, and availability of selected inputs. Sector context: consumer electronics; region: middle east.",0.926,1,geopolitical,critical,3,validation,1,template-generated synthetic scenario
SCW-0482-4,SCW-0482,2026-04-27,2026-04-30,financial_report,Consumer Electronics,Middle East,"Management identified geopolitical instability as a material risk to sourcing continuity, freight costs, and supplier availability. Sector context: consumer electronics; region: middle east.",0.942,1,geopolitical,critical,3,validation,1,template-generated synthetic scenario
SCW-0483-1,SCW-0483,2026-04-28,,news,Automotive,Southeast Asia,Manufacturers reported routine operations and balanced inventory positions across major distribution channels. Sector context: automotive; region: southeast asia.,0.175,0,none,none,,validation,1,template-generated synthetic scenario
SCW-0483-2,SCW-0483,2026-04-28,,social_media,Automotive,Southeast Asia,Procurement discussions show typical lead times and stable availability for most monitored inputs. Sector context: automotive; region: southeast asia.,0.112,0,none,none,,validation,1,template-generated synthetic scenario
SCW-0483-3,SCW-0483,2026-04-28,,supplier_communication,Automotive,Southeast Asia,Vendor communication confirms normal operating capacity and standard lead times for current purchase orders. Sector context: automotive; region: southeast asia.,0.43,0,none,none,,validation,1,template-generated synthetic scenario
SCW-0483-4,SCW-0483,2026-04-28,,financial_report,Automotive,Southeast Asia,Management reported stable operations and no material supply interruptions during the current reporting period. Sector context: automotive; region: southeast asia.,0.181,0,none,none,,validation,1,template-generated synthetic scenario
SCW-0484-1,SCW-0484,2026-04-29,2026-05-13,news,Apparel,South Asia,"A manufacturing network is experiencing system outages following a cybersecurity event, affecting production scheduling. Sector context: apparel; region: south asia.",0.673,1,cyber_incident,high,14,validation,1,template-generated synthetic scenario
SCW-0484-2,SCW-0484,2026-04-29,2026-05-13,social_media,Apparel,South Asia,Users report widespread shipment-tracking outages and manual processing after a suspected cyber incident. Sector context: apparel; region: south asia.,0.731,1,cyber_incident,high,14,validation,1,template-generated synthetic scenario
SCW-0484-3,SCW-0484,2026-04-29,2026-05-13,supplier_communication,Apparel,South Asia,Supplier notification: information systems are operating in contingency mode following a cybersecurity incident; order updates may be delayed. Sector context: apparel; region: south asia.,0.878,1,cyber_incident,high,14,validation,1,template-generated synthetic scenario
SCW-0484-4,SCW-0484,2026-04-29,2026-05-13,financial_report,Apparel,South Asia,Management noted business-continuity risk from recent system disruption and ongoing remediation activities. Sector context: apparel; region: south asia.,0.64,1,cyber_incident,high,14,validation,1,template-generated synthetic scenario
SCW-0485-1,SCW-0485,2026-04-30,,news,Semiconductors,Global,Manufacturers reported routine operations and balanced inventory positions across major distribution channels. Sector context: semiconductors; region: global.,0.36,0,none,none,,validation,1,template-generated synthetic scenario
SCW-0485-2,SCW-0485,2026-04-30,,social_media,Semiconductors,Global,Routine logistics updates indicate normal transit times and no unusual capacity constraints across key lanes. Sector context: semiconductors; region: global.,0.101,0,none,none,,validation,1,template-generated synthetic scenario
SCW-0485-3,SCW-0485,2026-04-30,,supplier_communication,Semiconductors,Global,"Supplier update: production and shipment schedules remain on plan, with no material changes to committed delivery dates. Sector context: semiconductors; region: global.",0.218,0,none,none,,validation,1,template-generated synthetic scenario
SCW-0485-4,SCW-0485,2026-04-30,,financial_report,Semiconductors,Global,Risk commentary indicates standard operating conditions with no significant new supply constraints. Sector context: semiconductors; region: global.,0.326,0,none,none,,validation,1,template-generated synthetic scenario
SCW-0486-1,SCW-0486,2026-05-01,,news,Industrial Manufacturing,Middle East,"Industry output remained broadly stable this week, with normal freight flows and no material production interruptions reported. Sector context: industrial manufacturing; region: middle east.",0.421,0,none,none,,validation,1,template-generated synthetic scenario
SCW-0486-2,SCW-0486,2026-05-01,,social_media,Industrial Manufacturing,Middle East,Routine logistics updates indicate normal transit times and no unusual capacity constraints across key lanes. Sector context: industrial manufacturing; region: middle east.,0.316,0,none,none,,validation,1,template-generated synthetic scenario
SCW-0486-3,SCW-0486,2026-05-01,,supplier_communication,Industrial Manufacturing,Middle East,"Supplier update: production and shipment schedules remain on plan, with no material changes to committed delivery dates. Sector context: industrial manufacturing; region: middle east.",0.213,0,none,none,,validation,1,template-generated synthetic scenario
SCW-0486-4,SCW-0486,2026-05-01,,financial_report,Industrial Manufacturing,Middle East,Risk commentary indicates standard operating conditions with no significant new supply constraints. Sector context: industrial manufacturing; region: middle east.,0.255,0,none,none,,validation,1,template-generated synthetic scenario
SCW-0487-1,SCW-0487,2026-05-02,,news,Energy,South Asia,"Industry output remained broadly stable this week, with normal freight flows and no material production interruptions reported. Sector context: energy; region: south asia.",0.231,0,none,none,,validation,1,template-generated synthetic scenario
SCW-0487-2,SCW-0487,2026-05-02,,social_media,Energy,South Asia,Routine logistics updates indicate normal transit times and no unusual capacity constraints across key lanes. Sector context: energy; region: south asia.,0.309,0,none,none,,validation,1,template-generated synthetic scenario
SCW-0487-3,SCW-0487,2026-05-02,,supplier_communication,Energy,South Asia,"Supplier update: production and shipment schedules remain on plan, with no material changes to committed delivery dates. Sector context: energy; region: south asia.",0.18,0,none,none,,validation,1,template-generated synthetic scenario
SCW-0487-4,SCW-0487,2026-05-02,,financial_report,Energy,South Asia,Risk commentary indicates standard operating conditions with no significant new supply constraints. Sector context: energy; region: south asia.,0.193,0,none,none,,validation,1,template-generated synthetic scenario
SCW-0488-1,SCW-0488,2026-05-03,,news,Pharmaceuticals,Global,"Industry output remained broadly stable this week, with normal freight flows and no material production interruptions reported. Sector context: pharmaceuticals; region: global.",0.328,0,none,none,,validation,1,template-generated synthetic scenario
SCW-0488-2,SCW-0488,2026-05-03,,social_media,Pharmaceuticals,Global,Routine logistics updates indicate normal transit times and no unusual capacity constraints across key lanes. Sector context: pharmaceuticals; region: global.,0.203,0,none,none,,validation,1,template-generated synthetic scenario
SCW-0488-3,SCW-0488,2026-05-03,,supplier_communication,Pharmaceuticals,Global,Vendor communication confirms normal operating capacity and standard lead times for current purchase orders. Sector context: pharmaceuticals; region: global.,0.107,0,none,none,,validation,1,template-generated synthetic scenario
SCW-0488-4,SCW-0488,2026-05-03,,financial_report,Pharmaceuticals,Global,Management reported stable operations and no material supply interruptions during the current reporting period. Sector context: pharmaceuticals; region: global.,0.132,0,none,none,,validation,1,template-generated synthetic scenario
SCW-0489-1,SCW-0489,2026-05-04,,news,Food & Beverage,North America,"Industry output remained broadly stable this week, with normal freight flows and no material production interruptions reported. Sector context: food & beverage; region: north america.",0.166,0,none,none,,validation,1,template-generated synthetic scenario
SCW-0489-2,SCW-0489,2026-05-04,,social_media,Food & Beverage,North America,Procurement discussions show typical lead times and stable availability for most monitored inputs. Sector context: food & beverage; region: north america.,0.281,0,none,none,,validation,1,template-generated synthetic scenario
SCW-0489-3,SCW-0489,2026-05-04,,supplier_communication,Food & Beverage,North America,Vendor communication confirms normal operating capacity and standard lead times for current purchase orders. Sector context: food & beverage; region: north america.,0.079,0,none,none,,validation,1,template-generated synthetic scenario
SCW-0489-4,SCW-0489,2026-05-04,,financial_report,Food & Beverage,North America,Risk commentary indicates standard operating conditions with no significant new supply constraints. Sector context: food & beverage; region: north america.,0.32,0,none,none,,validation,1,template-generated synthetic scenario
SCW-0490-1,SCW-0490,2026-05-05,,news,Pharmaceuticals,South Asia,Manufacturers reported routine operations and balanced inventory positions across major distribution channels. Sector context: pharmaceuticals; region: south asia.,0.02,0,none,none,,validation,1,template-generated synthetic scenario
SCW-0490-2,SCW-0490,2026-05-05,,social_media,Pharmaceuticals,South Asia,Routine logistics updates indicate normal transit times and no unusual capacity constraints across key lanes. Sector context: pharmaceuticals; region: south asia.,0.238,0,none,none,,validation,1,template-generated synthetic scenario
SCW-0490-3,SCW-0490,2026-05-05,,supplier_communication,Pharmaceuticals,South Asia,"Supplier update: production and shipment schedules remain on plan, with no material changes to committed delivery dates. Sector context: pharmaceuticals; region: south asia.",0.294,0,none,none,,validation,1,template-generated synthetic scenario
SCW-0490-4,SCW-0490,2026-05-05,,financial_report,Pharmaceuticals,South Asia,Management reported stable operations and no material supply interruptions during the current reporting period. Sector context: pharmaceuticals; region: south asia.,0.144,0,none,none,,validation,1,template-generated synthetic scenario
SCW-0491-1,SCW-0491,2026-05-06,,news,Industrial Manufacturing,Global,Manufacturers reported routine operations and balanced inventory positions across major distribution channels. Sector context: industrial manufacturing; region: global.,0.177,0,none,none,,validation,1,template-generated synthetic scenario
SCW-0491-2,SCW-0491,2026-05-06,,social_media,Industrial Manufacturing,Global,Procurement discussions show typical lead times and stable availability for most monitored inputs. Sector context: industrial manufacturing; region: global.,0.214,0,none,none,,validation,1,template-generated synthetic scenario
SCW-0491-3,SCW-0491,2026-05-06,,supplier_communication,Industrial Manufacturing,Global,"Supplier update: production and shipment schedules remain on plan, with no material changes to committed delivery dates. Sector context: industrial manufacturing; region: global.",0.361,0,none,none,,validation,1,template-generated synthetic scenario
SCW-0491-4,SCW-0491,2026-05-06,,financial_report,Industrial Manufacturing,Global,Risk commentary indicates standard operating conditions with no significant new supply constraints. Sector context: industrial manufacturing; region: global.,0.245,0,none,none,,validation,1,template-generated synthetic scenario
SCW-0492-1,SCW-0492,2026-05-07,,news,Industrial Manufacturing,East Asia,Manufacturers reported routine operations and balanced inventory positions across major distribution channels. Sector context: industrial manufacturing; region: east asia.,0.211,0,none,none,,validation,1,template-generated synthetic scenario
SCW-0492-2,SCW-0492,2026-05-07,,social_media,Industrial Manufacturing,East Asia,Procurement discussions show typical lead times and stable availability for most monitored inputs. Sector context: industrial manufacturing; region: east asia.,0.297,0,none,none,,validation,1,template-generated synthetic scenario
SCW-0492-3,SCW-0492,2026-05-07,,supplier_communication,Industrial Manufacturing,East Asia,"Supplier update: production and shipment schedules remain on plan, with no material changes to committed delivery dates. Sector context: industrial manufacturing; region: east asia.",0.215,0,none,none,,validation,1,template-generated synthetic scenario
SCW-0492-4,SCW-0492,2026-05-07,,financial_report,Industrial Manufacturing,East Asia,Risk commentary indicates standard operating conditions with no significant new supply constraints. Sector context: industrial manufacturing; region: east asia.,0.131,0,none,none,,validation,1,template-generated synthetic scenario
SCW-0493-1,SCW-0493,2026-05-08,,news,Logistics,Global,"Industry output remained broadly stable this week, with normal freight flows and no material production interruptions reported. Sector context: logistics; region: global.",0.145,0,none,none,,validation,1,template-generated synthetic scenario
SCW-0493-2,SCW-0493,2026-05-08,,social_media,Logistics,Global,Procurement discussions show typical lead times and stable availability for most monitored inputs. Sector context: logistics; region: global.,0.344,0,none,none,,validation,1,template-generated synthetic scenario
SCW-0493-3,SCW-0493,2026-05-08,,supplier_communication,Logistics,Global,"Supplier update: production and shipment schedules remain on plan, with no material changes to committed delivery dates. Sector context: logistics; region: global.",0.09,0,none,none,,validation,1,template-generated synthetic scenario
SCW-0493-4,SCW-0493,2026-05-08,,financial_report,Logistics,Global,Management reported stable operations and no material supply interruptions during the current reporting period. Sector context: logistics; region: global.,0.129,0,none,none,,validation,1,template-generated synthetic scenario
SCW-0494-1,SCW-0494,2026-05-09,,news,Semiconductors,Global,"Industry output remained broadly stable this week, with normal freight flows and no material production interruptions reported. Sector context: semiconductors; region: global.",0.144,0,none,none,,validation,1,template-generated synthetic scenario
SCW-0494-2,SCW-0494,2026-05-09,,social_media,Semiconductors,Global,Procurement discussions show typical lead times and stable availability for most monitored inputs. Sector context: semiconductors; region: global.,0.305,0,none,none,,validation,1,template-generated synthetic scenario
SCW-0494-3,SCW-0494,2026-05-09,,supplier_communication,Semiconductors,Global,"Supplier update: production and shipment schedules remain on plan, with no material changes to committed delivery dates. Sector context: semiconductors; region: global.",0.376,0,none,none,,validation,1,template-generated synthetic scenario
SCW-0494-4,SCW-0494,2026-05-09,,financial_report,Semiconductors,Global,Management reported stable operations and no material supply interruptions during the current reporting period. Sector context: semiconductors; region: global.,0.204,0,none,none,,validation,1,template-generated synthetic scenario
SCW-0495-1,SCW-0495,2026-05-10,,news,Industrial Manufacturing,Global,"Industry output remained broadly stable this week, with normal freight flows and no material production interruptions reported. Sector context: industrial manufacturing; region: global.",0.34,0,none,none,,validation,1,template-generated synthetic scenario
SCW-0495-2,SCW-0495,2026-05-10,,social_media,Industrial Manufacturing,Global,Procurement discussions show typical lead times and stable availability for most monitored inputs. Sector context: industrial manufacturing; region: global.,0.147,0,none,none,,validation,1,template-generated synthetic scenario
SCW-0495-3,SCW-0495,2026-05-10,,supplier_communication,Industrial Manufacturing,Global,Vendor communication confirms normal operating capacity and standard lead times for current purchase orders. Sector context: industrial manufacturing; region: global.,0.358,0,none,none,,validation,1,template-generated synthetic scenario
SCW-0495-4,SCW-0495,2026-05-10,,financial_report,Industrial Manufacturing,Global,Management reported stable operations and no material supply interruptions during the current reporting period. Sector context: industrial manufacturing; region: global.,0.144,0,none,none,,validation,1,template-generated synthetic scenario
SCW-0496-1,SCW-0496,2026-05-11,2026-05-16,news,Medical Devices,Europe,"A new regulatory rule affecting product-origin is expected to take effect soon, requiring changes to sourcing and documentation. Sector context: medical devices; region: europe.",0.99,1,regulatory_policy,critical,5,validation,1,template-generated synthetic scenario
SCW-0496-2,SCW-0496,2026-05-11,2026-05-16,social_media,Medical Devices,Europe,Industry participants report uncertainty about implementation of updated trade documentation requirements across several ports. Sector context: medical devices; region: europe.,0.712,1,regulatory_policy,critical,5,validation,1,template-generated synthetic scenario
SCW-0496-3,SCW-0496,2026-05-11,2026-05-16,supplier_communication,Medical Devices,Europe,Vendor compliance team advises that new trade documentation controls could temporarily slow order processing and customs clearance. Sector context: medical devices; region: europe.,0.871,1,regulatory_policy,critical,5,validation,1,template-generated synthetic scenario
SCW-0496-4,SCW-0496,2026-05-11,2026-05-16,financial_report,Medical Devices,Europe,Risk factors note uncertainty from changing environmental compliance rules and possible delays in international supply flows. Sector context: medical devices; region: europe.,0.945,1,regulatory_policy,critical,5,validation,1,template-generated synthetic scenario
SCW-0497-1,SCW-0497,2026-05-12,2026-05-26,news,Consumer Electronics,South Asia,Industry reports indicate a major supplier has initiated restructuring while customers assess continuity risks. Sector context: consumer electronics; region: south asia.,0.691,1,supplier_failure,medium,14,validation,1,template-generated synthetic scenario
SCW-0497-2,SCW-0497,2026-05-12,2026-05-26,social_media,Consumer Electronics,South Asia,Multiple procurement discussions mention missed commitments and reduced availability from a shared upstream supplier. Sector context: consumer electronics; region: south asia.,0.651,1,supplier_failure,medium,14,validation,1,template-generated synthetic scenario
SCW-0497-3,SCW-0497,2026-05-12,2026-05-26,supplier_communication,Consumer Electronics,South Asia,Vendor communication states that production throughput has declined and allocation controls may be introduced. Sector context: consumer electronics; region: south asia.,0.684,1,supplier_failure,medium,14,validation,1,template-generated synthetic scenario
SCW-0497-4,SCW-0497,2026-05-12,2026-05-26,financial_report,Consumer Electronics,South Asia,Financial commentary identifies liquidity and capacity constraints that could affect fulfillment of customer orders. Sector context: consumer electronics; region: south asia.,0.686,1,supplier_failure,medium,14,validation,1,template-generated synthetic scenario
SCW-0498-1,SCW-0498,2026-05-13,2026-05-18,news,Consumer Electronics,North America,Workers at a major transport or production site have announced industrial action that may interrupt normal operations. Sector context: consumer electronics; region: north america.,0.744,1,labor_disruption,high,5,validation,1,template-generated synthetic scenario
SCW-0498-2,SCW-0498,2026-05-13,2026-05-18,social_media,Consumer Electronics,North America,Local updates indicate staffing shortages and reduced shifts at a major warehouse and transport facility. Sector context: consumer electronics; region: north america.,0.849,1,labor_disruption,high,5,validation,1,template-generated synthetic scenario
SCW-0498-3,SCW-0498,2026-05-13,2026-05-18,supplier_communication,Consumer Electronics,North America,Supplier notice: staffing constraints may reduce production output and delay order completion. Sector context: consumer electronics; region: north america.,0.69,1,labor_disruption,high,5,validation,1,template-generated synthetic scenario
SCW-0498-4,SCW-0498,2026-05-13,2026-05-18,financial_report,Consumer Electronics,North America,The company noted potential production and distribution interruptions from workforce constraints. Sector context: consumer electronics; region: north america.,0.703,1,labor_disruption,high,5,validation,1,template-generated synthetic scenario
SCW-0499-1,SCW-0499,2026-05-14,,news,Consumer Electronics,East Asia,Manufacturers reported routine operations and balanced inventory positions across major distribution channels. Sector context: consumer electronics; region: east asia.,0.123,0,none,none,,validation,1,template-generated synthetic scenario
SCW-0499-2,SCW-0499,2026-05-14,,social_media,Consumer Electronics,East Asia,Procurement discussions show typical lead times and stable availability for most monitored inputs. Sector context: consumer electronics; region: east asia.,0.191,0,none,none,,validation,1,template-generated synthetic scenario
SCW-0499-3,SCW-0499,2026-05-14,,supplier_communication,Consumer Electronics,East Asia,"Supplier update: production and shipment schedules remain on plan, with no material changes to committed delivery dates. Sector context: consumer electronics; region: east asia.",0.166,0,none,none,,validation,1,template-generated synthetic scenario
SCW-0499-4,SCW-0499,2026-05-14,,financial_report,Consumer Electronics,East Asia,Management reported stable operations and no material supply interruptions during the current reporting period. Sector context: consumer electronics; region: east asia.,0.341,0,none,none,,validation,1,template-generated synthetic scenario
SCW-0500-1,SCW-0500,2026-05-15,,news,Food & Beverage,Middle East,"Industry output remained broadly stable this week, with normal freight flows and no material production interruptions reported. Sector context: food & beverage; region: middle east.",0.318,0,none,none,,validation,1,template-generated synthetic scenario
SCW-0500-2,SCW-0500,2026-05-15,,social_media,Food & Beverage,Middle East,Routine logistics updates indicate normal transit times and no unusual capacity constraints across key lanes. Sector context: food & beverage; region: middle east.,0.258,0,none,none,,validation,1,template-generated synthetic scenario
SCW-0500-3,SCW-0500,2026-05-15,,supplier_communication,Food & Beverage,Middle East,Vendor communication confirms normal operating capacity and standard lead times for current purchase orders. Sector context: food & beverage; region: middle east.,0.145,0,none,none,,validation,1,template-generated synthetic scenario
SCW-0500-4,SCW-0500,2026-05-15,,financial_report,Food & Beverage,Middle East,Risk commentary indicates standard operating conditions with no significant new supply constraints. Sector context: food & beverage; region: middle east.,0.225,0,none,none,,validation,1,template-generated synthetic scenario
SCW-0501-1,SCW-0501,2026-05-16,,news,Food & Beverage,Middle East,Manufacturers reported routine operations and balanced inventory positions across major distribution channels. Sector context: food & beverage; region: middle east.,0.105,0,none,none,,validation,1,template-generated synthetic scenario
SCW-0501-2,SCW-0501,2026-05-16,,social_media,Food & Beverage,Middle East,Routine logistics updates indicate normal transit times and no unusual capacity constraints across key lanes. Sector context: food & beverage; region: middle east.,0.394,0,none,none,,validation,1,template-generated synthetic scenario
SCW-0501-3,SCW-0501,2026-05-16,,supplier_communication,Food & Beverage,Middle East,Vendor communication confirms normal operating capacity and standard lead times for current purchase orders. Sector context: food & beverage; region: middle east.,0.185,0,none,none,,validation,1,template-generated synthetic scenario
SCW-0501-4,SCW-0501,2026-05-16,,financial_report,Food & Beverage,Middle East,Risk commentary indicates standard operating conditions with no significant new supply constraints. Sector context: food & beverage; region: middle east.,0.23,0,none,none,,validation,1,template-generated synthetic scenario
SCW-0502-1,SCW-0502,2026-05-17,,news,Pharmaceuticals,Southeast Asia,"Industry output remained broadly stable this week, with normal freight flows and no material production interruptions reported. Sector context: pharmaceuticals; region: southeast asia.",0.263,0,none,none,,validation,1,template-generated synthetic scenario
SCW-0502-2,SCW-0502,2026-05-17,,social_media,Pharmaceuticals,Southeast Asia,Procurement discussions show typical lead times and stable availability for most monitored inputs. Sector context: pharmaceuticals; region: southeast asia.,0.26,0,none,none,,validation,1,template-generated synthetic scenario
SCW-0502-3,SCW-0502,2026-05-17,,supplier_communication,Pharmaceuticals,Southeast Asia,"Supplier update: production and shipment schedules remain on plan, with no material changes to committed delivery dates. Sector context: pharmaceuticals; region: southeast asia.",0.211,0,none,none,,validation,1,template-generated synthetic scenario
SCW-0502-4,SCW-0502,2026-05-17,,financial_report,Pharmaceuticals,Southeast Asia,Management reported stable operations and no material supply interruptions during the current reporting period. Sector context: pharmaceuticals; region: southeast asia.,0.338,0,none,none,,validation,1,template-generated synthetic scenario
SCW-0503-1,SCW-0503,2026-05-18,,news,Apparel,Global,Manufacturers reported routine operations and balanced inventory positions across major distribution channels. Sector context: apparel; region: global.,0.272,0,none,none,,validation,1,template-generated synthetic scenario
SCW-0503-2,SCW-0503,2026-05-18,,social_media,Apparel,Global,Procurement discussions show typical lead times and stable availability for most monitored inputs. Sector context: apparel; region: global.,0.203,0,none,none,,validation,1,template-generated synthetic scenario
SCW-0503-3,SCW-0503,2026-05-18,,supplier_communication,Apparel,Global,Vendor communication confirms normal operating capacity and standard lead times for current purchase orders. Sector context: apparel; region: global.,0.147,0,none,none,,validation,1,template-generated synthetic scenario
SCW-0503-4,SCW-0503,2026-05-18,,financial_report,Apparel,Global,Risk commentary indicates standard operating conditions with no significant new supply constraints. Sector context: apparel; region: global.,0.065,0,none,none,,validation,1,template-generated synthetic scenario
SCW-0504-1,SCW-0504,2026-05-19,,news,Medical Devices,Middle East,"Industry output remained broadly stable this week, with normal freight flows and no material production interruptions reported. Sector context: medical devices; region: middle east.",0.315,0,none,none,,validation,1,template-generated synthetic scenario
SCW-0504-2,SCW-0504,2026-05-19,,social_media,Medical Devices,Middle East,Routine logistics updates indicate normal transit times and no unusual capacity constraints across key lanes. Sector context: medical devices; region: middle east.,0.199,0,none,none,,validation,1,template-generated synthetic scenario
SCW-0504-3,SCW-0504,2026-05-19,,supplier_communication,Medical Devices,Middle East,"Supplier update: production and shipment schedules remain on plan, with no material changes to committed delivery dates. Sector context: medical devices; region: middle east.",0.229,0,none,none,,validation,1,template-generated synthetic scenario
SCW-0504-4,SCW-0504,2026-05-19,,financial_report,Medical Devices,Middle East,Risk commentary indicates standard operating conditions with no significant new supply constraints. Sector context: medical devices; region: middle east.,0.254,0,none,none,,validation,1,template-generated synthetic scenario
SCW-0505-1,SCW-0505,2026-05-20,,news,Industrial Manufacturing,South Asia,Manufacturers reported routine operations and balanced inventory positions across major distribution channels. Sector context: industrial manufacturing; region: south asia.,0.13,0,none,none,,validation,1,template-generated synthetic scenario
SCW-0505-2,SCW-0505,2026-05-20,,social_media,Industrial Manufacturing,South Asia,Procurement discussions show typical lead times and stable availability for most monitored inputs. Sector context: industrial manufacturing; region: south asia.,0.212,0,none,none,,validation,1,template-generated synthetic scenario
SCW-0505-3,SCW-0505,2026-05-20,,supplier_communication,Industrial Manufacturing,South Asia,"Supplier update: production and shipment schedules remain on plan, with no material changes to committed delivery dates. Sector context: industrial manufacturing; region: south asia.",0.306,0,none,none,,validation,1,template-generated synthetic scenario
SCW-0505-4,SCW-0505,2026-05-20,,financial_report,Industrial Manufacturing,South Asia,Management reported stable operations and no material supply interruptions during the current reporting period. Sector context: industrial manufacturing; region: south asia.,0.211,0,none,none,,validation,1,template-generated synthetic scenario
SCW-0506-1,SCW-0506,2026-05-21,,news,Automotive,Middle East,Manufacturers reported routine operations and balanced inventory positions across major distribution channels. Sector context: automotive; region: middle east.,0.273,0,none,none,,validation,1,template-generated synthetic scenario
SCW-0506-2,SCW-0506,2026-05-21,,social_media,Automotive,Middle East,Procurement discussions show typical lead times and stable availability for most monitored inputs. Sector context: automotive; region: middle east.,0.252,0,none,none,,validation,1,template-generated synthetic scenario
SCW-0506-3,SCW-0506,2026-05-21,,supplier_communication,Automotive,Middle East,Vendor communication confirms normal operating capacity and standard lead times for current purchase orders. Sector context: automotive; region: middle east.,0.359,0,none,none,,validation,1,template-generated synthetic scenario
SCW-0506-4,SCW-0506,2026-05-21,,financial_report,Automotive,Middle East,Management reported stable operations and no material supply interruptions during the current reporting period. Sector context: automotive; region: middle east.,0.259,0,none,none,,validation,1,template-generated synthetic scenario
SCW-0507-1,SCW-0507,2026-05-22,2026-06-03,news,Logistics,Middle East,Industry reports indicate a major supplier has initiated restructuring while customers assess continuity risks. Sector context: logistics; region: middle east.,0.556,1,supplier_failure,low,12,validation,1,template-generated synthetic scenario
SCW-0507-2,SCW-0507,2026-05-22,2026-06-03,social_media,Logistics,Middle East,"Channel checks suggest recurring shipment delays from a component supplier, with buyers searching for alternate sources. Sector context: logistics; region: middle east.",0.672,1,supplier_failure,low,12,validation,1,template-generated synthetic scenario
SCW-0507-3,SCW-0507,2026-05-22,2026-06-03,supplier_communication,Logistics,Middle East,Vendor communication states that production throughput has declined and allocation controls may be introduced. Sector context: logistics; region: middle east.,0.581,1,supplier_failure,low,12,validation,1,template-generated synthetic scenario
SCW-0507-4,SCW-0507,2026-05-22,2026-06-03,financial_report,Logistics,Middle East,Financial commentary identifies liquidity and capacity constraints that could affect fulfillment of customer orders. Sector context: logistics; region: middle east.,0.678,1,supplier_failure,low,12,validation,1,template-generated synthetic scenario
SCW-0508-1,SCW-0508,2026-05-23,,news,Industrial Manufacturing,Europe,"Industry output remained broadly stable this week, with normal freight flows and no material production interruptions reported. Sector context: industrial manufacturing; region: europe.",0.319,0,none,none,,validation,1,template-generated synthetic scenario
SCW-0508-2,SCW-0508,2026-05-23,,social_media,Industrial Manufacturing,Europe,Routine logistics updates indicate normal transit times and no unusual capacity constraints across key lanes. Sector context: industrial manufacturing; region: europe.,0.227,0,none,none,,validation,1,template-generated synthetic scenario
SCW-0508-3,SCW-0508,2026-05-23,,supplier_communication,Industrial Manufacturing,Europe,Vendor communication confirms normal operating capacity and standard lead times for current purchase orders. Sector context: industrial manufacturing; region: europe.,0.109,0,none,none,,validation,1,template-generated synthetic scenario
SCW-0508-4,SCW-0508,2026-05-23,,financial_report,Industrial Manufacturing,Europe,Risk commentary indicates standard operating conditions with no significant new supply constraints. Sector context: industrial manufacturing; region: europe.,0.182,0,none,none,,validation,1,template-generated synthetic scenario
SCW-0509-1,SCW-0509,2026-05-24,2026-06-01,news,Retail,South Asia,Workers at a major transport or production site have announced industrial action that may interrupt normal operations. Sector context: retail; region: south asia.,0.756,1,labor_disruption,high,8,validation,1,template-generated synthetic scenario
SCW-0509-2,SCW-0509,2026-05-24,2026-06-01,social_media,Retail,South Asia,Local updates indicate staffing shortages and reduced shifts at a major warehouse and transport facility. Sector context: retail; region: south asia.,0.695,1,labor_disruption,high,8,validation,1,template-generated synthetic scenario
SCW-0509-3,SCW-0509,2026-05-24,2026-06-01,supplier_communication,Retail,South Asia,Vendor advises of potential schedule disruption due to ongoing labor negotiations and reduced shift coverage. Sector context: retail; region: south asia.,0.866,1,labor_disruption,high,8,validation,1,template-generated synthetic scenario
SCW-0509-4,SCW-0509,2026-05-24,2026-06-01,financial_report,Retail,South Asia,The company noted potential production and distribution interruptions from workforce constraints. Sector context: retail; region: south asia.,0.814,1,labor_disruption,high,8,validation,1,template-generated synthetic scenario
SCW-0510-1,SCW-0510,2026-05-25,,news,Retail,Southeast Asia,"Industry output remained broadly stable this week, with normal freight flows and no material production interruptions reported. Sector context: retail; region: southeast asia.",0.158,0,none,none,,validation,1,template-generated synthetic scenario
SCW-0510-2,SCW-0510,2026-05-25,,social_media,Retail,Southeast Asia,Routine logistics updates indicate normal transit times and no unusual capacity constraints across key lanes. Sector context: retail; region: southeast asia.,0.079,0,none,none,,validation,1,template-generated synthetic scenario
SCW-0510-3,SCW-0510,2026-05-25,,supplier_communication,Retail,Southeast Asia,Vendor communication confirms normal operating capacity and standard lead times for current purchase orders. Sector context: retail; region: southeast asia.,0.35,0,none,none,,validation,1,template-generated synthetic scenario
SCW-0510-4,SCW-0510,2026-05-25,,financial_report,Retail,Southeast Asia,Risk commentary indicates standard operating conditions with no significant new supply constraints. Sector context: retail; region: southeast asia.,0.042,0,none,none,,validation,1,template-generated synthetic scenario
SCW-0511-1,SCW-0511,2026-05-26,2026-05-31,news,Energy,Global,"A new regulatory rule affecting customs is expected to take effect soon, requiring changes to sourcing and documentation. Sector context: energy; region: global.",0.529,1,regulatory_policy,low,5,validation,1,template-generated synthetic scenario
SCW-0511-2,SCW-0511,2026-05-26,2026-05-31,social_media,Energy,Global,Trade groups are discussing new product-origin rules and warning members to prepare for documentation and clearance delays. Sector context: energy; region: global.,0.514,1,regulatory_policy,low,5,validation,1,template-generated synthetic scenario
SCW-0511-3,SCW-0511,2026-05-26,2026-05-31,supplier_communication,Energy,Global,Vendor compliance team advises that new trade documentation controls could temporarily slow order processing and customs clearance. Sector context: energy; region: global.,0.534,1,regulatory_policy,low,5,validation,1,template-generated synthetic scenario
SCW-0511-4,SCW-0511,2026-05-26,2026-05-31,financial_report,Energy,Global,Management disclosed potential exposure to new customs regulations that could increase compliance costs and sourcing lead times. Sector context: energy; region: global.,0.547,1,regulatory_policy,low,5,validation,1,template-generated synthetic scenario
SCW-0512-1,SCW-0512,2026-05-27,2026-05-30,news,Retail,Latin America,New trade restrictions linked to geopolitical tensions may limit access to selected materials and components. Sector context: retail; region: latin america.,0.692,1,geopolitical,medium,3,validation,1,template-generated synthetic scenario
SCW-0512-2,SCW-0512,2026-05-27,2026-05-30,social_media,Retail,Latin America,Freight forums report route diversions and rising spot rates as carriers avoid a high-risk corridor. Sector context: retail; region: latin america.,0.578,1,geopolitical,medium,3,validation,1,template-generated synthetic scenario
SCW-0512-3,SCW-0512,2026-05-27,2026-05-30,supplier_communication,Retail,Latin America,"Supplier update: geopolitical conditions may affect transit routes, lead times, and availability of selected inputs. Sector context: retail; region: latin america.",0.617,1,geopolitical,medium,3,validation,1,template-generated synthetic scenario
SCW-0512-4,SCW-0512,2026-05-27,2026-05-30,financial_report,Retail,Latin America,"Management identified geopolitical instability as a material risk to sourcing continuity, freight costs, and supplier availability. Sector context: retail; region: latin america.",0.706,1,geopolitical,medium,3,validation,1,template-generated synthetic scenario
SCW-0513-1,SCW-0513,2026-05-28,,news,Consumer Electronics,Latin America,Manufacturers reported routine operations and balanced inventory positions across major distribution channels. Sector context: consumer electronics; region: latin america.,0.152,0,none,none,,validation,1,template-generated synthetic scenario
SCW-0513-2,SCW-0513,2026-05-28,,social_media,Consumer Electronics,Latin America,Procurement discussions show typical lead times and stable availability for most monitored inputs. Sector context: consumer electronics; region: latin america.,0.164,0,none,none,,validation,1,template-generated synthetic scenario
SCW-0513-3,SCW-0513,2026-05-28,,supplier_communication,Consumer Electronics,Latin America,Vendor communication confirms normal operating capacity and standard lead times for current purchase orders. Sector context: consumer electronics; region: latin america.,0.118,0,none,none,,validation,1,template-generated synthetic scenario
SCW-0513-4,SCW-0513,2026-05-28,,financial_report,Consumer Electronics,Latin America,Management reported stable operations and no material supply interruptions during the current reporting period. Sector context: consumer electronics; region: latin america.,0.153,0,none,none,,validation,1,template-generated synthetic scenario
SCW-0514-1,SCW-0514,2026-05-29,,news,Retail,Europe,"Industry output remained broadly stable this week, with normal freight flows and no material production interruptions reported. Sector context: retail; region: europe.",0.069,0,none,none,,validation,1,template-generated synthetic scenario
SCW-0514-2,SCW-0514,2026-05-29,,social_media,Retail,Europe,Routine logistics updates indicate normal transit times and no unusual capacity constraints across key lanes. Sector context: retail; region: europe.,0.185,0,none,none,,validation,1,template-generated synthetic scenario
SCW-0514-3,SCW-0514,2026-05-29,,supplier_communication,Retail,Europe,"Supplier update: production and shipment schedules remain on plan, with no material changes to committed delivery dates. Sector context: retail; region: europe.",0.166,0,none,none,,validation,1,template-generated synthetic scenario
SCW-0514-4,SCW-0514,2026-05-29,,financial_report,Retail,Europe,Risk commentary indicates standard operating conditions with no significant new supply constraints. Sector context: retail; region: europe.,0.308,0,none,none,,validation,1,template-generated synthetic scenario
SCW-0515-1,SCW-0515,2026-05-30,,news,Retail,Global,Manufacturers reported routine operations and balanced inventory positions across major distribution channels. Sector context: retail; region: global.,0.198,0,none,none,,validation,1,template-generated synthetic scenario
SCW-0515-2,SCW-0515,2026-05-30,,social_media,Retail,Global,Procurement discussions show typical lead times and stable availability for most monitored inputs. Sector context: retail; region: global.,0.02,0,none,none,,validation,1,template-generated synthetic scenario
SCW-0515-3,SCW-0515,2026-05-30,,supplier_communication,Retail,Global,"Supplier update: production and shipment schedules remain on plan, with no material changes to committed delivery dates. Sector context: retail; region: global.",0.215,0,none,none,,validation,1,template-generated synthetic scenario
SCW-0515-4,SCW-0515,2026-05-30,,financial_report,Retail,Global,Risk commentary indicates standard operating conditions with no significant new supply constraints. Sector context: retail; region: global.,0.315,0,none,none,,validation,1,template-generated synthetic scenario
SCW-0516-1,SCW-0516,2026-05-31,,news,Medical Devices,Middle East,"Industry output remained broadly stable this week, with normal freight flows and no material production interruptions reported. Sector context: medical devices; region: middle east.",0.215,0,none,none,,validation,1,template-generated synthetic scenario
SCW-0516-2,SCW-0516,2026-05-31,,social_media,Medical Devices,Middle East,Routine logistics updates indicate normal transit times and no unusual capacity constraints across key lanes. Sector context: medical devices; region: middle east.,0.352,0,none,none,,validation,1,template-generated synthetic scenario
SCW-0516-3,SCW-0516,2026-05-31,,supplier_communication,Medical Devices,Middle East,"Supplier update: production and shipment schedules remain on plan, with no material changes to committed delivery dates. Sector context: medical devices; region: middle east.",0.266,0,none,none,,validation,1,template-generated synthetic scenario
SCW-0516-4,SCW-0516,2026-05-31,,financial_report,Medical Devices,Middle East,Management reported stable operations and no material supply interruptions during the current reporting period. Sector context: medical devices; region: middle east.,0.326,0,none,none,,validation,1,template-generated synthetic scenario
SCW-0517-1,SCW-0517,2026-06-01,,news,Automotive,East Asia,Manufacturers reported routine operations and balanced inventory positions across major distribution channels. Sector context: automotive; region: east asia.,0.26,0,none,none,,test,1,template-generated synthetic scenario
SCW-0517-2,SCW-0517,2026-06-01,,social_media,Automotive,East Asia,Procurement discussions show typical lead times and stable availability for most monitored inputs. Sector context: automotive; region: east asia.,0.082,0,none,none,,test,1,template-generated synthetic scenario
SCW-0517-3,SCW-0517,2026-06-01,,supplier_communication,Automotive,East Asia,"Supplier update: production and shipment schedules remain on plan, with no material changes to committed delivery dates. Sector context: automotive; region: east asia.",0.192,0,none,none,,test,1,template-generated synthetic scenario
SCW-0517-4,SCW-0517,2026-06-01,,financial_report,Automotive,East Asia,Risk commentary indicates standard operating conditions with no significant new supply constraints. Sector context: automotive; region: east asia.,0.257,0,none,none,,test,1,template-generated synthetic scenario
SCW-0518-1,SCW-0518,2026-06-02,2026-06-12,news,Apparel,Global,Authorities announced revised export-control requirements that may delay cross-border shipments during the transition period. Sector context: apparel; region: global.,0.911,1,regulatory_policy,critical,10,test,1,template-generated synthetic scenario
SCW-0518-2,SCW-0518,2026-06-02,2026-06-12,social_media,Apparel,Global,Trade groups are discussing new product-origin rules and warning members to prepare for documentation and clearance delays. Sector context: apparel; region: global.,0.987,1,regulatory_policy,critical,10,test,1,template-generated synthetic scenario
SCW-0518-3,SCW-0518,2026-06-02,2026-06-12,supplier_communication,Apparel,Global,Vendor compliance team advises that new export-control controls could temporarily slow order processing and customs clearance. Sector context: apparel; region: global.,0.913,1,regulatory_policy,critical,10,test,1,template-generated synthetic scenario
SCW-0518-4,SCW-0518,2026-06-02,2026-06-12,financial_report,Apparel,Global,Risk factors note uncertainty from changing environmental compliance rules and possible delays in international supply flows. Sector context: apparel; region: global.,0.796,1,regulatory_policy,critical,10,test,1,template-generated synthetic scenario
SCW-0519-1,SCW-0519,2026-06-03,,news,Logistics,North America,"Industry output remained broadly stable this week, with normal freight flows and no material production interruptions reported. Sector context: logistics; region: north america.",0.222,0,none,none,,test,1,template-generated synthetic scenario
SCW-0519-2,SCW-0519,2026-06-03,,social_media,Logistics,North America,Routine logistics updates indicate normal transit times and no unusual capacity constraints across key lanes. Sector context: logistics; region: north america.,0.252,0,none,none,,test,1,template-generated synthetic scenario
SCW-0519-3,SCW-0519,2026-06-03,,supplier_communication,Logistics,North America,Vendor communication confirms normal operating capacity and standard lead times for current purchase orders. Sector context: logistics; region: north america.,0.185,0,none,none,,test,1,template-generated synthetic scenario
SCW-0519-4,SCW-0519,2026-06-03,,financial_report,Logistics,North America,Risk commentary indicates standard operating conditions with no significant new supply constraints. Sector context: logistics; region: north america.,0.122,0,none,none,,test,1,template-generated synthetic scenario
SCW-0520-1,SCW-0520,2026-06-04,,news,Pharmaceuticals,Middle East,"Industry output remained broadly stable this week, with normal freight flows and no material production interruptions reported. Sector context: pharmaceuticals; region: middle east.",0.168,0,none,none,,test,1,template-generated synthetic scenario
SCW-0520-2,SCW-0520,2026-06-04,,social_media,Pharmaceuticals,Middle East,Procurement discussions show typical lead times and stable availability for most monitored inputs. Sector context: pharmaceuticals; region: middle east.,0.235,0,none,none,,test,1,template-generated synthetic scenario
SCW-0520-3,SCW-0520,2026-06-04,,supplier_communication,Pharmaceuticals,Middle East,"Supplier update: production and shipment schedules remain on plan, with no material changes to committed delivery dates. Sector context: pharmaceuticals; region: middle east.",0.31,0,none,none,,test,1,template-generated synthetic scenario
SCW-0520-4,SCW-0520,2026-06-04,,financial_report,Pharmaceuticals,Middle East,Management reported stable operations and no material supply interruptions during the current reporting period. Sector context: pharmaceuticals; region: middle east.,0.213,0,none,none,,test,1,template-generated synthetic scenario
SCW-0521-1,SCW-0521,2026-06-05,,news,Energy,Latin America,Manufacturers reported routine operations and balanced inventory positions across major distribution channels. Sector context: energy; region: latin america.,0.143,0,none,none,,test,1,template-generated synthetic scenario
SCW-0521-2,SCW-0521,2026-06-05,,social_media,Energy,Latin America,Routine logistics updates indicate normal transit times and no unusual capacity constraints across key lanes. Sector context: energy; region: latin america.,0.164,0,none,none,,test,1,template-generated synthetic scenario
SCW-0521-3,SCW-0521,2026-06-05,,supplier_communication,Energy,Latin America,Vendor communication confirms normal operating capacity and standard lead times for current purchase orders. Sector context: energy; region: latin america.,0.144,0,none,none,,test,1,template-generated synthetic scenario
SCW-0521-4,SCW-0521,2026-06-05,,financial_report,Energy,Latin America,Management reported stable operations and no material supply interruptions during the current reporting period. Sector context: energy; region: latin america.,0.062,0,none,none,,test,1,template-generated synthetic scenario
SCW-0522-1,SCW-0522,2026-06-06,,news,Apparel,Latin America,"Industry output remained broadly stable this week, with normal freight flows and no material production interruptions reported. Sector context: apparel; region: latin america.",0.23,0,none,none,,test,1,template-generated synthetic scenario
SCW-0522-2,SCW-0522,2026-06-06,,social_media,Apparel,Latin America,Procurement discussions show typical lead times and stable availability for most monitored inputs. Sector context: apparel; region: latin america.,0.226,0,none,none,,test,1,template-generated synthetic scenario
SCW-0522-3,SCW-0522,2026-06-06,,supplier_communication,Apparel,Latin America,"Supplier update: production and shipment schedules remain on plan, with no material changes to committed delivery dates. Sector context: apparel; region: latin america.",0.16,0,none,none,,test,1,template-generated synthetic scenario
SCW-0522-4,SCW-0522,2026-06-06,,financial_report,Apparel,Latin America,Management reported stable operations and no material supply interruptions during the current reporting period. Sector context: apparel; region: latin america.,0.198,0,none,none,,test,1,template-generated synthetic scenario
SCW-0523-1,SCW-0523,2026-06-07,,news,Apparel,Middle East,Manufacturers reported routine operations and balanced inventory positions across major distribution channels. Sector context: apparel; region: middle east.,0.178,0,none,none,,test,1,template-generated synthetic scenario
SCW-0523-2,SCW-0523,2026-06-07,,social_media,Apparel,Middle East,Routine logistics updates indicate normal transit times and no unusual capacity constraints across key lanes. Sector context: apparel; region: middle east.,0.42,0,none,none,,test,1,template-generated synthetic scenario
SCW-0523-3,SCW-0523,2026-06-07,,supplier_communication,Apparel,Middle East,Vendor communication confirms normal operating capacity and standard lead times for current purchase orders. Sector context: apparel; region: middle east.,0.467,0,none,none,,test,1,template-generated synthetic scenario
SCW-0523-4,SCW-0523,2026-06-07,,financial_report,Apparel,Middle East,Risk commentary indicates standard operating conditions with no significant new supply constraints. Sector context: apparel; region: middle east.,0.288,0,none,none,,test,1,template-generated synthetic scenario
SCW-0524-1,SCW-0524,2026-06-08,,news,Retail,Global,"Industry output remained broadly stable this week, with normal freight flows and no material production interruptions reported. Sector context: retail; region: global.",0.276,0,none,none,,test,1,template-generated synthetic scenario
SCW-0524-2,SCW-0524,2026-06-08,,social_media,Retail,Global,Routine logistics updates indicate normal transit times and no unusual capacity constraints across key lanes. Sector context: retail; region: global.,0.268,0,none,none,,test,1,template-generated synthetic scenario
SCW-0524-3,SCW-0524,2026-06-08,,supplier_communication,Retail,Global,"Supplier update: production and shipment schedules remain on plan, with no material changes to committed delivery dates. Sector context: retail; region: global.",0.251,0,none,none,,test,1,template-generated synthetic scenario
SCW-0524-4,SCW-0524,2026-06-08,,financial_report,Retail,Global,Management reported stable operations and no material supply interruptions during the current reporting period. Sector context: retail; region: global.,0.407,0,none,none,,test,1,template-generated synthetic scenario
SCW-0525-1,SCW-0525,2026-06-09,2026-06-22,news,Logistics,East Asia,"A manufacturing network is experiencing system outages following a cybersecurity event, affecting production scheduling. Sector context: logistics; region: east asia.",0.851,1,cyber_incident,high,13,test,1,template-generated synthetic scenario
SCW-0525-2,SCW-0525,2026-06-09,2026-06-22,social_media,Logistics,East Asia,Operations teams are sharing reports of unavailable planning systems and delayed warehouse transactions. Sector context: logistics; region: east asia.,0.899,1,cyber_incident,high,13,test,1,template-generated synthetic scenario
SCW-0525-3,SCW-0525,2026-06-09,2026-06-22,supplier_communication,Logistics,East Asia,Supplier notification: information systems are operating in contingency mode following a cybersecurity incident; order updates may be delayed. Sector context: logistics; region: east asia.,0.886,1,cyber_incident,high,13,test,1,template-generated synthetic scenario
SCW-0525-4,SCW-0525,2026-06-09,2026-06-22,financial_report,Logistics,East Asia,"The company disclosed a cybersecurity event that may temporarily affect operations, order processing, and logistics visibility. Sector context: logistics; region: east asia.",0.838,1,cyber_incident,high,13,test,1,template-generated synthetic scenario
SCW-0526-1,SCW-0526,2026-06-10,,news,Automotive,Latin America,Manufacturers reported routine operations and balanced inventory positions across major distribution channels. Sector context: automotive; region: latin america.,0.238,0,none,none,,test,1,template-generated synthetic scenario
SCW-0526-2,SCW-0526,2026-06-10,,social_media,Automotive,Latin America,Procurement discussions show typical lead times and stable availability for most monitored inputs. Sector context: automotive; region: latin america.,0.147,0,none,none,,test,1,template-generated synthetic scenario
SCW-0526-3,SCW-0526,2026-06-10,,supplier_communication,Automotive,Latin America,Vendor communication confirms normal operating capacity and standard lead times for current purchase orders. Sector context: automotive; region: latin america.,0.236,0,none,none,,test,1,template-generated synthetic scenario
SCW-0526-4,SCW-0526,2026-06-10,,financial_report,Automotive,Latin America,Management reported stable operations and no material supply interruptions during the current reporting period. Sector context: automotive; region: latin america.,0.02,0,none,none,,test,1,template-generated synthetic scenario
SCW-0527-1,SCW-0527,2026-06-11,,news,Semiconductors,South Asia,Manufacturers reported routine operations and balanced inventory positions across major distribution channels. Sector context: semiconductors; region: south asia.,0.158,0,none,none,,test,1,template-generated synthetic scenario
SCW-0527-2,SCW-0527,2026-06-11,,social_media,Semiconductors,South Asia,Procurement discussions show typical lead times and stable availability for most monitored inputs. Sector context: semiconductors; region: south asia.,0.286,0,none,none,,test,1,template-generated synthetic scenario
SCW-0527-3,SCW-0527,2026-06-11,,supplier_communication,Semiconductors,South Asia,"Supplier update: production and shipment schedules remain on plan, with no material changes to committed delivery dates. Sector context: semiconductors; region: south asia.",0.051,0,none,none,,test,1,template-generated synthetic scenario
SCW-0527-4,SCW-0527,2026-06-11,,financial_report,Semiconductors,South Asia,Management reported stable operations and no material supply interruptions during the current reporting period. Sector context: semiconductors; region: south asia.,0.298,0,none,none,,test,1,template-generated synthetic scenario
SCW-0528-1,SCW-0528,2026-06-12,,news,Retail,Global,"Industry output remained broadly stable this week, with normal freight flows and no material production interruptions reported. Sector context: retail; region: global.",0.21,0,none,none,,test,1,template-generated synthetic scenario
SCW-0528-2,SCW-0528,2026-06-12,,social_media,Retail,Global,Routine logistics updates indicate normal transit times and no unusual capacity constraints across key lanes. Sector context: retail; region: global.,0.323,0,none,none,,test,1,template-generated synthetic scenario
SCW-0528-3,SCW-0528,2026-06-12,,supplier_communication,Retail,Global,Vendor communication confirms normal operating capacity and standard lead times for current purchase orders. Sector context: retail; region: global.,0.227,0,none,none,,test,1,template-generated synthetic scenario
SCW-0528-4,SCW-0528,2026-06-12,,financial_report,Retail,Global,Risk commentary indicates standard operating conditions with no significant new supply constraints. Sector context: retail; region: global.,0.026,0,none,none,,test,1,template-generated synthetic scenario
SCW-0529-1,SCW-0529,2026-06-13,2026-06-24,news,Medical Devices,South Asia,"Emergency agencies reported a severe storm impacts near industrial zones, creating potential delays for inbound materials and outbound freight. Sector context: medical devices; region: south asia.",0.573,1,natural_disaster,low,11,test,1,template-generated synthetic scenario
SCW-0529-2,SCW-0529,2026-06-13,2026-06-24,social_media,Medical Devices,South Asia,Local posts report road closures and power interruptions after an earthquake; trucks are being rerouted around the affected area. Sector context: medical devices; region: south asia.,0.536,1,natural_disaster,low,11,test,1,template-generated synthetic scenario
SCW-0529-3,SCW-0529,2026-06-13,2026-06-24,supplier_communication,Medical Devices,South Asia,"Vendor update indicates temporary production disruption related to flooding, with revised delivery commitments expected shortly. Sector context: medical devices; region: south asia.",0.573,1,natural_disaster,low,11,test,1,template-generated synthetic scenario
SCW-0529-4,SCW-0529,2026-06-13,2026-06-24,financial_report,Medical Devices,South Asia,Risk disclosure highlights possible supply interruption from a severe storm affecting facilities and third-party transportation. Sector context: medical devices; region: south asia.,0.622,1,natural_disaster,low,11,test,1,template-generated synthetic scenario
SCW-0530-1,SCW-0530,2026-06-14,2026-06-18,news,Medical Devices,North America,"A major freight corridor is experiencing capacity constraints, with transit times rising across multiple carriers. Sector context: medical devices; region: north america.",0.726,1,logistics_transport,medium,4,test,1,template-generated synthetic scenario
SCW-0530-2,SCW-0530,2026-06-14,2026-06-18,social_media,Medical Devices,North America,Shippers report repeated rollovers and longer transit times as network congestion intensifies. Sector context: medical devices; region: north america.,0.622,1,logistics_transport,medium,4,test,1,template-generated synthetic scenario
SCW-0530-3,SCW-0530,2026-06-14,2026-06-18,supplier_communication,Medical Devices,North America,Logistics update: current carrier capacity constraints are expected to extend delivery lead times for upcoming shipments. Sector context: medical devices; region: north america.,0.705,1,logistics_transport,medium,4,test,1,template-generated synthetic scenario
SCW-0530-4,SCW-0530,2026-06-14,2026-06-18,financial_report,Medical Devices,North America,Management noted elevated freight costs and transportation bottlenecks that may affect service levels and inventory availability. Sector context: medical devices; region: north america.,0.649,1,logistics_transport,medium,4,test,1,template-generated synthetic scenario
SCW-0531-1,SCW-0531,2026-06-15,2026-06-20,news,Pharmaceuticals,Middle East,"Labor negotiations remain unresolved at a critical logistics hub, raising the risk of temporary shutdowns. Sector context: pharmaceuticals; region: middle east.",0.663,1,labor_disruption,low,5,test,1,template-generated synthetic scenario
SCW-0531-2,SCW-0531,2026-06-15,2026-06-20,social_media,Pharmaceuticals,Middle East,Local updates indicate staffing shortages and reduced shifts at a major warehouse and transport facility. Sector context: pharmaceuticals; region: middle east.,0.525,1,labor_disruption,low,5,test,1,template-generated synthetic scenario
SCW-0531-3,SCW-0531,2026-06-15,2026-06-20,supplier_communication,Pharmaceuticals,Middle East,Supplier notice: staffing constraints may reduce production output and delay order completion. Sector context: pharmaceuticals; region: middle east.,0.683,1,labor_disruption,low,5,test,1,template-generated synthetic scenario
SCW-0531-4,SCW-0531,2026-06-15,2026-06-20,financial_report,Pharmaceuticals,Middle East,Management identified labor availability and industrial relations as near-term operational risks. Sector context: pharmaceuticals; region: middle east.,0.528,1,labor_disruption,low,5,test,1,template-generated synthetic scenario
SCW-0532-1,SCW-0532,2026-06-16,,news,Logistics,East Asia,Manufacturers reported routine operations and balanced inventory positions across major distribution channels. Sector context: logistics; region: east asia.,0.129,0,none,none,,test,1,template-generated synthetic scenario
SCW-0532-2,SCW-0532,2026-06-16,,social_media,Logistics,East Asia,Routine logistics updates indicate normal transit times and no unusual capacity constraints across key lanes. Sector context: logistics; region: east asia.,0.174,0,none,none,,test,1,template-generated synthetic scenario
SCW-0532-3,SCW-0532,2026-06-16,,supplier_communication,Logistics,East Asia,Vendor communication confirms normal operating capacity and standard lead times for current purchase orders. Sector context: logistics; region: east asia.,0.311,0,none,none,,test,1,template-generated synthetic scenario
SCW-0532-4,SCW-0532,2026-06-16,,financial_report,Logistics,East Asia,Risk commentary indicates standard operating conditions with no significant new supply constraints. Sector context: logistics; region: east asia.,0.153,0,none,none,,test,1,template-generated synthetic scenario
SCW-0533-1,SCW-0533,2026-06-17,,news,Pharmaceuticals,Global,"Industry output remained broadly stable this week, with normal freight flows and no material production interruptions reported. Sector context: pharmaceuticals; region: global.",0.306,0,none,none,,test,1,template-generated synthetic scenario
SCW-0533-2,SCW-0533,2026-06-17,,social_media,Pharmaceuticals,Global,Procurement discussions show typical lead times and stable availability for most monitored inputs. Sector context: pharmaceuticals; region: global.,0.215,0,none,none,,test,1,template-generated synthetic scenario
SCW-0533-3,SCW-0533,2026-06-17,,supplier_communication,Pharmaceuticals,Global,"Supplier update: production and shipment schedules remain on plan, with no material changes to committed delivery dates. Sector context: pharmaceuticals; region: global.",0.313,0,none,none,,test,1,template-generated synthetic scenario
SCW-0533-4,SCW-0533,2026-06-17,,financial_report,Pharmaceuticals,Global,Management reported stable operations and no material supply interruptions during the current reporting period. Sector context: pharmaceuticals; region: global.,0.322,0,none,none,,test,1,template-generated synthetic scenario
SCW-0534-1,SCW-0534,2026-06-18,,news,Energy,East Asia,Manufacturers reported routine operations and balanced inventory positions across major distribution channels. Sector context: energy; region: east asia.,0.243,0,none,none,,test,1,template-generated synthetic scenario
SCW-0534-2,SCW-0534,2026-06-18,,social_media,Energy,East Asia,Routine logistics updates indicate normal transit times and no unusual capacity constraints across key lanes. Sector context: energy; region: east asia.,0.307,0,none,none,,test,1,template-generated synthetic scenario
SCW-0534-3,SCW-0534,2026-06-18,,supplier_communication,Energy,East Asia,"Supplier update: production and shipment schedules remain on plan, with no material changes to committed delivery dates. Sector context: energy; region: east asia.",0.416,0,none,none,,test,1,template-generated synthetic scenario
SCW-0534-4,SCW-0534,2026-06-18,,financial_report,Energy,East Asia,Management reported stable operations and no material supply interruptions during the current reporting period. Sector context: energy; region: east asia.,0.373,0,none,none,,test,1,template-generated synthetic scenario
SCW-0535-1,SCW-0535,2026-06-19,,news,Energy,North America,Manufacturers reported routine operations and balanced inventory positions across major distribution channels. Sector context: energy; region: north america.,0.083,0,none,none,,test,1,template-generated synthetic scenario
SCW-0535-2,SCW-0535,2026-06-19,,social_media,Energy,North America,Procurement discussions show typical lead times and stable availability for most monitored inputs. Sector context: energy; region: north america.,0.353,0,none,none,,test,1,template-generated synthetic scenario
SCW-0535-3,SCW-0535,2026-06-19,,supplier_communication,Energy,North America,Vendor communication confirms normal operating capacity and standard lead times for current purchase orders. Sector context: energy; region: north america.,0.209,0,none,none,,test,1,template-generated synthetic scenario
SCW-0535-4,SCW-0535,2026-06-19,,financial_report,Energy,North America,Management reported stable operations and no material supply interruptions during the current reporting period. Sector context: energy; region: north america.,0.264,0,none,none,,test,1,template-generated synthetic scenario
SCW-0536-1,SCW-0536,2026-06-20,,news,Pharmaceuticals,East Asia,Manufacturers reported routine operations and balanced inventory positions across major distribution channels. Sector context: pharmaceuticals; region: east asia.,0.204,0,none,none,,test,1,template-generated synthetic scenario
SCW-0536-2,SCW-0536,2026-06-20,,social_media,Pharmaceuticals,East Asia,Routine logistics updates indicate normal transit times and no unusual capacity constraints across key lanes. Sector context: pharmaceuticals; region: east asia.,0.241,0,none,none,,test,1,template-generated synthetic scenario
SCW-0536-3,SCW-0536,2026-06-20,,supplier_communication,Pharmaceuticals,East Asia,Vendor communication confirms normal operating capacity and standard lead times for current purchase orders. Sector context: pharmaceuticals; region: east asia.,0.423,0,none,none,,test,1,template-generated synthetic scenario
SCW-0536-4,SCW-0536,2026-06-20,,financial_report,Pharmaceuticals,East Asia,Management reported stable operations and no material supply interruptions during the current reporting period. Sector context: pharmaceuticals; region: east asia.,0.199,0,none,none,,test,1,template-generated synthetic scenario
SCW-0537-1,SCW-0537,2026-06-21,2026-06-27,news,Retail,Latin America,"Emergency agencies reported flooding impacts near industrial zones, creating potential delays for inbound materials and outbound freight. Sector context: retail; region: latin america.",0.806,1,natural_disaster,high,6,test,1,template-generated synthetic scenario
SCW-0537-2,SCW-0537,2026-06-21,2026-06-27,social_media,Retail,Latin America,Local posts report road closures and power interruptions after flooding; trucks are being rerouted around the affected area. Sector context: retail; region: latin america.,0.802,1,natural_disaster,high,6,test,1,template-generated synthetic scenario
SCW-0537-3,SCW-0537,2026-06-21,2026-06-27,supplier_communication,Retail,Latin America,"Vendor update indicates temporary production disruption related to extreme weather, with revised delivery commitments expected shortly. Sector context: retail; region: latin america.",0.78,1,natural_disaster,high,6,test,1,template-generated synthetic scenario
SCW-0537-4,SCW-0537,2026-06-21,2026-06-27,financial_report,Retail,Latin America,"Management noted potential operational exposure to flooding, including logistics delays and temporary capacity constraints. Sector context: retail; region: latin america.",0.768,1,natural_disaster,high,6,test,1,template-generated synthetic scenario
SCW-0538-1,SCW-0538,2026-06-22,,news,Aerospace,Middle East,Manufacturers reported routine operations and balanced inventory positions across major distribution channels. Sector context: aerospace; region: middle east.,0.262,0,none,none,,test,1,template-generated synthetic scenario
SCW-0538-2,SCW-0538,2026-06-22,,social_media,Aerospace,Middle East,Procurement discussions show typical lead times and stable availability for most monitored inputs. Sector context: aerospace; region: middle east.,0.167,0,none,none,,test,1,template-generated synthetic scenario
SCW-0538-3,SCW-0538,2026-06-22,,supplier_communication,Aerospace,Middle East,Vendor communication confirms normal operating capacity and standard lead times for current purchase orders. Sector context: aerospace; region: middle east.,0.157,0,none,none,,test,1,template-generated synthetic scenario
SCW-0538-4,SCW-0538,2026-06-22,,financial_report,Aerospace,Middle East,Management reported stable operations and no material supply interruptions during the current reporting period. Sector context: aerospace; region: middle east.,0.055,0,none,none,,test,1,template-generated synthetic scenario
SCW-0539-1,SCW-0539,2026-06-23,,news,Automotive,Europe,Manufacturers reported routine operations and balanced inventory positions across major distribution channels. Sector context: automotive; region: europe.,0.255,0,none,none,,test,1,template-generated synthetic scenario
SCW-0539-2,SCW-0539,2026-06-23,,social_media,Automotive,Europe,Routine logistics updates indicate normal transit times and no unusual capacity constraints across key lanes. Sector context: automotive; region: europe.,0.274,0,none,none,,test,1,template-generated synthetic scenario
SCW-0539-3,SCW-0539,2026-06-23,,supplier_communication,Automotive,Europe,Vendor communication confirms normal operating capacity and standard lead times for current purchase orders. Sector context: automotive; region: europe.,0.352,0,none,none,,test,1,template-generated synthetic scenario
SCW-0539-4,SCW-0539,2026-06-23,,financial_report,Automotive,Europe,Risk commentary indicates standard operating conditions with no significant new supply constraints. Sector context: automotive; region: europe.,0.115,0,none,none,,test,1,template-generated synthetic scenario
SCW-0540-1,SCW-0540,2026-06-24,2026-07-02,news,Retail,Global,"Severe extreme weather has disrupted transport corridors near a major production hub, with local authorities warning of extended closures. Sector context: retail; region: global.",0.914,1,natural_disaster,critical,8,test,1,template-generated synthetic scenario
SCW-0540-2,SCW-0540,2026-06-24,2026-07-02,social_media,Retail,Global,Local posts report road closures and power interruptions after flooding; trucks are being rerouted around the affected area. Sector context: retail; region: global.,0.786,1,natural_disaster,critical,8,test,1,template-generated synthetic scenario
SCW-0540-3,SCW-0540,2026-06-24,2026-07-02,supplier_communication,Retail,Global,"Vendor update indicates temporary production disruption related to a severe storm, with revised delivery commitments expected shortly. Sector context: retail; region: global.",0.99,1,natural_disaster,critical,8,test,1,template-generated synthetic scenario
SCW-0540-4,SCW-0540,2026-06-24,2026-07-02,financial_report,Retail,Global,Risk disclosure highlights possible supply interruption from extreme weather affecting facilities and third-party transportation. Sector context: retail; region: global.,0.933,1,natural_disaster,critical,8,test,1,template-generated synthetic scenario
SCW-0541-1,SCW-0541,2026-06-25,,news,Energy,East Asia,"Industry output remained broadly stable this week, with normal freight flows and no material production interruptions reported. Sector context: energy; region: east asia.",0.171,0,none,none,,test,1,template-generated synthetic scenario
SCW-0541-2,SCW-0541,2026-06-25,,social_media,Energy,East Asia,Routine logistics updates indicate normal transit times and no unusual capacity constraints across key lanes. Sector context: energy; region: east asia.,0.342,0,none,none,,test,1,template-generated synthetic scenario
SCW-0541-3,SCW-0541,2026-06-25,,supplier_communication,Energy,East Asia,"Supplier update: production and shipment schedules remain on plan, with no material changes to committed delivery dates. Sector context: energy; region: east asia.",0.317,0,none,none,,test,1,template-generated synthetic scenario
SCW-0541-4,SCW-0541,2026-06-25,,financial_report,Energy,East Asia,Risk commentary indicates standard operating conditions with no significant new supply constraints. Sector context: energy; region: east asia.,0.271,0,none,none,,test,1,template-generated synthetic scenario
SCW-0542-1,SCW-0542,2026-06-26,,news,Aerospace,Middle East,Manufacturers reported routine operations and balanced inventory positions across major distribution channels. Sector context: aerospace; region: middle east.,0.192,0,none,none,,test,1,template-generated synthetic scenario
SCW-0542-2,SCW-0542,2026-06-26,,social_media,Aerospace,Middle East,Routine logistics updates indicate normal transit times and no unusual capacity constraints across key lanes. Sector context: aerospace; region: middle east.,0.091,0,none,none,,test,1,template-generated synthetic scenario
SCW-0542-3,SCW-0542,2026-06-26,,supplier_communication,Aerospace,Middle East,Vendor communication confirms normal operating capacity and standard lead times for current purchase orders. Sector context: aerospace; region: middle east.,0.215,0,none,none,,test,1,template-generated synthetic scenario
SCW-0542-4,SCW-0542,2026-06-26,,financial_report,Aerospace,Middle East,Risk commentary indicates standard operating conditions with no significant new supply constraints. Sector context: aerospace; region: middle east.,0.221,0,none,none,,test,1,template-generated synthetic scenario
SCW-0543-1,SCW-0543,2026-06-27,,news,Energy,East Asia,"Industry output remained broadly stable this week, with normal freight flows and no material production interruptions reported. Sector context: energy; region: east asia.",0.246,0,none,none,,test,1,template-generated synthetic scenario
SCW-0543-2,SCW-0543,2026-06-27,,social_media,Energy,East Asia,Procurement discussions show typical lead times and stable availability for most monitored inputs. Sector context: energy; region: east asia.,0.364,0,none,none,,test,1,template-generated synthetic scenario
SCW-0543-3,SCW-0543,2026-06-27,,supplier_communication,Energy,East Asia,"Supplier update: production and shipment schedules remain on plan, with no material changes to committed delivery dates. Sector context: energy; region: east asia.",0.084,0,none,none,,test,1,template-generated synthetic scenario
SCW-0543-4,SCW-0543,2026-06-27,,financial_report,Energy,East Asia,Risk commentary indicates standard operating conditions with no significant new supply constraints. Sector context: energy; region: east asia.,0.02,0,none,none,,test,1,template-generated synthetic scenario
SCW-0544-1,SCW-0544,2026-06-28,,news,Retail,East Asia,"Industry output remained broadly stable this week, with normal freight flows and no material production interruptions reported. Sector context: retail; region: east asia.",0.129,0,none,none,,test,1,template-generated synthetic scenario
SCW-0544-2,SCW-0544,2026-06-28,,social_media,Retail,East Asia,Routine logistics updates indicate normal transit times and no unusual capacity constraints across key lanes. Sector context: retail; region: east asia.,0.23,0,none,none,,test,1,template-generated synthetic scenario
SCW-0544-3,SCW-0544,2026-06-28,,supplier_communication,Retail,East Asia,Vendor communication confirms normal operating capacity and standard lead times for current purchase orders. Sector context: retail; region: east asia.,0.31,0,none,none,,test,1,template-generated synthetic scenario
SCW-0544-4,SCW-0544,2026-06-28,,financial_report,Retail,East Asia,Risk commentary indicates standard operating conditions with no significant new supply constraints. Sector context: retail; region: east asia.,0.055,0,none,none,,test,1,template-generated synthetic scenario
SCW-0545-1,SCW-0545,2026-06-29,,news,Semiconductors,Southeast Asia,Manufacturers reported routine operations and balanced inventory positions across major distribution channels. Sector context: semiconductors; region: southeast asia.,0.097,0,none,none,,test,1,template-generated synthetic scenario
SCW-0545-2,SCW-0545,2026-06-29,,social_media,Semiconductors,Southeast Asia,Routine logistics updates indicate normal transit times and no unusual capacity constraints across key lanes. Sector context: semiconductors; region: southeast asia.,0.238,0,none,none,,test,1,template-generated synthetic scenario
SCW-0545-3,SCW-0545,2026-06-29,,supplier_communication,Semiconductors,Southeast Asia,Vendor communication confirms normal operating capacity and standard lead times for current purchase orders. Sector context: semiconductors; region: southeast asia.,0.177,0,none,none,,test,1,template-generated synthetic scenario
SCW-0545-4,SCW-0545,2026-06-29,,financial_report,Semiconductors,Southeast Asia,Management reported stable operations and no material supply interruptions during the current reporting period. Sector context: semiconductors; region: southeast asia.,0.221,0,none,none,,test,1,template-generated synthetic scenario
SCW-0546-1,SCW-0546,2026-06-30,,news,Medical Devices,Global,Manufacturers reported routine operations and balanced inventory positions across major distribution channels. Sector context: medical devices; region: global.,0.109,0,none,none,,test,1,template-generated synthetic scenario
SCW-0546-2,SCW-0546,2026-06-30,,social_media,Medical Devices,Global,Routine logistics updates indicate normal transit times and no unusual capacity constraints across key lanes. Sector context: medical devices; region: global.,0.207,0,none,none,,test,1,template-generated synthetic scenario
SCW-0546-3,SCW-0546,2026-06-30,,supplier_communication,Medical Devices,Global,"Supplier update: production and shipment schedules remain on plan, with no material changes to committed delivery dates. Sector context: medical devices; region: global.",0.24,0,none,none,,test,1,template-generated synthetic scenario
SCW-0546-4,SCW-0546,2026-06-30,,financial_report,Medical Devices,Global,Risk commentary indicates standard operating conditions with no significant new supply constraints. Sector context: medical devices; region: global.,0.328,0,none,none,,test,1,template-generated synthetic scenario
SCW-0547-1,SCW-0547,2026-07-01,2026-07-06,news,Food & Beverage,East Asia,Workers at a major transport or production site have announced industrial action that may interrupt normal operations. Sector context: food & beverage; region: east asia.,0.729,1,labor_disruption,high,5,test,1,template-generated synthetic scenario
SCW-0547-2,SCW-0547,2026-07-01,2026-07-06,social_media,Food & Beverage,East Asia,Industry groups are warning of possible delays if planned labor action proceeds this week. Sector context: food & beverage; region: east asia.,0.906,1,labor_disruption,high,5,test,1,template-generated synthetic scenario
SCW-0547-3,SCW-0547,2026-07-01,2026-07-06,supplier_communication,Food & Beverage,East Asia,Supplier notice: staffing constraints may reduce production output and delay order completion. Sector context: food & beverage; region: east asia.,0.875,1,labor_disruption,high,5,test,1,template-generated synthetic scenario
SCW-0547-4,SCW-0547,2026-07-01,2026-07-06,financial_report,Food & Beverage,East Asia,The company noted potential production and distribution interruptions from workforce constraints. Sector context: food & beverage; region: east asia.,0.738,1,labor_disruption,high,5,test,1,template-generated synthetic scenario
SCW-0548-1,SCW-0548,2026-07-02,,news,Medical Devices,East Asia,Manufacturers reported routine operations and balanced inventory positions across major distribution channels. Sector context: medical devices; region: east asia.,0.275,0,none,none,,test,1,template-generated synthetic scenario
SCW-0548-2,SCW-0548,2026-07-02,,social_media,Medical Devices,East Asia,Procurement discussions show typical lead times and stable availability for most monitored inputs. Sector context: medical devices; region: east asia.,0.131,0,none,none,,test,1,template-generated synthetic scenario
SCW-0548-3,SCW-0548,2026-07-02,,supplier_communication,Medical Devices,East Asia,"Supplier update: production and shipment schedules remain on plan, with no material changes to committed delivery dates. Sector context: medical devices; region: east asia.",0.382,0,none,none,,test,1,template-generated synthetic scenario
SCW-0548-4,SCW-0548,2026-07-02,,financial_report,Medical Devices,East Asia,Risk commentary indicates standard operating conditions with no significant new supply constraints. Sector context: medical devices; region: east asia.,0.31,0,none,none,,test,1,template-generated synthetic scenario
SCW-0549-1,SCW-0549,2026-07-03,,news,Logistics,Europe,Manufacturers reported routine operations and balanced inventory positions across major distribution channels. Sector context: logistics; region: europe.,0.231,0,none,none,,test,1,template-generated synthetic scenario
SCW-0549-2,SCW-0549,2026-07-03,,social_media,Logistics,Europe,Routine logistics updates indicate normal transit times and no unusual capacity constraints across key lanes. Sector context: logistics; region: europe.,0.252,0,none,none,,test,1,template-generated synthetic scenario
SCW-0549-3,SCW-0549,2026-07-03,,supplier_communication,Logistics,Europe,Vendor communication confirms normal operating capacity and standard lead times for current purchase orders. Sector context: logistics; region: europe.,0.31,0,none,none,,test,1,template-generated synthetic scenario
SCW-0549-4,SCW-0549,2026-07-03,,financial_report,Logistics,Europe,Management reported stable operations and no material supply interruptions during the current reporting period. Sector context: logistics; region: europe.,0.165,0,none,none,,test,1,template-generated synthetic scenario
SCW-0550-1,SCW-0550,2026-07-04,,news,Semiconductors,North America,"Industry output remained broadly stable this week, with normal freight flows and no material production interruptions reported. Sector context: semiconductors; region: north america.",0.083,0,none,none,,test,1,template-generated synthetic scenario
SCW-0550-2,SCW-0550,2026-07-04,,social_media,Semiconductors,North America,Routine logistics updates indicate normal transit times and no unusual capacity constraints across key lanes. Sector context: semiconductors; region: north america.,0.241,0,none,none,,test,1,template-generated synthetic scenario
SCW-0550-3,SCW-0550,2026-07-04,,supplier_communication,Semiconductors,North America,Vendor communication confirms normal operating capacity and standard lead times for current purchase orders. Sector context: semiconductors; region: north america.,0.183,0,none,none,,test,1,template-generated synthetic scenario
SCW-0550-4,SCW-0550,2026-07-04,,financial_report,Semiconductors,North America,Management reported stable operations and no material supply interruptions during the current reporting period. Sector context: semiconductors; region: north america.,0.335,0,none,none,,test,1,template-generated synthetic scenario
SCW-0551-1,SCW-0551,2026-07-05,,news,Food & Beverage,Southeast Asia,Manufacturers reported routine operations and balanced inventory positions across major distribution channels. Sector context: food & beverage; region: southeast asia.,0.325,0,none,none,,test,1,template-generated synthetic scenario
SCW-0551-2,SCW-0551,2026-07-05,,social_media,Food & Beverage,Southeast Asia,Procurement discussions show typical lead times and stable availability for most monitored inputs. Sector context: food & beverage; region: southeast asia.,0.356,0,none,none,,test,1,template-generated synthetic scenario
SCW-0551-3,SCW-0551,2026-07-05,,supplier_communication,Food & Beverage,Southeast Asia,Vendor communication confirms normal operating capacity and standard lead times for current purchase orders. Sector context: food & beverage; region: southeast asia.,0.193,0,none,none,,test,1,template-generated synthetic scenario
SCW-0551-4,SCW-0551,2026-07-05,,financial_report,Food & Beverage,Southeast Asia,Risk commentary indicates standard operating conditions with no significant new supply constraints. Sector context: food & beverage; region: southeast asia.,0.02,0,none,none,,test,1,template-generated synthetic scenario
SCW-0552-1,SCW-0552,2026-07-06,,news,Pharmaceuticals,North America,"Industry output remained broadly stable this week, with normal freight flows and no material production interruptions reported. Sector context: pharmaceuticals; region: north america.",0.228,0,none,none,,test,1,template-generated synthetic scenario
SCW-0552-2,SCW-0552,2026-07-06,,social_media,Pharmaceuticals,North America,Routine logistics updates indicate normal transit times and no unusual capacity constraints across key lanes. Sector context: pharmaceuticals; region: north america.,0.184,0,none,none,,test,1,template-generated synthetic scenario
SCW-0552-3,SCW-0552,2026-07-06,,supplier_communication,Pharmaceuticals,North America,"Supplier update: production and shipment schedules remain on plan, with no material changes to committed delivery dates. Sector context: pharmaceuticals; region: north america.",0.404,0,none,none,,test,1,template-generated synthetic scenario
SCW-0552-4,SCW-0552,2026-07-06,,financial_report,Pharmaceuticals,North America,Management reported stable operations and no material supply interruptions during the current reporting period. Sector context: pharmaceuticals; region: north america.,0.219,0,none,none,,test,1,template-generated synthetic scenario
SCW-0553-1,SCW-0553,2026-07-07,,news,Food & Beverage,Global,Manufacturers reported routine operations and balanced inventory positions across major distribution channels. Sector context: food & beverage; region: global.,0.179,0,none,none,,test,1,template-generated synthetic scenario
SCW-0553-2,SCW-0553,2026-07-07,,social_media,Food & Beverage,Global,Routine logistics updates indicate normal transit times and no unusual capacity constraints across key lanes. Sector context: food & beverage; region: global.,0.329,0,none,none,,test,1,template-generated synthetic scenario
SCW-0553-3,SCW-0553,2026-07-07,,supplier_communication,Food & Beverage,Global,"Supplier update: production and shipment schedules remain on plan, with no material changes to committed delivery dates. Sector context: food & beverage; region: global.",0.265,0,none,none,,test,1,template-generated synthetic scenario
SCW-0553-4,SCW-0553,2026-07-07,,financial_report,Food & Beverage,Global,Risk commentary indicates standard operating conditions with no significant new supply constraints. Sector context: food & beverage; region: global.,0.02,0,none,none,,test,1,template-generated synthetic scenario
SCW-0554-1,SCW-0554,2026-07-08,,news,Medical Devices,Latin America,Manufacturers reported routine operations and balanced inventory positions across major distribution channels. Sector context: medical devices; region: latin america.,0.213,0,none,none,,test,1,template-generated synthetic scenario
SCW-0554-2,SCW-0554,2026-07-08,,social_media,Medical Devices,Latin America,Procurement discussions show typical lead times and stable availability for most monitored inputs. Sector context: medical devices; region: latin america.,0.232,0,none,none,,test,1,template-generated synthetic scenario
SCW-0554-3,SCW-0554,2026-07-08,,supplier_communication,Medical Devices,Latin America,Vendor communication confirms normal operating capacity and standard lead times for current purchase orders. Sector context: medical devices; region: latin america.,0.353,0,none,none,,test,1,template-generated synthetic scenario
SCW-0554-4,SCW-0554,2026-07-08,,financial_report,Medical Devices,Latin America,Management reported stable operations and no material supply interruptions during the current reporting period. Sector context: medical devices; region: latin america.,0.182,0,none,none,,test,1,template-generated synthetic scenario
SCW-0555-1,SCW-0555,2026-07-09,,news,Medical Devices,Middle East,Manufacturers reported routine operations and balanced inventory positions across major distribution channels. Sector context: medical devices; region: middle east.,0.207,0,none,none,,test,1,template-generated synthetic scenario
SCW-0555-2,SCW-0555,2026-07-09,,social_media,Medical Devices,Middle East,Procurement discussions show typical lead times and stable availability for most monitored inputs. Sector context: medical devices; region: middle east.,0.214,0,none,none,,test,1,template-generated synthetic scenario
SCW-0555-3,SCW-0555,2026-07-09,,supplier_communication,Medical Devices,Middle East,"Supplier update: production and shipment schedules remain on plan, with no material changes to committed delivery dates. Sector context: medical devices; region: middle east.",0.258,0,none,none,,test,1,template-generated synthetic scenario
SCW-0555-4,SCW-0555,2026-07-09,,financial_report,Medical Devices,Middle East,Management reported stable operations and no material supply interruptions during the current reporting period. Sector context: medical devices; region: middle east.,0.506,0,none,none,,test,1,template-generated synthetic scenario
SCW-0556-1,SCW-0556,2026-07-10,,news,Logistics,East Asia,"Industry output remained broadly stable this week, with normal freight flows and no material production interruptions reported. Sector context: logistics; region: east asia.",0.3,0,none,none,,test,1,template-generated synthetic scenario
SCW-0556-2,SCW-0556,2026-07-10,,social_media,Logistics,East Asia,Procurement discussions show typical lead times and stable availability for most monitored inputs. Sector context: logistics; region: east asia.,0.334,0,none,none,,test,1,template-generated synthetic scenario
SCW-0556-3,SCW-0556,2026-07-10,,supplier_communication,Logistics,East Asia,"Supplier update: production and shipment schedules remain on plan, with no material changes to committed delivery dates. Sector context: logistics; region: east asia.",0.286,0,none,none,,test,1,template-generated synthetic scenario
SCW-0556-4,SCW-0556,2026-07-10,,financial_report,Logistics,East Asia,Management reported stable operations and no material supply interruptions during the current reporting period. Sector context: logistics; region: east asia.,0.066,0,none,none,,test,1,template-generated synthetic scenario
SCW-0557-1,SCW-0557,2026-07-11,2026-07-20,news,Medical Devices,South Asia,A key component producer is reportedly facing liquidity pressure and has reduced output at several facilities. Sector context: medical devices; region: south asia.,0.732,1,supplier_failure,medium,9,test,1,template-generated synthetic scenario
SCW-0557-2,SCW-0557,2026-07-11,2026-07-20,social_media,Medical Devices,South Asia,Multiple procurement discussions mention missed commitments and reduced availability from a shared upstream supplier. Sector context: medical devices; region: south asia.,0.693,1,supplier_failure,medium,9,test,1,template-generated synthetic scenario
SCW-0557-3,SCW-0557,2026-07-11,2026-07-20,supplier_communication,Medical Devices,South Asia,Vendor communication states that production throughput has declined and allocation controls may be introduced. Sector context: medical devices; region: south asia.,0.561,1,supplier_failure,medium,9,test,1,template-generated synthetic scenario
SCW-0557-4,SCW-0557,2026-07-11,2026-07-20,financial_report,Medical Devices,South Asia,The supplier disclosed elevated working-capital pressure and uncertainty regarding near-term production continuity. Sector context: medical devices; region: south asia.,0.629,1,supplier_failure,medium,9,test,1,template-generated synthetic scenario
SCW-0558-1,SCW-0558,2026-07-12,,news,Aerospace,South Asia,Manufacturers reported routine operations and balanced inventory positions across major distribution channels. Sector context: aerospace; region: south asia.,0.458,0,none,none,,test,1,template-generated synthetic scenario
SCW-0558-2,SCW-0558,2026-07-12,,social_media,Aerospace,South Asia,Routine logistics updates indicate normal transit times and no unusual capacity constraints across key lanes. Sector context: aerospace; region: south asia.,0.183,0,none,none,,test,1,template-generated synthetic scenario
SCW-0558-3,SCW-0558,2026-07-12,,supplier_communication,Aerospace,South Asia,"Supplier update: production and shipment schedules remain on plan, with no material changes to committed delivery dates. Sector context: aerospace; region: south asia.",0.088,0,none,none,,test,1,template-generated synthetic scenario
SCW-0558-4,SCW-0558,2026-07-12,,financial_report,Aerospace,South Asia,Risk commentary indicates standard operating conditions with no significant new supply constraints. Sector context: aerospace; region: south asia.,0.282,0,none,none,,test,1,template-generated synthetic scenario
SCW-0559-1,SCW-0559,2026-07-13,,news,Energy,Southeast Asia,"Industry output remained broadly stable this week, with normal freight flows and no material production interruptions reported. Sector context: energy; region: southeast asia.",0.128,0,none,none,,test,1,template-generated synthetic scenario
SCW-0559-2,SCW-0559,2026-07-13,,social_media,Energy,Southeast Asia,Procurement discussions show typical lead times and stable availability for most monitored inputs. Sector context: energy; region: southeast asia.,0.245,0,none,none,,test,1,template-generated synthetic scenario
SCW-0559-3,SCW-0559,2026-07-13,,supplier_communication,Energy,Southeast Asia,"Supplier update: production and shipment schedules remain on plan, with no material changes to committed delivery dates. Sector context: energy; region: southeast asia.",0.155,0,none,none,,test,1,template-generated synthetic scenario
SCW-0559-4,SCW-0559,2026-07-13,,financial_report,Energy,Southeast Asia,Risk commentary indicates standard operating conditions with no significant new supply constraints. Sector context: energy; region: southeast asia.,0.224,0,none,none,,test,1,template-generated synthetic scenario
SCW-0560-1,SCW-0560,2026-07-14,,news,Food & Beverage,East Asia,"Industry output remained broadly stable this week, with normal freight flows and no material production interruptions reported. Sector context: food & beverage; region: east asia.",0.168,0,none,none,,test,1,template-generated synthetic scenario
SCW-0560-2,SCW-0560,2026-07-14,,social_media,Food & Beverage,East Asia,Procurement discussions show typical lead times and stable availability for most monitored inputs. Sector context: food & beverage; region: east asia.,0.407,0,none,none,,test,1,template-generated synthetic scenario
SCW-0560-3,SCW-0560,2026-07-14,,supplier_communication,Food & Beverage,East Asia,"Supplier update: production and shipment schedules remain on plan, with no material changes to committed delivery dates. Sector context: food & beverage; region: east asia.",0.226,0,none,none,,test,1,template-generated synthetic scenario
SCW-0560-4,SCW-0560,2026-07-14,,financial_report,Food & Beverage,East Asia,Management reported stable operations and no material supply interruptions during the current reporting period. Sector context: food & beverage; region: east asia.,0.375,0,none,none,,test,1,template-generated synthetic scenario
SCW-0561-1,SCW-0561,2026-07-15,,news,Medical Devices,North America,"Industry output remained broadly stable this week, with normal freight flows and no material production interruptions reported. Sector context: medical devices; region: north america.",0.254,0,none,none,,test,1,template-generated synthetic scenario
SCW-0561-2,SCW-0561,2026-07-15,,social_media,Medical Devices,North America,Procurement discussions show typical lead times and stable availability for most monitored inputs. Sector context: medical devices; region: north america.,0.074,0,none,none,,test,1,template-generated synthetic scenario
SCW-0561-3,SCW-0561,2026-07-15,,supplier_communication,Medical Devices,North America,Vendor communication confirms normal operating capacity and standard lead times for current purchase orders. Sector context: medical devices; region: north america.,0.2,0,none,none,,test,1,template-generated synthetic scenario
SCW-0561-4,SCW-0561,2026-07-15,,financial_report,Medical Devices,North America,Management reported stable operations and no material supply interruptions during the current reporting period. Sector context: medical devices; region: north america.,0.14,0,none,none,,test,1,template-generated synthetic scenario
SCW-0562-1,SCW-0562,2026-07-16,,news,Retail,North America,Manufacturers reported routine operations and balanced inventory positions across major distribution channels. Sector context: retail; region: north america.,0.192,0,none,none,,test,1,template-generated synthetic scenario
SCW-0562-2,SCW-0562,2026-07-16,,social_media,Retail,North America,Routine logistics updates indicate normal transit times and no unusual capacity constraints across key lanes. Sector context: retail; region: north america.,0.215,0,none,none,,test,1,template-generated synthetic scenario
SCW-0562-3,SCW-0562,2026-07-16,,supplier_communication,Retail,North America,Vendor communication confirms normal operating capacity and standard lead times for current purchase orders. Sector context: retail; region: north america.,0.303,0,none,none,,test,1,template-generated synthetic scenario
SCW-0562-4,SCW-0562,2026-07-16,,financial_report,Retail,North America,Management reported stable operations and no material supply interruptions during the current reporting period. Sector context: retail; region: north america.,0.128,0,none,none,,test,1,template-generated synthetic scenario
SCW-0563-1,SCW-0563,2026-07-17,,news,Consumer Electronics,North America,Manufacturers reported routine operations and balanced inventory positions across major distribution channels. Sector context: consumer electronics; region: north america.,0.203,0,none,none,,test,1,template-generated synthetic scenario
SCW-0563-2,SCW-0563,2026-07-17,,social_media,Consumer Electronics,North America,Procurement discussions show typical lead times and stable availability for most monitored inputs. Sector context: consumer electronics; region: north america.,0.168,0,none,none,,test,1,template-generated synthetic scenario
SCW-0563-3,SCW-0563,2026-07-17,,supplier_communication,Consumer Electronics,North America,Vendor communication confirms normal operating capacity and standard lead times for current purchase orders. Sector context: consumer electronics; region: north america.,0.269,0,none,none,,test,1,template-generated synthetic scenario
SCW-0563-4,SCW-0563,2026-07-17,,financial_report,Consumer Electronics,North America,Management reported stable operations and no material supply interruptions during the current reporting period. Sector context: consumer electronics; region: north america.,0.115,0,none,none,,test,1,template-generated synthetic scenario
SCW-0564-1,SCW-0564,2026-07-18,,news,Aerospace,Europe,"Industry output remained broadly stable this week, with normal freight flows and no material production interruptions reported. Sector context: aerospace; region: europe.",0.153,0,none,none,,test,1,template-generated synthetic scenario
SCW-0564-2,SCW-0564,2026-07-18,,social_media,Aerospace,Europe,Routine logistics updates indicate normal transit times and no unusual capacity constraints across key lanes. Sector context: aerospace; region: europe.,0.16,0,none,none,,test,1,template-generated synthetic scenario
SCW-0564-3,SCW-0564,2026-07-18,,supplier_communication,Aerospace,Europe,"Supplier update: production and shipment schedules remain on plan, with no material changes to committed delivery dates. Sector context: aerospace; region: europe.",0.207,0,none,none,,test,1,template-generated synthetic scenario
SCW-0564-4,SCW-0564,2026-07-18,,financial_report,Aerospace,Europe,Management reported stable operations and no material supply interruptions during the current reporting period. Sector context: aerospace; region: europe.,0.186,0,none,none,,test,1,template-generated synthetic scenario
SCW-0565-1,SCW-0565,2026-07-19,,news,Aerospace,Southeast Asia,Manufacturers reported routine operations and balanced inventory positions across major distribution channels. Sector context: aerospace; region: southeast asia.,0.199,0,none,none,,test,1,template-generated synthetic scenario
SCW-0565-2,SCW-0565,2026-07-19,,social_media,Aerospace,Southeast Asia,Routine logistics updates indicate normal transit times and no unusual capacity constraints across key lanes. Sector context: aerospace; region: southeast asia.,0.293,0,none,none,,test,1,template-generated synthetic scenario
SCW-0565-3,SCW-0565,2026-07-19,,supplier_communication,Aerospace,Southeast Asia,"Supplier update: production and shipment schedules remain on plan, with no material changes to committed delivery dates. Sector context: aerospace; region: southeast asia.",0.239,0,none,none,,test,1,template-generated synthetic scenario
SCW-0565-4,SCW-0565,2026-07-19,,financial_report,Aerospace,Southeast Asia,Management reported stable operations and no material supply interruptions during the current reporting period. Sector context: aerospace; region: southeast asia.,0.187,0,none,none,,test,1,template-generated synthetic scenario
SCW-0566-1,SCW-0566,2026-07-20,,news,Logistics,Europe,"Industry output remained broadly stable this week, with normal freight flows and no material production interruptions reported. Sector context: logistics; region: europe.",0.16,0,none,none,,test,1,template-generated synthetic scenario
SCW-0566-2,SCW-0566,2026-07-20,,social_media,Logistics,Europe,Routine logistics updates indicate normal transit times and no unusual capacity constraints across key lanes. Sector context: logistics; region: europe.,0.059,0,none,none,,test,1,template-generated synthetic scenario
SCW-0566-3,SCW-0566,2026-07-20,,supplier_communication,Logistics,Europe,Vendor communication confirms normal operating capacity and standard lead times for current purchase orders. Sector context: logistics; region: europe.,0.234,0,none,none,,test,1,template-generated synthetic scenario
SCW-0566-4,SCW-0566,2026-07-20,,financial_report,Logistics,Europe,Risk commentary indicates standard operating conditions with no significant new supply constraints. Sector context: logistics; region: europe.,0.165,0,none,none,,test,1,template-generated synthetic scenario
SCW-0567-1,SCW-0567,2026-07-21,,news,Logistics,Europe,Manufacturers reported routine operations and balanced inventory positions across major distribution channels. Sector context: logistics; region: europe.,0.061,0,none,none,,test,1,template-generated synthetic scenario
SCW-0567-2,SCW-0567,2026-07-21,,social_media,Logistics,Europe,Procurement discussions show typical lead times and stable availability for most monitored inputs. Sector context: logistics; region: europe.,0.041,0,none,none,,test,1,template-generated synthetic scenario
SCW-0567-3,SCW-0567,2026-07-21,,supplier_communication,Logistics,Europe,"Supplier update: production and shipment schedules remain on plan, with no material changes to committed delivery dates. Sector context: logistics; region: europe.",0.378,0,none,none,,test,1,template-generated synthetic scenario
SCW-0567-4,SCW-0567,2026-07-21,,financial_report,Logistics,Europe,Risk commentary indicates standard operating conditions with no significant new supply constraints. Sector context: logistics; region: europe.,0.254,0,none,none,,test,1,template-generated synthetic scenario
SCW-0568-1,SCW-0568,2026-07-22,,news,Consumer Electronics,Latin America,"Industry output remained broadly stable this week, with normal freight flows and no material production interruptions reported. Sector context: consumer electronics; region: latin america.",0.02,0,none,none,,test,1,template-generated synthetic scenario
SCW-0568-2,SCW-0568,2026-07-22,,social_media,Consumer Electronics,Latin America,Routine logistics updates indicate normal transit times and no unusual capacity constraints across key lanes. Sector context: consumer electronics; region: latin america.,0.156,0,none,none,,test,1,template-generated synthetic scenario
SCW-0568-3,SCW-0568,2026-07-22,,supplier_communication,Consumer Electronics,Latin America,Vendor communication confirms normal operating capacity and standard lead times for current purchase orders. Sector context: consumer electronics; region: latin america.,0.283,0,none,none,,test,1,template-generated synthetic scenario
SCW-0568-4,SCW-0568,2026-07-22,,financial_report,Consumer Electronics,Latin America,Risk commentary indicates standard operating conditions with no significant new supply constraints. Sector context: consumer electronics; region: latin america.,0.23,0,none,none,,test,1,template-generated synthetic scenario
SCW-0569-1,SCW-0569,2026-07-23,,news,Aerospace,Middle East,Manufacturers reported routine operations and balanced inventory positions across major distribution channels. Sector context: aerospace; region: middle east.,0.18,0,none,none,,test,1,template-generated synthetic scenario
SCW-0569-2,SCW-0569,2026-07-23,,social_media,Aerospace,Middle East,Routine logistics updates indicate normal transit times and no unusual capacity constraints across key lanes. Sector context: aerospace; region: middle east.,0.224,0,none,none,,test,1,template-generated synthetic scenario
SCW-0569-3,SCW-0569,2026-07-23,,supplier_communication,Aerospace,Middle East,"Supplier update: production and shipment schedules remain on plan, with no material changes to committed delivery dates. Sector context: aerospace; region: middle east.",0.26,0,none,none,,test,1,template-generated synthetic scenario
SCW-0569-4,SCW-0569,2026-07-23,,financial_report,Aerospace,Middle East,Risk commentary indicates standard operating conditions with no significant new supply constraints. Sector context: aerospace; region: middle east.,0.368,0,none,none,,test,1,template-generated synthetic scenario
SCW-0570-1,SCW-0570,2026-07-24,,news,Medical Devices,Global,Manufacturers reported routine operations and balanced inventory positions across major distribution channels. Sector context: medical devices; region: global.,0.127,0,none,none,,test,1,template-generated synthetic scenario
SCW-0570-2,SCW-0570,2026-07-24,,social_media,Medical Devices,Global,Procurement discussions show typical lead times and stable availability for most monitored inputs. Sector context: medical devices; region: global.,0.088,0,none,none,,test,1,template-generated synthetic scenario
SCW-0570-3,SCW-0570,2026-07-24,,supplier_communication,Medical Devices,Global,Vendor communication confirms normal operating capacity and standard lead times for current purchase orders. Sector context: medical devices; region: global.,0.37,0,none,none,,test,1,template-generated synthetic scenario
SCW-0570-4,SCW-0570,2026-07-24,,financial_report,Medical Devices,Global,Risk commentary indicates standard operating conditions with no significant new supply constraints. Sector context: medical devices; region: global.,0.171,0,none,none,,test,1,template-generated synthetic scenario
SCW-0571-1,SCW-0571,2026-07-25,,news,Semiconductors,Latin America,"Industry output remained broadly stable this week, with normal freight flows and no material production interruptions reported. Sector context: semiconductors; region: latin america.",0.093,0,none,none,,test,1,template-generated synthetic scenario
SCW-0571-2,SCW-0571,2026-07-25,,social_media,Semiconductors,Latin America,Routine logistics updates indicate normal transit times and no unusual capacity constraints across key lanes. Sector context: semiconductors; region: latin america.,0.02,0,none,none,,test,1,template-generated synthetic scenario
SCW-0571-3,SCW-0571,2026-07-25,,supplier_communication,Semiconductors,Latin America,"Supplier update: production and shipment schedules remain on plan, with no material changes to committed delivery dates. Sector context: semiconductors; region: latin america.",0.231,0,none,none,,test,1,template-generated synthetic scenario
SCW-0571-4,SCW-0571,2026-07-25,,financial_report,Semiconductors,Latin America,Risk commentary indicates standard operating conditions with no significant new supply constraints. Sector context: semiconductors; region: latin america.,0.43,0,none,none,,test,1,template-generated synthetic scenario
SCW-0572-1,SCW-0572,2026-07-26,,news,Semiconductors,Global,Manufacturers reported routine operations and balanced inventory positions across major distribution channels. Sector context: semiconductors; region: global.,0.251,0,none,none,,test,1,template-generated synthetic scenario
SCW-0572-2,SCW-0572,2026-07-26,,social_media,Semiconductors,Global,Routine logistics updates indicate normal transit times and no unusual capacity constraints across key lanes. Sector context: semiconductors; region: global.,0.374,0,none,none,,test,1,template-generated synthetic scenario
SCW-0572-3,SCW-0572,2026-07-26,,supplier_communication,Semiconductors,Global,"Supplier update: production and shipment schedules remain on plan, with no material changes to committed delivery dates. Sector context: semiconductors; region: global.",0.228,0,none,none,,test,1,template-generated synthetic scenario
SCW-0572-4,SCW-0572,2026-07-26,,financial_report,Semiconductors,Global,Management reported stable operations and no material supply interruptions during the current reporting period. Sector context: semiconductors; region: global.,0.053,0,none,none,,test,1,template-generated synthetic scenario
SCW-0573-1,SCW-0573,2026-07-27,,news,Semiconductors,Global,Manufacturers reported routine operations and balanced inventory positions across major distribution channels. Sector context: semiconductors; region: global.,0.151,0,none,none,,test,1,template-generated synthetic scenario
SCW-0573-2,SCW-0573,2026-07-27,,social_media,Semiconductors,Global,Routine logistics updates indicate normal transit times and no unusual capacity constraints across key lanes. Sector context: semiconductors; region: global.,0.255,0,none,none,,test,1,template-generated synthetic scenario
SCW-0573-3,SCW-0573,2026-07-27,,supplier_communication,Semiconductors,Global,Vendor communication confirms normal operating capacity and standard lead times for current purchase orders. Sector context: semiconductors; region: global.,0.118,0,none,none,,test,1,template-generated synthetic scenario
SCW-0573-4,SCW-0573,2026-07-27,,financial_report,Semiconductors,Global,Risk commentary indicates standard operating conditions with no significant new supply constraints. Sector context: semiconductors; region: global.,0.229,0,none,none,,test,1,template-generated synthetic scenario
SCW-0574-1,SCW-0574,2026-07-28,,news,Pharmaceuticals,North America,"Industry output remained broadly stable this week, with normal freight flows and no material production interruptions reported. Sector context: pharmaceuticals; region: north america.",0.12,0,none,none,,test,1,template-generated synthetic scenario
SCW-0574-2,SCW-0574,2026-07-28,,social_media,Pharmaceuticals,North America,Procurement discussions show typical lead times and stable availability for most monitored inputs. Sector context: pharmaceuticals; region: north america.,0.196,0,none,none,,test,1,template-generated synthetic scenario
SCW-0574-3,SCW-0574,2026-07-28,,supplier_communication,Pharmaceuticals,North America,Vendor communication confirms normal operating capacity and standard lead times for current purchase orders. Sector context: pharmaceuticals; region: north america.,0.273,0,none,none,,test,1,template-generated synthetic scenario
SCW-0574-4,SCW-0574,2026-07-28,,financial_report,Pharmaceuticals,North America,Risk commentary indicates standard operating conditions with no significant new supply constraints. Sector context: pharmaceuticals; region: north america.,0.314,0,none,none,,test,1,template-generated synthetic scenario
SCW-0575-1,SCW-0575,2026-07-29,,news,Consumer Electronics,South Asia,Manufacturers reported routine operations and balanced inventory positions across major distribution channels. Sector context: consumer electronics; region: south asia.,0.328,0,none,none,,test,1,template-generated synthetic scenario
SCW-0575-2,SCW-0575,2026-07-29,,social_media,Consumer Electronics,South Asia,Procurement discussions show typical lead times and stable availability for most monitored inputs. Sector context: consumer electronics; region: south asia.,0.14,0,none,none,,test,1,template-generated synthetic scenario
SCW-0575-3,SCW-0575,2026-07-29,,supplier_communication,Consumer Electronics,South Asia,"Supplier update: production and shipment schedules remain on plan, with no material changes to committed delivery dates. Sector context: consumer electronics; region: south asia.",0.191,0,none,none,,test,1,template-generated synthetic scenario
SCW-0575-4,SCW-0575,2026-07-29,,financial_report,Consumer Electronics,South Asia,Management reported stable operations and no material supply interruptions during the current reporting period. Sector context: consumer electronics; region: south asia.,0.251,0,none,none,,test,1,template-generated synthetic scenario
SCW-0576-1,SCW-0576,2026-07-30,,news,Food & Beverage,Global,"Industry output remained broadly stable this week, with normal freight flows and no material production interruptions reported. Sector context: food & beverage; region: global.",0.074,0,none,none,,test,1,template-generated synthetic scenario
SCW-0576-2,SCW-0576,2026-07-30,,social_media,Food & Beverage,Global,Procurement discussions show typical lead times and stable availability for most monitored inputs. Sector context: food & beverage; region: global.,0.279,0,none,none,,test,1,template-generated synthetic scenario
SCW-0576-3,SCW-0576,2026-07-30,,supplier_communication,Food & Beverage,Global,Vendor communication confirms normal operating capacity and standard lead times for current purchase orders. Sector context: food & beverage; region: global.,0.173,0,none,none,,test,1,template-generated synthetic scenario
SCW-0576-4,SCW-0576,2026-07-30,,financial_report,Food & Beverage,Global,Management reported stable operations and no material supply interruptions during the current reporting period. Sector context: food & beverage; region: global.,0.251,0,none,none,,test,1,template-generated synthetic scenario
SCW-0577-1,SCW-0577,2026-07-31,,news,Consumer Electronics,Global,"Industry output remained broadly stable this week, with normal freight flows and no material production interruptions reported. Sector context: consumer electronics; region: global.",0.361,0,none,none,,test,1,template-generated synthetic scenario
SCW-0577-2,SCW-0577,2026-07-31,,social_media,Consumer Electronics,Global,Routine logistics updates indicate normal transit times and no unusual capacity constraints across key lanes. Sector context: consumer electronics; region: global.,0.146,0,none,none,,test,1,template-generated synthetic scenario
SCW-0577-3,SCW-0577,2026-07-31,,supplier_communication,Consumer Electronics,Global,Vendor communication confirms normal operating capacity and standard lead times for current purchase orders. Sector context: consumer electronics; region: global.,0.051,0,none,none,,test,1,template-generated synthetic scenario
SCW-0577-4,SCW-0577,2026-07-31,,financial_report,Consumer Electronics,Global,Risk commentary indicates standard operating conditions with no significant new supply constraints. Sector context: consumer electronics; region: global.,0.106,0,none,none,,test,1,template-generated synthetic scenario
SCW-0578-1,SCW-0578,2026-08-01,,news,Consumer Electronics,South Asia,"Industry output remained broadly stable this week, with normal freight flows and no material production interruptions reported. Sector context: consumer electronics; region: south asia.",0.267,0,none,none,,test,1,template-generated synthetic scenario
SCW-0578-2,SCW-0578,2026-08-01,,social_media,Consumer Electronics,South Asia,Routine logistics updates indicate normal transit times and no unusual capacity constraints across key lanes. Sector context: consumer electronics; region: south asia.,0.342,0,none,none,,test,1,template-generated synthetic scenario
SCW-0578-3,SCW-0578,2026-08-01,,supplier_communication,Consumer Electronics,South Asia,Vendor communication confirms normal operating capacity and standard lead times for current purchase orders. Sector context: consumer electronics; region: south asia.,0.173,0,none,none,,test,1,template-generated synthetic scenario
SCW-0578-4,SCW-0578,2026-08-01,,financial_report,Consumer Electronics,South Asia,Management reported stable operations and no material supply interruptions during the current reporting period. Sector context: consumer electronics; region: south asia.,0.121,0,none,none,,test,1,template-generated synthetic scenario
SCW-0579-1,SCW-0579,2026-08-02,,news,Consumer Electronics,Global,Manufacturers reported routine operations and balanced inventory positions across major distribution channels. Sector context: consumer electronics; region: global.,0.277,0,none,none,,test,1,template-generated synthetic scenario
SCW-0579-2,SCW-0579,2026-08-02,,social_media,Consumer Electronics,Global,Procurement discussions show typical lead times and stable availability for most monitored inputs. Sector context: consumer electronics; region: global.,0.308,0,none,none,,test,1,template-generated synthetic scenario
SCW-0579-3,SCW-0579,2026-08-02,,supplier_communication,Consumer Electronics,Global,Vendor communication confirms normal operating capacity and standard lead times for current purchase orders. Sector context: consumer electronics; region: global.,0.288,0,none,none,,test,1,template-generated synthetic scenario
SCW-0579-4,SCW-0579,2026-08-02,,financial_report,Consumer Electronics,Global,Risk commentary indicates standard operating conditions with no significant new supply constraints. Sector context: consumer electronics; region: global.,0.193,0,none,none,,test,1,template-generated synthetic scenario
SCW-0580-1,SCW-0580,2026-08-03,2026-08-08,news,Automotive,East Asia,"Emergency agencies reported flooding impacts near industrial zones, creating potential delays for inbound materials and outbound freight. Sector context: automotive; region: east asia.",0.804,1,natural_disaster,high,5,test,1,template-generated synthetic scenario
SCW-0580-2,SCW-0580,2026-08-03,2026-08-08,social_media,Automotive,East Asia,Local posts report road closures and power interruptions after extreme weather; trucks are being rerouted around the affected area. Sector context: automotive; region: east asia.,0.678,1,natural_disaster,high,5,test,1,template-generated synthetic scenario
SCW-0580-3,SCW-0580,2026-08-03,2026-08-08,supplier_communication,Automotive,East Asia,"Vendor update indicates temporary production disruption related to a severe storm, with revised delivery commitments expected shortly. Sector context: automotive; region: east asia.",0.817,1,natural_disaster,high,5,test,1,template-generated synthetic scenario
SCW-0580-4,SCW-0580,2026-08-03,2026-08-08,financial_report,Automotive,East Asia,Risk disclosure highlights possible supply interruption from flooding affecting facilities and third-party transportation. Sector context: automotive; region: east asia.,0.849,1,natural_disaster,high,5,test,1,template-generated synthetic scenario
SCW-0581-1,SCW-0581,2026-08-04,,news,Pharmaceuticals,East Asia,Manufacturers reported routine operations and balanced inventory positions across major distribution channels. Sector context: pharmaceuticals; region: east asia.,0.166,0,none,none,,test,1,template-generated synthetic scenario
SCW-0581-2,SCW-0581,2026-08-04,,social_media,Pharmaceuticals,East Asia,Procurement discussions show typical lead times and stable availability for most monitored inputs. Sector context: pharmaceuticals; region: east asia.,0.341,0,none,none,,test,1,template-generated synthetic scenario
SCW-0581-3,SCW-0581,2026-08-04,,supplier_communication,Pharmaceuticals,East Asia,Vendor communication confirms normal operating capacity and standard lead times for current purchase orders. Sector context: pharmaceuticals; region: east asia.,0.097,0,none,none,,test,1,template-generated synthetic scenario
SCW-0581-4,SCW-0581,2026-08-04,,financial_report,Pharmaceuticals,East Asia,Management reported stable operations and no material supply interruptions during the current reporting period. Sector context: pharmaceuticals; region: east asia.,0.331,0,none,none,,test,1,template-generated synthetic scenario
SCW-0582-1,SCW-0582,2026-08-05,2026-08-07,news,Pharmaceuticals,Middle East,"Escalating regional tensions are affecting shipping routes and insurance costs, with carriers considering alternate corridors. Sector context: pharmaceuticals; region: middle east.",0.731,1,geopolitical,medium,2,test,1,template-generated synthetic scenario
SCW-0582-2,SCW-0582,2026-08-05,2026-08-07,social_media,Pharmaceuticals,Middle East,Procurement professionals are discussing urgent alternate sourcing after new cross-border restrictions were announced. Sector context: pharmaceuticals; region: middle east.,0.633,1,geopolitical,medium,2,test,1,template-generated synthetic scenario
SCW-0582-3,SCW-0582,2026-08-05,2026-08-07,supplier_communication,Pharmaceuticals,Middle East,"Supplier update: geopolitical conditions may affect transit routes, lead times, and availability of selected inputs. Sector context: pharmaceuticals; region: middle east.",0.684,1,geopolitical,medium,2,test,1,template-generated synthetic scenario
SCW-0582-4,SCW-0582,2026-08-05,2026-08-07,financial_report,Pharmaceuticals,Middle East,Risk disclosures cite trade restrictions and regional conflict as potential drivers of supply interruption. Sector context: pharmaceuticals; region: middle east.,0.718,1,geopolitical,medium,2,test,1,template-generated synthetic scenario
SCW-0583-1,SCW-0583,2026-08-06,,news,Food & Beverage,Southeast Asia,Manufacturers reported routine operations and balanced inventory positions across major distribution channels. Sector context: food & beverage; region: southeast asia.,0.302,0,none,none,,test,1,template-generated synthetic scenario
SCW-0583-2,SCW-0583,2026-08-06,,social_media,Food & Beverage,Southeast Asia,Procurement discussions show typical lead times and stable availability for most monitored inputs. Sector context: food & beverage; region: southeast asia.,0.18,0,none,none,,test,1,template-generated synthetic scenario
SCW-0583-3,SCW-0583,2026-08-06,,supplier_communication,Food & Beverage,Southeast Asia,"Supplier update: production and shipment schedules remain on plan, with no material changes to committed delivery dates. Sector context: food & beverage; region: southeast asia.",0.035,0,none,none,,test,1,template-generated synthetic scenario
SCW-0583-4,SCW-0583,2026-08-06,,financial_report,Food & Beverage,Southeast Asia,Risk commentary indicates standard operating conditions with no significant new supply constraints. Sector context: food & beverage; region: southeast asia.,0.09,0,none,none,,test,1,template-generated synthetic scenario
SCW-0584-1,SCW-0584,2026-08-07,,news,Industrial Manufacturing,Latin America,Manufacturers reported routine operations and balanced inventory positions across major distribution channels. Sector context: industrial manufacturing; region: latin america.,0.14,0,none,none,,test,1,template-generated synthetic scenario
SCW-0584-2,SCW-0584,2026-08-07,,social_media,Industrial Manufacturing,Latin America,Procurement discussions show typical lead times and stable availability for most monitored inputs. Sector context: industrial manufacturing; region: latin america.,0.224,0,none,none,,test,1,template-generated synthetic scenario
SCW-0584-3,SCW-0584,2026-08-07,,supplier_communication,Industrial Manufacturing,Latin America,"Supplier update: production and shipment schedules remain on plan, with no material changes to committed delivery dates. Sector context: industrial manufacturing; region: latin america.",0.248,0,none,none,,test,1,template-generated synthetic scenario
SCW-0584-4,SCW-0584,2026-08-07,,financial_report,Industrial Manufacturing,Latin America,Management reported stable operations and no material supply interruptions during the current reporting period. Sector context: industrial manufacturing; region: latin america.,0.331,0,none,none,,test,1,template-generated synthetic scenario
SCW-0585-1,SCW-0585,2026-08-08,,news,Pharmaceuticals,Southeast Asia,"Industry output remained broadly stable this week, with normal freight flows and no material production interruptions reported. Sector context: pharmaceuticals; region: southeast asia.",0.22,0,none,none,,test,1,template-generated synthetic scenario
SCW-0585-2,SCW-0585,2026-08-08,,social_media,Pharmaceuticals,Southeast Asia,Procurement discussions show typical lead times and stable availability for most monitored inputs. Sector context: pharmaceuticals; region: southeast asia.,0.299,0,none,none,,test,1,template-generated synthetic scenario
SCW-0585-3,SCW-0585,2026-08-08,,supplier_communication,Pharmaceuticals,Southeast Asia,Vendor communication confirms normal operating capacity and standard lead times for current purchase orders. Sector context: pharmaceuticals; region: southeast asia.,0.188,0,none,none,,test,1,template-generated synthetic scenario
SCW-0585-4,SCW-0585,2026-08-08,,financial_report,Pharmaceuticals,Southeast Asia,Risk commentary indicates standard operating conditions with no significant new supply constraints. Sector context: pharmaceuticals; region: southeast asia.,0.085,0,none,none,,test,1,template-generated synthetic scenario
SCW-0586-1,SCW-0586,2026-08-09,,news,Retail,Europe,Manufacturers reported routine operations and balanced inventory positions across major distribution channels. Sector context: retail; region: europe.,0.094,0,none,none,,test,1,template-generated synthetic scenario
SCW-0586-2,SCW-0586,2026-08-09,,social_media,Retail,Europe,Routine logistics updates indicate normal transit times and no unusual capacity constraints across key lanes. Sector context: retail; region: europe.,0.154,0,none,none,,test,1,template-generated synthetic scenario
SCW-0586-3,SCW-0586,2026-08-09,,supplier_communication,Retail,Europe,Vendor communication confirms normal operating capacity and standard lead times for current purchase orders. Sector context: retail; region: europe.,0.054,0,none,none,,test,1,template-generated synthetic scenario
SCW-0586-4,SCW-0586,2026-08-09,,financial_report,Retail,Europe,Management reported stable operations and no material supply interruptions during the current reporting period. Sector context: retail; region: europe.,0.303,0,none,none,,test,1,template-generated synthetic scenario
SCW-0587-1,SCW-0587,2026-08-10,,news,Medical Devices,Southeast Asia,Manufacturers reported routine operations and balanced inventory positions across major distribution channels. Sector context: medical devices; region: southeast asia.,0.432,0,none,none,,test,1,template-generated synthetic scenario
SCW-0587-2,SCW-0587,2026-08-10,,social_media,Medical Devices,Southeast Asia,Procurement discussions show typical lead times and stable availability for most monitored inputs. Sector context: medical devices; region: southeast asia.,0.091,0,none,none,,test,1,template-generated synthetic scenario
SCW-0587-3,SCW-0587,2026-08-10,,supplier_communication,Medical Devices,Southeast Asia,Vendor communication confirms normal operating capacity and standard lead times for current purchase orders. Sector context: medical devices; region: southeast asia.,0.03,0,none,none,,test,1,template-generated synthetic scenario
SCW-0587-4,SCW-0587,2026-08-10,,financial_report,Medical Devices,Southeast Asia,Management reported stable operations and no material supply interruptions during the current reporting period. Sector context: medical devices; region: southeast asia.,0.163,0,none,none,,test,1,template-generated synthetic scenario
SCW-0588-1,SCW-0588,2026-08-11,,news,Pharmaceuticals,Southeast Asia,Manufacturers reported routine operations and balanced inventory positions across major distribution channels. Sector context: pharmaceuticals; region: southeast asia.,0.317,0,none,none,,test,1,template-generated synthetic scenario
SCW-0588-2,SCW-0588,2026-08-11,,social_media,Pharmaceuticals,Southeast Asia,Procurement discussions show typical lead times and stable availability for most monitored inputs. Sector context: pharmaceuticals; region: southeast asia.,0.2,0,none,none,,test,1,template-generated synthetic scenario
SCW-0588-3,SCW-0588,2026-08-11,,supplier_communication,Pharmaceuticals,Southeast Asia,"Supplier update: production and shipment schedules remain on plan, with no material changes to committed delivery dates. Sector context: pharmaceuticals; region: southeast asia.",0.199,0,none,none,,test,1,template-generated synthetic scenario
SCW-0588-4,SCW-0588,2026-08-11,,financial_report,Pharmaceuticals,Southeast Asia,Risk commentary indicates standard operating conditions with no significant new supply constraints. Sector context: pharmaceuticals; region: southeast asia.,0.383,0,none,none,,test,1,template-generated synthetic scenario
SCW-0589-1,SCW-0589,2026-08-12,,news,Apparel,North America,"Industry output remained broadly stable this week, with normal freight flows and no material production interruptions reported. Sector context: apparel; region: north america.",0.185,0,none,none,,test,1,template-generated synthetic scenario
SCW-0589-2,SCW-0589,2026-08-12,,social_media,Apparel,North America,Procurement discussions show typical lead times and stable availability for most monitored inputs. Sector context: apparel; region: north america.,0.245,0,none,none,,test,1,template-generated synthetic scenario
SCW-0589-3,SCW-0589,2026-08-12,,supplier_communication,Apparel,North America,"Supplier update: production and shipment schedules remain on plan, with no material changes to committed delivery dates. Sector context: apparel; region: north america.",0.148,0,none,none,,test,1,template-generated synthetic scenario
SCW-0589-4,SCW-0589,2026-08-12,,financial_report,Apparel,North America,Management reported stable operations and no material supply interruptions during the current reporting period. Sector context: apparel; region: north america.,0.024,0,none,none,,test,1,template-generated synthetic scenario
SCW-0590-1,SCW-0590,2026-08-13,,news,Energy,East Asia,"Industry output remained broadly stable this week, with normal freight flows and no material production interruptions reported. Sector context: energy; region: east asia.",0.193,0,none,none,,test,1,template-generated synthetic scenario
SCW-0590-2,SCW-0590,2026-08-13,,social_media,Energy,East Asia,Procurement discussions show typical lead times and stable availability for most monitored inputs. Sector context: energy; region: east asia.,0.313,0,none,none,,test,1,template-generated synthetic scenario
SCW-0590-3,SCW-0590,2026-08-13,,supplier_communication,Energy,East Asia,Vendor communication confirms normal operating capacity and standard lead times for current purchase orders. Sector context: energy; region: east asia.,0.133,0,none,none,,test,1,template-generated synthetic scenario
SCW-0590-4,SCW-0590,2026-08-13,,financial_report,Energy,East Asia,Risk commentary indicates standard operating conditions with no significant new supply constraints. Sector context: energy; region: east asia.,0.153,0,none,none,,test,1,template-generated synthetic scenario
SCW-0591-1,SCW-0591,2026-08-14,,news,Logistics,Middle East,Manufacturers reported routine operations and balanced inventory positions across major distribution channels. Sector context: logistics; region: middle east.,0.304,0,none,none,,test,1,template-generated synthetic scenario
SCW-0591-2,SCW-0591,2026-08-14,,social_media,Logistics,Middle East,Routine logistics updates indicate normal transit times and no unusual capacity constraints across key lanes. Sector context: logistics; region: middle east.,0.182,0,none,none,,test,1,template-generated synthetic scenario
SCW-0591-3,SCW-0591,2026-08-14,,supplier_communication,Logistics,Middle East,"Supplier update: production and shipment schedules remain on plan, with no material changes to committed delivery dates. Sector context: logistics; region: middle east.",0.249,0,none,none,,test,1,template-generated synthetic scenario
SCW-0591-4,SCW-0591,2026-08-14,,financial_report,Logistics,Middle East,Risk commentary indicates standard operating conditions with no significant new supply constraints. Sector context: logistics; region: middle east.,0.172,0,none,none,,test,1,template-generated synthetic scenario
SCW-0592-1,SCW-0592,2026-08-15,,news,Logistics,Latin America,"Industry output remained broadly stable this week, with normal freight flows and no material production interruptions reported. Sector context: logistics; region: latin america.",0.041,0,none,none,,test,1,template-generated synthetic scenario
SCW-0592-2,SCW-0592,2026-08-15,,social_media,Logistics,Latin America,Routine logistics updates indicate normal transit times and no unusual capacity constraints across key lanes. Sector context: logistics; region: latin america.,0.232,0,none,none,,test,1,template-generated synthetic scenario
SCW-0592-3,SCW-0592,2026-08-15,,supplier_communication,Logistics,Latin America,Vendor communication confirms normal operating capacity and standard lead times for current purchase orders. Sector context: logistics; region: latin america.,0.174,0,none,none,,test,1,template-generated synthetic scenario
SCW-0592-4,SCW-0592,2026-08-15,,financial_report,Logistics,Latin America,Management reported stable operations and no material supply interruptions during the current reporting period. Sector context: logistics; region: latin america.,0.119,0,none,none,,test,1,template-generated synthetic scenario
SCW-0593-1,SCW-0593,2026-08-16,2026-08-29,news,Apparel,Global,"Escalating regional tensions are affecting shipping routes and insurance costs, with carriers considering alternate corridors. Sector context: apparel; region: global.",0.571,1,geopolitical,low,13,test,1,template-generated synthetic scenario
SCW-0593-2,SCW-0593,2026-08-16,2026-08-29,social_media,Apparel,Global,Procurement professionals are discussing urgent alternate sourcing after new cross-border restrictions were announced. Sector context: apparel; region: global.,0.625,1,geopolitical,low,13,test,1,template-generated synthetic scenario
SCW-0593-3,SCW-0593,2026-08-16,2026-08-29,supplier_communication,Apparel,Global,Vendor notice indicates contingency routing is being evaluated due to regional security and trade restrictions. Sector context: apparel; region: global.,0.509,1,geopolitical,low,13,test,1,template-generated synthetic scenario
SCW-0593-4,SCW-0593,2026-08-16,2026-08-29,financial_report,Apparel,Global,"Management identified geopolitical instability as a material risk to sourcing continuity, freight costs, and supplier availability. Sector context: apparel; region: global.",0.723,1,geopolitical,low,13,test,1,template-generated synthetic scenario
SCW-0594-1,SCW-0594,2026-08-17,,news,Energy,East Asia,Manufacturers reported routine operations and balanced inventory positions across major distribution channels. Sector context: energy; region: east asia.,0.354,0,none,none,,test,1,template-generated synthetic scenario
SCW-0594-2,SCW-0594,2026-08-17,,social_media,Energy,East Asia,Procurement discussions show typical lead times and stable availability for most monitored inputs. Sector context: energy; region: east asia.,0.147,0,none,none,,test,1,template-generated synthetic scenario
SCW-0594-3,SCW-0594,2026-08-17,,supplier_communication,Energy,East Asia,Vendor communication confirms normal operating capacity and standard lead times for current purchase orders. Sector context: energy; region: east asia.,0.246,0,none,none,,test,1,template-generated synthetic scenario
SCW-0594-4,SCW-0594,2026-08-17,,financial_report,Energy,East Asia,Risk commentary indicates standard operating conditions with no significant new supply constraints. Sector context: energy; region: east asia.,0.135,0,none,none,,test,1,template-generated synthetic scenario
SCW-0595-1,SCW-0595,2026-08-18,,news,Pharmaceuticals,South Asia,"Industry output remained broadly stable this week, with normal freight flows and no material production interruptions reported. Sector context: pharmaceuticals; region: south asia.",0.135,0,none,none,,test,1,template-generated synthetic scenario
SCW-0595-2,SCW-0595,2026-08-18,,social_media,Pharmaceuticals,South Asia,Procurement discussions show typical lead times and stable availability for most monitored inputs. Sector context: pharmaceuticals; region: south asia.,0.478,0,none,none,,test,1,template-generated synthetic scenario
SCW-0595-3,SCW-0595,2026-08-18,,supplier_communication,Pharmaceuticals,South Asia,Vendor communication confirms normal operating capacity and standard lead times for current purchase orders. Sector context: pharmaceuticals; region: south asia.,0.13,0,none,none,,test,1,template-generated synthetic scenario
SCW-0595-4,SCW-0595,2026-08-18,,financial_report,Pharmaceuticals,South Asia,Risk commentary indicates standard operating conditions with no significant new supply constraints. Sector context: pharmaceuticals; region: south asia.,0.226,0,none,none,,test,1,template-generated synthetic scenario
SCW-0596-1,SCW-0596,2026-08-19,2026-09-02,news,Consumer Electronics,South Asia,New trade restrictions linked to geopolitical tensions may limit access to selected materials and components. Sector context: consumer electronics; region: south asia.,0.696,1,geopolitical,medium,14,test,1,template-generated synthetic scenario
SCW-0596-2,SCW-0596,2026-08-19,2026-09-02,social_media,Consumer Electronics,South Asia,Freight forums report route diversions and rising spot rates as carriers avoid a high-risk corridor. Sector context: consumer electronics; region: south asia.,0.748,1,geopolitical,medium,14,test,1,template-generated synthetic scenario
SCW-0596-3,SCW-0596,2026-08-19,2026-09-02,supplier_communication,Consumer Electronics,South Asia,"Supplier update: geopolitical conditions may affect transit routes, lead times, and availability of selected inputs. Sector context: consumer electronics; region: south asia.",0.737,1,geopolitical,medium,14,test,1,template-generated synthetic scenario
SCW-0596-4,SCW-0596,2026-08-19,2026-09-02,financial_report,Consumer Electronics,South Asia,Risk disclosures cite trade restrictions and regional conflict as potential drivers of supply interruption. Sector context: consumer electronics; region: south asia.,0.682,1,geopolitical,medium,14,test,1,template-generated synthetic scenario
SCW-0597-1,SCW-0597,2026-08-20,,news,Food & Beverage,Global,"Industry output remained broadly stable this week, with normal freight flows and no material production interruptions reported. Sector context: food & beverage; region: global.",0.429,0,none,none,,test,1,template-generated synthetic scenario
SCW-0597-2,SCW-0597,2026-08-20,,social_media,Food & Beverage,Global,Routine logistics updates indicate normal transit times and no unusual capacity constraints across key lanes. Sector context: food & beverage; region: global.,0.089,0,none,none,,test,1,template-generated synthetic scenario
SCW-0597-3,SCW-0597,2026-08-20,,supplier_communication,Food & Beverage,Global,"Supplier update: production and shipment schedules remain on plan, with no material changes to committed delivery dates. Sector context: food & beverage; region: global.",0.223,0,none,none,,test,1,template-generated synthetic scenario
SCW-0597-4,SCW-0597,2026-08-20,,financial_report,Food & Beverage,Global,Management reported stable operations and no material supply interruptions during the current reporting period. Sector context: food & beverage; region: global.,0.25,0,none,none,,test,1,template-generated synthetic scenario
SCW-0598-1,SCW-0598,2026-08-21,,news,Semiconductors,Southeast Asia,Manufacturers reported routine operations and balanced inventory positions across major distribution channels. Sector context: semiconductors; region: southeast asia.,0.143,0,none,none,,test,1,template-generated synthetic scenario
SCW-0598-2,SCW-0598,2026-08-21,,social_media,Semiconductors,Southeast Asia,Routine logistics updates indicate normal transit times and no unusual capacity constraints across key lanes. Sector context: semiconductors; region: southeast asia.,0.27,0,none,none,,test,1,template-generated synthetic scenario
SCW-0598-3,SCW-0598,2026-08-21,,supplier_communication,Semiconductors,Southeast Asia,"Supplier update: production and shipment schedules remain on plan, with no material changes to committed delivery dates. Sector context: semiconductors; region: southeast asia.",0.223,0,none,none,,test,1,template-generated synthetic scenario
SCW-0598-4,SCW-0598,2026-08-21,,financial_report,Semiconductors,Southeast Asia,Risk commentary indicates standard operating conditions with no significant new supply constraints. Sector context: semiconductors; region: southeast asia.,0.128,0,none,none,,test,1,template-generated synthetic scenario
SCW-0599-1,SCW-0599,2026-08-22,2026-09-05,news,Medical Devices,Southeast Asia,Industry reports indicate a major supplier has initiated restructuring while customers assess continuity risks. Sector context: medical devices; region: southeast asia.,0.726,1,supplier_failure,medium,14,test,1,template-generated synthetic scenario
SCW-0599-2,SCW-0599,2026-08-22,2026-09-05,social_media,Medical Devices,Southeast Asia,Multiple procurement discussions mention missed commitments and reduced availability from a shared upstream supplier. Sector context: medical devices; region: southeast asia.,0.602,1,supplier_failure,medium,14,test,1,template-generated synthetic scenario
SCW-0599-3,SCW-0599,2026-08-22,2026-09-05,supplier_communication,Medical Devices,Southeast Asia,Vendor communication states that production throughput has declined and allocation controls may be introduced. Sector context: medical devices; region: southeast asia.,0.73,1,supplier_failure,medium,14,test,1,template-generated synthetic scenario
SCW-0599-4,SCW-0599,2026-08-22,2026-09-05,financial_report,Medical Devices,Southeast Asia,Financial commentary identifies liquidity and capacity constraints that could affect fulfillment of customer orders. Sector context: medical devices; region: southeast asia.,0.621,1,supplier_failure,medium,14,test,1,template-generated synthetic scenario
SCW-0600-1,SCW-0600,2026-08-23,,news,Automotive,South Asia,"Industry output remained broadly stable this week, with normal freight flows and no material production interruptions reported. Sector context: automotive; region: south asia.",0.3,0,none,none,,test,1,template-generated synthetic scenario
SCW-0600-2,SCW-0600,2026-08-23,,social_media,Automotive,South Asia,Procurement discussions show typical lead times and stable availability for most monitored inputs. Sector context: automotive; region: south asia.,0.396,0,none,none,,test,1,template-generated synthetic scenario
SCW-0600-3,SCW-0600,2026-08-23,,supplier_communication,Automotive,South Asia,Vendor communication confirms normal operating capacity and standard lead times for current purchase orders. Sector context: automotive; region: south asia.,0.02,0,none,none,,test,1,template-generated synthetic scenario
SCW-0600-4,SCW-0600,2026-08-23,,financial_report,Automotive,South Asia,Management reported stable operations and no material supply interruptions during the current reporting period. Sector context: automotive; region: south asia.,0.274,0,none,none,,test,1,template-generated synthetic scenario
